:020000040000FA
:20000000009000208D380000E73300004730000053320000533200005332000053320000C6
:20002000533200005332000053320000533200005332000053320000533200005332000098
:20004000533200005332000053320000533200005332000053320000533200005332000078
:20006000533200005332000053320000533200005332000053320000533200005332000058
:20008000533200005332000053320000F0B58DB00446C26A016C03F050F8E16F4A1C904249
:2000A00001D93526AAE1002813D08800226C17180837891C384603F006FCA168384603F05F
:2000C00059FB002807D0E56F691C884205D9C62694E1532692E16C2690E1217866260229AC
:2000E00000D28BE1052900D988E101260329334600D30023216C0A6832405A400C9680263D
:20010000A2510990E06720463A460B4602F016FB20784000001F0C9F39468140A151216C71
:2001200020460A4603F05EF8E567E16C20463A4603F02BFBA36FE56F626EA06EE16C009502
:20014000B04DA847A36FE66FA26EE06EE16C0096A847A36FE66FA06EE26EE16C0096A84785
:20016000226B216F204602F0E8FFE56FA84201D93C2643E100280FD0A36FE26E216F606CC0
:2001800003F032FC626B216F204602F0D6FFE56FA84203D9652631E1C3262FE10646002890
:2001A0000FD0A36FA26E216FA06C03F01DFCE268E16E204602F0C1FFE56FAE4203D95C2643
:2001C0001CE156261AE126468036A36FA26EE16E206F03F009FCA36FE56FE26C206D216FC0
:2001E00003F002FCE06F421C0B963260666D00252778B81E0123194681408D4209DA616CFE
:20020000304603F04BFB0B980268900036186D1CEEE70C93A06D00250B9EBB1E0C99994015
:200220008D4206DAA16C074603F038FB03F03DFBF3E7E06D0025BB1E0C9999408D4206DA12
:20024000E16C074603F02AFB03F02FFBF3E70A9709984001421C216C08788007C60F00208B
:200260000890099003460C9F0292BA4272D93D4637460793501B0A9EB04232460B9B00D8E9
:2002800002461A6020462A4602F0FEFE09994018C1B2731E012632469A4091420C9501DA12
:2002A000084600E0404291420696354600DA002529460A9A914008180006800D001F0421CA
:2002C0008843FEB2B7005249C919089A52008918495D89004F4A925D891808180B99086056
:2002E000204600F0A3F86A0005924B480497C1198918099A8A5C4948C11920780A90801E9F
:200300000390095C0C9F7F181F233B4079098D00216C4D59DD40069805400992554005234C
:200320005D430A2070433E4A10184019142575433C4A5519039A5343EA18079BD35CC65C2A
:200340003948049A8018059A8018089A825C0892029A8AE7099801280A9810D1089880001B
:20036000C01C0B9E3060284D2046A847012030602046A847022030602046A847207899263A
:2003800003283BD3811E01200C908840FE300021C9430A910B9D0C992960C7B2002F11D0AB
:2003A0007A1C2046394601F03BF80C9828602078801E0A998140C94320463A4601F030F8CD
:2003C000781EE8E72078801E0A9F39468140CA430021099120460D4B98470C982860207870
:2003E000801E8740FA432046099F3946074B98470C9A2A6020463946044B984730460DB027
:20040000F0BDC046810700002D04000021140000423D0000C43D0000123D00002A3D000005
:20042000703B0000043A00005A3D0000F0B589B00446802025580395E06DE26F616F636C22
:2004400008930791E908531C4B43D9B28F00C0190690A807060F05A88159A36F206E009275
:20046000C44D0A46A847E06E616E08910790069105A88059A36FE26FA16C0092BE4D0A4665
:20048000A847E06E216FA26C636E08930791069205A98959E26D236EE56C08950793D21902
:2004A0000497069205AA03F06BFAB24DA847606EE16EE26C06AB07C305A88059E26F521CE9
:2004C00003F0ECF9E06E216F08900791069005A88059A36FE26F216E00920A46A64DA84764
:2004E000206FA16E08910790069005A88059A16D226E636E08930792C919069105A9895966
:20050000A26CE36C656F08920795069305AA03F037FA984DA847206E616F0891079006910F
:2005200005A88059A36FA16EE26F00920A46924DA847234660330ECB08920791069305A8C6
:200540008759E56C606F08900795069105A9895908930790069205A88259A36FE06F0090FD
:200560003846844DA847226E606E616F06AB07C305A88559A36FE16EE06F009028467E4F8E
:20058000B847A36FE06F226D216E00902846B847E06C616E226E06AB07C305A88159E06EE5
:2005A000626FA36E06AD0DC505A88059A36FE26F00920A466F4DA847616EA26DE56E089590
:2005C000049FD2190792069105A988590290216F226E636F08930792069105A98959E26DA0
:2005E000636C0893D2190792069505AA03F0C8F9604DA847606EE16DE26E0892C9190791F3
:20060000069005A88059E16F4A1C029903F046F9E06E216D08910790069105A88159206E83
:20062000226F08920790069205A88059A36FE26F00920A46504DA847606E616FA26E06ABAA
:2006400007C305A88059216EE36E08930791069205A98A59A36FE16F0091484D0146A84750
:20066000226F216E206D08900791069205A88059636E06AD0EC505A98959636CA76E08921A
:200680000797069305AA03F076F93A4DA847616F606D626C0892049D40190790069105A8C2
:2006A0008059A26E08920791069205A98959226FE36E08930792069305AA03F05CF92F4FD3
:2006C000B847E16E606F08900791069005A88059626D636C089352190792069305AA03F039
:2006E0004AF9264FB847616FA06EE26E08920790069105A88059636D0891079259190691BC
:2007000005A98959636E276E08970793069205AA03F031F9174FB847616FA06DA26C08925C
:2007200040190790069105A880590490A06EE26E636E079306920425039F3D402D1D05AF71
:200740007F5908970790069105A88159206F276E0792069305AA525908920797069005A842
:200760008259A36FE06F00900498044CA04709B0F0BDC0468107000025090000AD09000002
:20078000F8B444464D4656465F46F0B400B501B40B9B5B005B1C6C469B00E31A9D4610B4D8
:2007A0006C46241D00266D46009CE36A2D1D9B00EE505B00EE50E36A013B9B0098465B006B
:2007C0009946002300240025002702E0370040463F1A9A46A346AC46B646F01B1458C85960
:2007E000030C80B2250CA4B21E006E436343454360431C041B0C00195E412C042D0C001910
:200800006E4153465C4665461B1874410020454176460437474501DCB742DADD6846001DDA
:20082000835123462C46002504364645CCDD4E45CCDD8351009B9969083102464E4604367A
:200840001068009B9C6924684443A14600270023002400259A46A346AC46B6464C46C85989
:20086000030C80B2250CA4B21E006E436343454360431C041B0C00195E412C042D0C00198F
:200880006E4153465C4665461B18744100204541D0591B18002044414541002F02D0043F6A
:2008A000D35104370437764623462C4600254745D0DD301D8742EBDD043FD351043E464597
:2008C00000DDBDE710BC2068E36A9B46024691466846012720C840C97F08B5417F4120C210
:2008E000013BF7D105682F430126F741FF17FE4368463840494631400843494639406D4633
:20090000354029435B4604C904C0013BFBD1A54603BC8E46F0BCA046A946B246BB46F8BC10
:200920007047C046F0B444464D46564670B48146079CA246002720C940CA7F0875417F4110
:2009400020C0013CF7D1B8464846083354466A46A400141BA54604B46A46121D544601278A
:2009600020C840CB7F08B5417F4120C2013CF7D1424617430126F741FF17FE43484669468B
:20098000091D0D46384031400843494631403D402943544604C904C0013CFBD101BC854605
:2009A00070BCA046A946B246F0BC7047F0B444464D46564670B48146079CA246012720C9F7
:2009C00040CA7F08B5417F4120C0013CF7D1B8464846083354466A46A400141BA54604B464
:2009E0006A46121D5446002720C840CB7F0875417F4120C2013CF7D147460126F741FF177E
:200A0000FE4348466946091D0D463040394008434946394035402943544604C904C0013C5A
:200A2000FBD101BC854670BCA046A946B246F0BC7047C046F0B444464D4630B488469946AE
:200A40006C469B00E31A9D4610B46C46241D4B460832012720C940CA7F08B5417F4120C4AB
:200A6000013BF7D16A46121D0125EF41FF17FD43414629403A4011434B4610C910C0013BB3
:200A8000FBD101BC854630BCA046A946F0BC7047F0B58FB00E9316460D9104468168856A3D
:200AA000284602F08CFDE067002804D00746FF2803D9282043E16C2041E1287AC00701D165
:200AC00082203CE1781C81006858002839D0099615980B9020460E460C9129463A4601F033
:200AE0003BFBF8000895451908352046294601F09DFBA36FE06F0090A819061D3046294678
:200B00002A46FFF70FFFE06F4001802160500C983018011D20460A9632460E462B4601F042
:200B200039FD0146E06F421C284602F0B7FE204631460B9A02F001FBE26F904203D92220C5
:200B4000FDE02320FBE0002833D00C9830180690314607960B9525468035A36F00920A9ECD
:200B600030460B9AFFF70CFE2078801E0321059181400C31049529602046314600F038FD48
:200B80000146E06F421C304602F088FEA36FE06F00900798069D31460B9AFFF7F1FD2046DA
:200BA00029460E9A02F0C9FAE16F884203D92720C5E02120C3E000282DD02E4614980390CB
:200BC0000C9828180E90A36F00910B9D28463146079AFFF7D5FD01222046314602F0D5FD36
:200BE000A36FE06F00900E9829463246FFF7C8FDE16F02C5A26FE36F029528460E99FFF7A0
:200C000019FF20463146039A02F097FAE16F884203D9112093E0722091E0002800D18DE0BC
:200C20000C9A0E988018801880180C90A36F00910A9E3046069D2946079AFFF7A1FD0122D9
:200C40002046294602F0A1FDA36FE06F00900E9831462A46FFF794FDE16F3046079E02C0FD
:200C6000A26FE36F01900E99FFF7E4FE6069A1690C9AA2620B9DE56220636163204601F0F7
:200C800081F999285BD102F0C6FD41180C31304602F004FE02F0A3FC41180C31069802F081
:200CA000FDFD2046FFF7F2F9992848D120460E9902F0D0FA0A98E0620D98206309986063E0
:200CC00002F0A9FD40180C30314602F0E7FD02F086FC40180C30069902F0E0FD2046FFF7C9
:200CE000D5F999282BD178000D900220049908600026204631460E9A00F092FBA5630A985B
:200D0000E063204600F0CCFF089DA562E76FA168284602F054FC0246E0672046294601F05F
:200D20001BFA0D983818800040190C30791CE26F531C994206D240C0491CF8E71220C0B2A4
:200D40000FB0F0BD0A9D2A60A26FE36F01980299FFF770FEE06F421C2846039902F0A6FCB0
:200D600001465A200029EAD0C043E8E7F0B5FFB08CB00493154606468A910468204602F050
:200D8000BEFD002189912218909800900292944244D285A80022027303928592641C0F46A6
:200DA000601E0078002834D0252806D034602946049A9047641C7F1CF2E7601C01903060E5
:200DC0008997207885A908730399CB43732809D18AA989AA28461C46049B00F021F823464C
:200DE000899911E005AC85A98AAA2046039300F035F8024620462946009B9847039B411C22
:200E0000194600D0C1198991029A019C481CBED100E03B4618467FB00CB0F0BD0B46F9E7FB
:200E2000F8B504460868051D0D600668002E11D0009414461D46304602F061FD0746206853
:200E4000C01920600024BC4207DA305D0099A847641CF8E7002021469847F8BDF0B585B0CD
:200E600000920E46044600250395FF270197FE372022394602F00CFC0295E5557F208000E7
:200E800020180490317B252950D0E719782915D0642913D06F2911D06329019B1FD1009D48
:200EA00029680A1D2A60096801701846FC3020180490C8B241424141029110E003A904AA5C
:200EC0003046009B00F038F803980028019B06D004982D210170401E0021029100E00498C3
:200EE000391A0029254601DC611A4D1C411C5B0000262846324602F01AFB029F002F01D0DE
:200F00000670401CA04206D8211A491C401E202202F0BEFB2670291B2022204602F0B8FB2D
:200F2000204602F0ECFCC01905B0F0BD00206070252020700120F7E7F8B514460D460646CC
:200F4000077B194600F014F8317B642904D1002802D50121296040426F2F01D00A2100E000
:200F60000821782F00D11021224600F011F8F8BD007B642805D06F2803D0782801D070283A
:200F800004D10868021D0A600068704700207047F8B514460D460646002804D12068411E03
:200FA0002160302101700A4F002E0DD03046294600F010F821684A1E22602A464243B21A79
:200FC000BA5C0A700646EFE7206802F098FCF8BDF03C000080B5102903D0082903D1C00862
:200FE00080BD000980BD02F02FF880BDF0B58FB006910446844800680B906021204602F0AB
:201000004FFB099420340025814F824E022D10D0284602F05FFCC0B2214602F025FA0028F4
:2010200004D07A483946324601F0CAFF2C346D1CECE70024099E3546022C0DD000233046C3
:2010400021462A4602F0EAF8002802D12C35641CF2E7002C00D1C5E00CA8002707803446B2
:201060003D46022D0CD0216A204602F0E9F9002803D00CA8012141557F1C2C346D1CF0E75B
:20108000002F00D19CE0002005900897B84200D198E00A9000203146024603461E461546BC
:2010A000022822D00CAA125C002A08D0002E09D0327D0B7D934202460B4605D807D22A461C
:2010C000334601E002460B462C31401CE6E7727D4B7D934202460B46F6D8F0D3F28ACB8A10
:2010E000934202460B46EAD9EEE74748046800273846294602F0F5FBC0B20DA902F0B4F932
:20110000002851D12C206843099908180B9000242046294602F0E5FBC0B20EA902F0A4F9AE
:20112000002826D00B9A107CC00637D40D9B012007900002384900910190029403940494C5
:2011400020462146144600F06BF80B900D9920460C4602F075F9002804D0304800680B993C
:2011600081421DD0A2680021204601F093FE079815E00E9802F07AFB079404460E9801F08F
:20118000F8FF079803460B9A042807D0115C401CA142F9D0401E03281C46C4D901200B900F
:2011A0000D9801F0E6FF0B9C1C48006884420B940AD00CA847550A98401C099E089F65E71A
:2011C000032712E0059F10E0002E0DD0069A16602C206843099E3018006A4178117140680B
:2011E000906002E0074600E0099E4C2420460C3004D0305901F0BDFF2C3CF7E7002F0B9815
:2012000000D038460FB0F0BD54250020D73A0000DF3A0000F4080000202100205825002057
:20122000F0B5C1B00793144678480068029002F071FA4898002804D04999012901DB02F0D7
:2012400075FA4A98039047980690469F2089E168081804946189401800260590B04213D9CB
:20126000801B069CA04200D80446079831463A46234602F0C3F900280BD13846214602F0A5
:2012800055FAA6190598E9E708A802F037FA002500E0054601F033F8002D00D0B2E003986A
:2012A000002803D008A9202202F096FB0026009630A8574B0499079A01F01EF905460028CE
:2012C00000D09FE0534800680690F7433C4605960396264630A838A937AA36AB01F066F800
:2012E000002800D57EE000D07EE036A8008822281ED1002E3C46ECD4069886423C46E8DAAC
:2013000037A80388802B00D976E0389910AA079802F074F9002865D137A80388F0B2009006
:2013200008A8202110AA00F0BBFB02903C46D0E701281CD010283446CBD137A8008820287F
:201340005AD1389910AA2023079802F057F9002848D108A810A9202202F032FB05462E48E7
:2013600000680121059185423446B2D04AE037A80388202B40D8389910AA079802F03EF940
:2013800000282FD137A80578202D3C46A1D8039C0495069884421FDAE00020490D5808181E
:2013A000466802F0B7F931682846049D02F0BEF939A802F0A3F9002D10D010A839A92A4606
:2013C00003780E789E4205D1521E491C401C002AF6D104E0641CDCE73C4600E0002400F097
:2013E0008EFF76E705460DE00598002806D00A480068029F874203D13D4603E0012501E0CB
:2014000002480568284641B0F0BDC04654250020FFFF0000CC3D000058250020B43D0000D5
:20142000FEB51646044680202058E76F7A1C022808D001280CD0002815D1666CA06C0190CB
:20144000E06C03E0900033180193181802900DE05643B000636DA66DE56D2D180295351898
:2014600001951E1802E0002601960296A36FE06EE56D009751438F00E9195B4D0A46A84714
:20148000A36FE16FE26E206E00913146A84702F013FA0199A8472E46A36FE56FE26E216FD3
:2014A000606E0095B0473546A36FE16FE06E0091029E31463246A847A36FE16FE26E206F57
:2014C000656D0091E919484DA847474DA36FE06F616DA26D0090C819D1193246A847A36F7D
:2014E000E06FE26E616DA56D0090E819C9193E4DA847A36FE06F226E216F656D0090E8199C
:201500003A4DA84702F0D8F93146374EB047A36FE06F226F616DE56D0090E819C919B04723
:20152000A36FE16F626E206FA56D0091E9192F4DA847A36FE16FE06E626D0091D1190A4690
:20154000B047A36FE26F216FA06E00920A46B047A36FE06FE26E216EA56D0090E819B047E0
:20156000A36FE26FE16E206E656D0092EA19B047A36FE16F226EA06E009101461B4EB04795
:20158000A36FE16FE06EA26D0091D1190A46FFF7C9F9A36FE06FA16EE26E656D0090E819E6
:2015A000B047A36FE16FA06E626DA56D0091E919D219B047216F2546743529CDA26E00952F
:2015C000094EB047A36FE56F226E616EE06E0095B047616FA36FE06FE26EA46D0090E01903
:2015E000024CA047FEBDC04681070000AD090000F0B589B00391C16F082901D3052600E005
:201600000426032900D2032602468032089200220123079008981CB2A64209D3641E01252E
:20162000A540EC1C0568A54200D31A465B1CF2E7D0B2441E01274B1C9A00A3409B00039DBB
:20164000EB1804939E18B21806920290022807D30798836F0091069829462A46FFF790F825
:201660003846A04005902C46079D38B2059981420FDDAB6FE86F009080000019001D21460C
:20168000069AFFF77DF8E86F80000019041D7F1CEBE7A86F8468A01E0899086028460699EA
:2016A0000F4602F089F9611E484248410121EA6F0BB29A4210D9AC6F9A0013199B68C4B278
:2016C000012C06D10020002B01D05B1E01E0C3430120BB50491CEAE7521C0498039902F090
:2016E000DDF8A96FE86F820051184A6800213B46002A02D0491C5208FAE7400141182239D6
:201700000498044608B200284FD41F2008408AB20F46510989005958C140C80738D00597BE
:201720000898029901602846194601F0C3F9049000252746E8B20899096881420CD907987A
:20174000836FC06F0090304639463A46FFF718F86D1C34463E46ECE7079DAB6FE86F00905E
:201760000499491E8AB2D20B8918490889B2401C4843800003990A1830463946FFF700F817
:20178000089800880599091A30463E46069BB8E7AB6FE86F0090304621462246FEF7F0FFFC
:2017A000069B791E30462646ABE7E86F421C039D2846214602F072F8284609B0F0BD70476C
:2017C000F0B58FB00D920C910446406802F00AF9A56A861CB101284601F062FF61682846A8
:2017E00001F0EDFE02460E902046294600F0B4FCB600AD19594A28460C999047AF19384663
:201800000D99564A90470B96B8190D9461680C90524A90470E9E2846314601F0C1FF002856
:2018200001D0132098E03846314601F0B9FF002801D0142090E009970B9F0C9BD81905907A
:20184000C0190890C019C019C0190490C0190790C0192C460690C519E9190D980A9122461F
:2018600000F0E2FE01461120012975D102940395B4000A99095900296ED10A9E30460B999F
:2018800001F00EFF0D983146099A0C9B00F0CCFE0146122001295FD10A99091909680029F8
:2018A0005AD10B980A9908180C900D9EB36FF06FF26900902A4D059C20460299A847B36FBA
:2018C000F06FF269009008980999A847B36FF06F0090049D284621462246214FB847B36F0D
:2018E000F06F00900798294622461D4DA8472F46B36FF06F326A0090069D284621463C460E
:20190000B84728210A9F384601F0CAFEB36FF06F0090384607992A46FFF704F8B36FF06F8D
:20192000726A009038463946FEF7FCFFB36FF06F0090039E304608990A46A0470C980B9906
:2019400001F0AEFE304639460E9A01F0AFFE002801D1152000E016200FB0F0BD7537000052
:2019600081070000FEB5002907D00D460646464F0024072F03D8204603E0002481E0384677
:20198000083885427DD8414800688047701E08210642304600D00846072E00D80846E91D3F
:2019A000029107213A4A1378002B1BD1072F01D8002301E03B46083B2546002B04D1364B83
:2019C00000241C602C460BE0324B00249C60324E3360072F01D8274600E0083F2C461F60C6
:2019E000012313700094029A8A43029241420191421E294C2568002D35D02C460834161929
:201A000001990E40B44210D02B4610333746083F9F4201D23618F9E7029973182F680121CF
:201A20008F43E1199942E5D306E0296801239943029B9942DEDB2646284601F00DFEA642E1
:201A400016D0301B014608392A6829600123DC432240101A184321406C18A060284601F044
:201A600017FD083405E00D4800688047009C08E02C462046029901F0B3F80848006880479B
:201A800008342046FEBDC046002000006025002068250020000000209023002064250020D5
:201AA000F0B597B01E4617460D4601901C98C00038490A581292081840680068111812A887
:201AC00016AA302301F020FD002804D00020C443204617B0F0BD169812990C1812A802AA05
:201AE00013AB214600F0E6FD0028EFD103980728ECD104982849072201F0F2FD0028E5D18B
:201B000014980828E2D115982449082201F0E8FD0028DBD112A816AA214601F035FC00281D
:201B2000D4D116994129D1D112984118A142CDD101780429CAD1401C12901397BC1913A848
:201B400016AA3023214601F0DFFC0028BED1169813990818A042B9D802A813A9224601F0DC
:201B600049F90028B2D102A8203013A9224601F041F90021CC43202DAAD10028A8D100F0A6
:201B80007AFA129802AA019901F0E2F80446FFF716FE9DE7B43D0000BC3D0000A83D00006F
:201BA000F8B5002872D00446394800688047083C38480025A04207D20168012291434118B7
:201BC000083105460846F5E7324A3349072901D98A18083A016801270B46BB43C618083675
:201BE000964200D90026A0424DD1C8074BD0002D0AD029683940284600D00020002E06D1B0
:201C0000002932D100260BE0002E2ED000203178C907314600D0002100280FD00E460546B4
:201C2000284601F019FD002E0CD10120C043216801402A6808320240501813E0002500297F
:201C40002F4612D0304601F007FD0120C043002F0FD0216801402A681032024051183268AD
:201C60000240881828602C460AE020680121884305E031680140226808320240501820607C
:201C8000204601F005FC054800688047F8BDC0466025002000000020002000006425002027
:201CA000FEB50446C06F451C8027E551266C616D374B304602962A469847E259361DA80045
:201CC00030180190A16D324B9847E259E8003518E16D28462E4B98472078801E0321814022
:201CE000C81DE05120462946FFF782FC606EA36FE16F0091274F29462A46B847A36FE16F0E
:201D0000206E626E00912946B847A36FE06F226E00902846019E3146B847A36FE06F626E31
:201D2000009030460299B8476168A06F01F047FCA16FE26F204600F00FFA216F012220461E
:201D400001F023FDA36FE16F226FA06E00913146B847A26FE36FA16E3046FEF76BFEA16B18
:201D60002046324601F0AFFCE06E226FA36FE16F00912946B847A26FE36FE16E2846FEF794
:201D800059FEE16B20462A4601F09DFCFEBDC0469D38000081070000F0B585B00D460646A9
:201DA000394800688047284600F0B6FE0021CC43002863D0A868EA68735C491C002BFBD149
:201DC0006B6907273B40491E042B009401910DD100240F46002F49D0311928683A4601F0E0
:201DE0007FFB002844D43F1A0419F3E70297131A0C460395002C39D09C421F4600D827466C
:201E00006969029A11400229049311D1002F07D00021725C0A2A06D0491C8F42F9D107E079
:201E200000252F4605E0721802D04F1C012500E0002531463A4601F0CFFD03998868C01918
:201E40008860E41BF619002D0D46049B01D1DB1BD0D1284600F0A6FF002809D168692021ED
:201E600001436961A868E9680B1AC3E7019C05E001208002696901436961009C03480068D0
:201E80008047204605B0F0BD6025002064250020F0B5FFB0FFB0D3B0054631A80321018016
:201EA00053A93B912D493A912D4939912D4938912D4937912D4936912D4935912D493491A8
:201EC0002D4933912D4932912C305C2101F0E8FB0920C44328684168412939D10068007825
:201EE000042835D1082028901F9016900D900490686816A9091D224FB847A8680DA9091D39
:201F0000B847E86804A9091DB8472868006828AE311D401CB847286800681FAD291D2130CE
:201F2000B84731A831462A46FFF74AFC16280ED104A801900DA8009031A828A91FAA16ABD3
:201F4000FEF7A6FD0024A52802D0E44300E0093420467FB07FB053B0F0BDC046183C000014
:201F6000D03B0000843C0000603C00003C3C0000F43B0000AC3B0000A83C0000CC3C000080
:201F8000B9330000F0B587B00446806AA067616801F015FBE067002804D00246FF2803D9E6
:201FA000D22066E0082064E0A16F087AC00701D1DC205EE090000B185B68002B58D0D3007C
:201FC0005B18083304931D180835561CB0002B1803931B180693069B1B1802931F18059747
:201FE0002778BF1EBE40B600059B9F19BB190193049B23646564039BA364069BE364029BD8
:202000002365059B6365A765019BE3659B1906931D182E1837183B1818180590069820668D
:202020006566A666E766236705986067204600F093F8E16C204600F0F9F8A36FE26FE16C69
:20204000206E00920A46FEF76DFCE06F400180216050226E656EA16E20462B4600F09AFA04
:202060000146E06F421C284601F018FC992000E0302007B0F0BD7047F0B585B00493164628
:202080000F4605463048006880470024E1432868401C04D0042E049B03D0002B01D10C46FE
:2020A00046E002976F6968682A1D0392002801910CD0390703D5401EFFF772FD049B039832
:2020C000046044608460C460082087430120002E014600D03146072297430F436F61190AD9
:2020E0001E4600D006020298002806D0012B04D00298401C039908600CE0761C304601F02D
:202100002FFC03990860002818D008210F436F61401C68608119491EA860E96028610B48E3
:2021200000688047084800688047094809490160064800688047204605B0F0BD0120800205
:2021400007436F61019CF3E760250020642500204C25002089320000F0B585B00092049054
:2021600003918E68C8680024B51C074603460190674128463946324601F0FEF901F0F6FBB2
:2021800005460F4602963246019B01F0F5F901F0EDFB05460F463246019E334601F0ECF935
:2021A00001F0E4FB01F0F1FB01F0E0FB01F0EDFB801C61412A463B46009F01F0DDF9039B9A
:2021C00003C3B800083BC1184968CA0F049D6A70002911D419460831002202243B46002BC6
:2021E0001ED00D68ED43EE0F6D002C190C505641091D5B1E3446F2E71946083101233A467C
:202200002546002A0CD00E68F643F6180E501D436B1E9D41734273412B40091D521EEFE72B
:20222000049803998167C76705B0F0BDFEB50D460446022000900290E06F801C0299814211
:2022400002D201F0DFFAF6E701222046294601F09CFAA36F0833204629462A4600F0D2FE32
:2022600001F0F4FA02D001F066FB01468020215001F095FB01F065FBE06F800000272F50BC
:20228000029726468036E06FC10E09074942029A8A4228D20190019801280FDB0198800012
:2022A00028580004019989004919891E098840180199890068500198401EEBE7286800044D
:2022C000286001F0C3FA02D001F035FB0146316001F065FB01F035FBE06F80002F500298A3
:2022E000401C0290CFE700990291801C0299814204D201F087FA0290E06FF6E7FEBD70479C
:20230000FCB5034604680D1B5F20C043012D0ADB2678370608D4651C1D6026781660491B6D
:202320008E4200D80020FCBD7F273E40761E032E31D8B60001A7BE59B746C0464D23000042
:202340009B2300005923000071230000022DEAD36678A51C1D60E1E7042DE4D3E578019504
:20236000A7786678251D1D6033043C02E3180FE0052DD8D325790195E5780095A778667842
:20238000651D1D6033063C04E318009C24021B19019C1E19C2E7001FFCBD032DC3D3A6789B
:2023A0006778E51C1D603B029E19B7E7F0B585B00026F743002834D004460068002830D0EE
:2023C000606800282DD0019302910392216960690125814226D220684089002804D0E0688B
:2023E000814201D1091D2161606804AA042301F005F9002815D1A07A002803D0E06821691F
:2024000081420FD22089124988420ED004A9098881420AD0206904A949880818011D2161CA
:20242000D5E73D46284605B0F0BD0199002901D0049808802069001D0299086004A84088B8
:202440000399088021694018001D20613546E9E7FFFF0000F0B58B4200D1824204D90B00A0
:2024600002000021002040E0002B00D1002A0CD10B00020000210020002B00D1002A01D0B1
:20248000C943C04300F099F92FE01C0015000B0002000CB4002126002F00FF19764102D285
:2024A000491C4029F9D100201E001700FF19764102D2401C4028F9D10E1A2100280032005B
:2024C00001F0ACF80C0005000CBC00200021A34200D1AA4201D3521BA341404149416D0806
:2024E000E7073D436408761EF1D5059F002F01D03A607B60F0BD7047F0B585B00024E74303
:20250000002812D00E4600290FD0002A0DD0054603933089F1680918104604AA042302907D
:20252000019101F06BF8002802D0384605B0F0BD708904A90988164B5A1C9142039A11D17B
:2025400004A949888842F0D10199091804AA0423029801F053F80028E7D104A80188039A5A
:202560000B4B01E00028E0D19942DED10A98A8722A812E60029868600199081D2861708929
:202580000818E86004A94988401868612746CCE707690000F0B587B01E460F460446836FD3
:2025A000C06F0090084611460292FEF7E9F8802005942058049001200390C40700210A4618
:2025C000002C2ED0002A06920DD00598836FC06F009030460D4639463A46FEF7D1F82946EF
:2025E00030463E460746254604980540002911D0002D11D00598836FC06F009030460691D5
:202600003946029AFEF7BCF806993846039A3746064603E0069A01E00025039A2943640875
:20262000CEE7384607B0F0BDFFB5029000921468250C01931E68F7433F0C7D191C4FB743E4
:20264000A4B2E419641C260CA81903900604A4B234190C60012087B2029AD46F651CBD424F
:202660001AD9BF00009AD459250C019AD2590E46D3431B0C5B190E4D9543A1B2039A120CA4
:20268000891849190A0C9A180392130489B25A183146F251401CDEE7A0000A58521C01D0FA
:2026A000002003E0081800210160012004B0F0BDFFFF0000FEB51C4617460E46054602AA38
:2026C000302300F021FF002800D0FEBD2868311A6522D243012929DB019201783A4602C2EF
:2026E0000299461806232846314600F00DFF0028EBD12868B8607868296808182860B04240
:2027000016D00178401C2860224602C228463146FFF7F6FD0028D8D12868A06060682968C2
:2027200008182860B04207D00198FEBD901DFEBD0C21204601F048F80020FEBDF0B586B0F2
:202740000593049280220290805882B20192000C009000273C463D46009E0298C06F854282
:2027600026D2049A01CA04920391010C019A13464B43DB1987B2104678430019059A10CA6F
:202780000592A2B28018020C9A18130C7143591892B27743230CFB189A18130CC9188CB282
:2027A0000F0C110480B20818039901C16D1CD4E738042043086006B0F0BD7047FEB50446D7
:2027C0000025EF430168481C06D002916669204600F0E8FA002802D03D462846FEBD01209E
:2027E000000306400196207D000707D56068401EFFF7D6F960690821884360616560A56046
:20280000E560206800F01EFB0546276001980028E3D0064800688047029800010449081817
:2028200001F0D6F8034800688047D6E7602500202022002064250020F8B50446154F3868F7
:202840008047002C04D0204600F0ACFA04461BE0114800680024114D0094844213DA296855
:20286000491C0DD038688047284600F09BFA06460B4800688047009830430090064800689D
:202880001835641CE9E7009C0548006880472046F8BDC046602500205C2500209423002045
:2028A0006425002070B514460D4606461648006880473068401C1FD0012C08D1307DC00668
:2028C00005D5B068002802D040193169451A304600F068FA05204002716981437161306883
:2028E0002946224600F0E8FD0446084800688047601C06D0002404E004480068804700206E
:20290000C443204670BDC0466025002064250020FEB5044600680026815D002903D03A2901
:2029200003D0761CF8E7144D23E08719124D20D0082E00DB0826002E11D06A463146037810
:202940001370002B05D0521C491E401C0029F6D105E0022903D3501C491E00F0A1FE6846DD
:202960000021815500F006FC002802D0791C216005462846FEBDC04684240020F8B5174612
:202980000E460546144800688047380A134CE071A771300E6071300C2071300AE070A67087
:2029A000280A60702570F420002521462A462B4600F09EFC2046294600F080FCE578A678B9
:2029C000277864780648006880472002C0193104401829064018F8BD6025002088230020CB
:2029E0006425002070B59AB00D46064614480068804701AC2046314600F07AFF304600F03C
:202A00008CFF06460019401C294600F071FF284600F083FF3018831CF7200A4D294622468F
:202A200000F066FC0021284600F048FC2C786D780548006880472802001900B21AB070BD90
:202A4000602500208823002064250020F0B5184A0378401C0024082CFAD00578DE070DD11D
:202A60002D0147783E0976190F253D40ED1C122D0AD185782F0609D4C01C0DE0401C0D700E
:202A8000491C641C5B08E6E7801C06E07F273D40C778FF017D19001D1235964207D0F6435B
:202AA000002DEED08F5D0F706D1E491CF8E7F0BDFF0F0000FCB58023C45880300023DF43D1
:202AC000944205D90B68541C0460A740BB431AE0521C161B1F25730901952E40DBB29B0091
:202AE0000093CB58F3403D46A540AB433519212D09D3019D2A409740009D69184968B94375
:202B0000A21A9140CB18611EDA0703D10160491E5B08F9E7D8B2FCBD10B50446016800202B
:202B2000491C25D06269D10623D4100605D500210222204600F048FF6269900604D4500641
:202B400002D52020024362616168012000290DD1042111400AD10720024001200302002164
:202B60002046FFF789FA014640424841E168216110BD012189020A43626110BD1FB500F03E
:202B800079FD00F07BFE01A800F068FE002816D1019800681149884211D17D2082000F20F3
:202BA000032100F0D9FB0198008903990A5882F30888081840688047002004B010BD00F0E8
:202BC00059FD0E240A213222204600F0C5FB7D20C2000221204600F0BFFBF2E73DB8F396EF
:202BE000F8B50446026801251046A843401A102821D366180838B060A84308363718083702
:202C00000E480F4A072A01D910180838009187420DD23878C0070AD1384600F01DFDE84354
:202C20003968014032680832024050183060304600F02EFC009A2A432260F8BD00000020B6
:202C400000200000F8B514460F460646114800688047380A104DE870AF70200A68702C7070
:202C60000023F05C5B1C0028FBD1F0202946324600F03EFB0021284600F020FB2E786D7835
:202C80000648006880472802801900B2002800D42046F8BD60250020882300206425002012
:202CA000F8B517460C460546104800688047380A01D001200702380A0D4EF070B770280A53
:202CC00070703570F22000223146134600F010FB3046214600F0F2FA347875780548006869
:202CE00080472802001900B2F8BDC046602500208823002064250020F8B515460C4606469E
:202D0000104800688047280A01D001200502280A0D4FF870BD70300A78703E70F32039467C
:202D200022462B4600F0E4FA0021384600F0C6FA3C787D780548006880472802001900B283
:202D4000F8BDC046602500208823002064250020F0B599B014460191074602AE0420307004
:202D6000701C202539462A4600F036FE30462130203739462A4600F02FFE17AD41222846B0
:202D8000314600F02DFE01981490139515942034169413A8FFF77CF8002801D00020C043D4
:202DA00019B0F0BD70B504460025EE430068411C17D0616863699A060AD5002908D0A2680D
:202DC000521A05D000F08CFB00280DD463696168A1602161580605D53020834300256361E3
:202DE00000E03546284670BD01208002636903433546F4E77CB513460C46064601AA0225D8
:202E0000084619462B4600F07FFB002801D0E8437CBD019D202D05D320684119203920228D
:202E2000304608E02020411B304600F039FC701B203021682A4600F0CFFD2068401920600C
:202E400000207CBD70B50026F44300281AD40546092817D80C4800688047E8000B4A1158ED
:202E600000290CD015186868096988470446401C05D028682E6041890122914341810448A7
:202E800000688047204670BD60250020FC24002064250020FEB50025EC4343787F2B19D18C
:202EA0000195029440684518AC180B4FA54210D23E6800203860094802680948294690474A
:202EC0003E6000060121C9026D180028EED0029C00E0019C2046FEBD244402405800000FA9
:202EE0008FA0E3B7F0B58023C3581C0C15682E0CA4199BB2ADB25D192B0CE3181C04ADB237
:202F000064190C600124E5B21B0CC66FAE420CD9AD005659370CB6B2F618330CDB191F0470
:202F2000B6B2BE194E51641CEDE71846F0BD7047B0B505460D4800688047280A0C4C60700F
:202F40002570F120002521462A462B4600F0D0F92046294600F0B2F9257864780548006807
:202F600080472002401900B2B0BDC046602500208823002064250020B0B504460D48006865
:202F800080470023E05C5B1C0028FBD1F5200A4D2946224600F0ACF90021284600F08EF9C2
:202FA0002C786D780548006880472802001900B2B0BDC0466025002088230020642500208B
:202FC000F8B516460C46054600F0A0FC0746204600F09CFC3818263000F0C2FC002808D030
:202FE0000746009605492A46234600F0DFF8384600E0034800F0A6FBF8BDC046433B00008D
:203000002B3B0000FEB500AC0EC4014600252846AEB2CF6FB74215D9B600019A97593C0C31
:20302000029A93591A0C1219BCB220189BB2C018030CD218130480B21818009B9851100CDA
:203040006D1CE5E7FEBDFEE71CB50A0017D000230124E407A04200D20400944201D95200CC
:20306000FBE790425B41904200D3801A914201D25208F6E719000200080011001CBD0100D6
:203080000020FFF738FA1CBDF0B51F23134080240659F4185209D2B292008958D940002536
:2030A000ED432F46B740B943212C09D3203CA540006C10184068A8432022D21A9040411890
:2030C000C8B2F0BD70B50A480A4C84420CD00A4D0A4EB54208D003CD02789200A258083DC1
:2030E000401C90470835F4E700BF00BF70BDC0464C3E0000403E0000543E0000643E000098
:20310000FCB4020C0B0CFF242402FF34204021400C00444315005D4306005E430F00574305
:20312000320C3B0CA818C01832043B040025A1186841C9186841FCBC704770B510CAC36F4C
:203140005B1C9C4200D823460C461D46002D03D040CA40C46D1EF9E79A0089181A46C46FDD
:20316000641CA24203D2002410C1521CF7E7184670BD704770B5014602780020002A11D082
:20318000094B1A4628321C467834A2420AD000240D5D165D002E02D0641CAE42F8D0AE422C
:2031A000F0D1104670BDC0468424002082B0F8B5069207930291019006A9039107480090A6
:2031C00002A801AA064BFDF7D1FD0021019A117004B080BC02BC02B00847C0465D37000001
:2031E00095390000F0B58023C358DC431368DD430023641B0C601C465C410125EEB2C76FDB
:20320000B74209D9B6009759E7191C465C417F1E8F515C416D1CF1E7E043F0BD1CB51446B8
:20322000002000F05EFBC0B201A900F01DF9002801D0012408E0019800212023224600F0A8
:20324000DDF90446401E84410198FFF792FF20461CBDFEE7F8B50D460446C06F421C802769
:20326000E251616D074E2846B047E25990002D18A16D2846B047E25990002818E16DB047C0
:20328000F8BDC0469D38000070B50A4C2046FFF795FA1834084D28680126864209DA2168AC
:2032A000002903D42046FFF789FA28681834761CF3E770BD942300205C250020B0B50B4A88
:2032C00013680024082C04D015192D790555641CF8E7002908D00C32002B05D0107808707B
:2032E000521C5B1E491CF7E7B0BDC0460020002070B50B4C207123600020082804D00D5CD4
:2033000026187571401CF8E70D34002B05D010782070641C5B1E521CF7E700BF70BDC046BE
:20332000002000200446094800688047084D6968002901D0204688472868002800D08047DF
:2033400004480068804700F05BFBC046602500204C25002064250020F8B514460091012608
:2033600086400027074D0098874209D22E60204600F020FA2E61204600F01CFA7F1CF2E763
:20338000F8BDC04610320240B0B515460446032300F0BAF8002800D0B0BD2968481E286038
:2033A0006720C0430229F7D321684A1C226009780029F1D10846B0BD10B51F300022202A76
:2033C00010D0C31E1B781B06841E24782404E318441E247824021B1904781B198B50001F15
:2033E000121DECE710BDFEE706484178032900D880300078FD2804D30348044901600449A4
:20340000416070472F03004E18110040E3887F14E3587F541CB5019007480068804701A8D6
:20342000FFF776FA016A01988847044603480068804720461CBDC0466025002064250020FC
:2034400010B5024603680020064CA34207D1D3681289D21803D28868824201D3002010BDBB
:20346000012010BD3DB8F39670B50022074B1446261D102E07D01D592C7884423446F7D173
:203480000D60002070BDD04370BDC046743D0000B0B5016801229143064B1C68002C06D0DF
:2034A000256895438D4202D208342346F5E784601860B0BD90230020B0B503460020C04316
:2034C000002B0AD4092B08D8DC00044D2B59002B03D028194068DB699847B0BDFC24002067
:2034E000B0B503460020C043002B0AD4092B08D8DC00044D2B59002B03D0281940689B6942
:203500009847B0BDFC24002070B5044605684E1B6120C043012E08DB2E789E4204D1681C65
:2035200020602046FEF7ECFE70BD801C70BDB0B504460020002B09D0D2B20D782570954288
:2035400005D0641C5B1E491C002BF6D1B0BD601CB0BD0000074880F3088800BF00BF00F030
:203560004DFA002801D0FFF7ADFD00F067F80120FFF7D8FE0090002030B514004C432500D2
:203580001C0044436419050010002900FFF7B8FD001904000D002100280030BD10B5002AD3
:2035A0000BD00C780378A34205D1521E401C491C002AF6D11C46181B10BD002010BDB0B5A0
:2035C00004C90023036043600830531C01249C4203D220C920C0641CF9E71046B0BDA06A80
:2035E000E16FCA0010188A0080182278921E059B93405B1D4A1C534399007047B0B500245D
:2036000045787F2D06D14068411810461A4600F0E3F900E0E4432046B0BD000018B52023FD
:203620009B1A04D8010000205B42994004E004009140DC402143904018BD000080B500202F
:20364000044A002A014601D001CA1146FFF796FA80BDC046D83D0000054A1368002B06D00F
:2036600011461A4608328342F7D18068086070479023002001208103044A13680B431360C3
:20368000C0031168014311607047C046003502400B4611461A4680B500F046F980BDC04656
:2036A0000A46002180B500F03FF980BDB0B50023002A05D010C820C965402B43521EF7E756
:2036C00058425841B0BD10B5C36F08C10024C36F9C4203D208CA08C1641CF8E7184610BD5C
:2036E00010B50C780378A34205D1521E401C491C002AF6D11C46181B10BD000080B501464B
:20370000024802680248904780BDC0468000000FC022002080B503480268034800219047D3
:2037200080BDC0467800000FC022002080B50A460146024803680248984780BD7C00000F4B
:20374000C0220020044C30342146FEF725FB2046FFF772F800F054F994230020B0B514469E
:203760000D460146286800F037F92868001928602046B0BD10B504C91346002B03D010C939
:2037800010C05B1EF9E7104610BD04C10122C36F5B1C9A4203D2002308C1521CF7E77047AC
:2037A0000022002903D008C81A43491EF9E750425041704703494143002902D000BF491EAC
:2037C000FAE77047AA0F000080B50A4602490B680021984780BDC046D03D00000322805808
:2037E000002804D000220A70491C401EF8E7704740B584B002AE0096FEF72CFE029A039B10
:2038000004B040BD02988000A16F0A58D2430A500298401C7047A06AE16FCA0010188A0079
:2038200080184A1CD100704710B500239A4203D0CC5CC4545B1CF9E710BD80B50B4603215D
:203840004258C11D184600F0C7F880BDA26FE06F8000295882185268002A704780B5014694
:203860000148FDF7C3FB80BD2823002040787F38022801D300207047FF20704701208003E7
:20388000014908607047C04610320240EFF3108072B6FFF7A9FDFFF75DFEFEE7002A03D0CC
:2038A00008C908C0521EF9E7704738463268910078186D1C27787047A36FE16F206FE26D10
:2038C0000091D2197047002903D0002204C0491EF9E77047032802D30020C0437047401C9F
:2038E0007047032902D30020C0437047481C70470A780270401C491C002AF9D1704700219A
:20390000425C491C002AFBD1481E70470021425C491C002AFBD1481E70470021425C491C36
:20392000002AFBD1481E704700239A4202D0C1545B1CFAE770474019001F006852420023E8
:2039400056E7A26F0832204629462B4600E0000082B00094014C019410BD00BF3D27000021
:2039600080B501460820FDF7FDFF80BD801C61412A463B4600E69259A36FE76F00977047C0
:203980009259A36FE56F0095704705460F46029A3346F1E50A68531C0B6010707047204616
:2039A00029462A4600E0000082B00094014C019410BD00BFE52E0000802280580860704768
:2039C00080B5FFF7EBFD80BD80B5FEF76BFF80BD80B5FFF71FFD80BD80B5FFF725FF80BDB6
:2039E00006C07047006870470095FFE782B00094014C019410BD00BF81070000012070471C
:203A000000BFFEE700010203040001020304000102030400010203040001020304000102CD
:203A2000030400010203040001020304000102030400010203040001020304000102030443
:203A4000010101010102020202020303030303040404040400000102030000010203000028
:203A6000010203000001020300010203040001020304000102030400010203043059301346
:203A800006072A8648CE3D020106082A8648CE3D030107034200042ACB403CE8FEED5BA46B
:203AA0004995A1A91DAEE8DBBE1937CD14FB2F245737E5953988D994B9D65AEBD7CDD53060
:203AC0008AD6FE48B24A6A810EE5F07D8B6834CC3A6AFC538EFAC17263203D3D20300043C8
:203AE0003A2F6769742F6C6F6B692F626C652D6167616D612F736F757263652F746869720F
:203B0000645F70617274792F6D6375626F6F742F626F6F742F626F6F747574696C2F7372F2
:203B2000632F6C6F616465722E63006D616C6C6F63206661696C656420696E20617373652B
:203B4000727400417373657274696F6E206661696C65642C20282573292C2066696C652001
:203B600025732C206C696E652025640A002E000000000000000101010101020202020202C7
:203B80000202020203030303030303030303040504040404050404040405040404040504B3
:203BA00004040000000000010101010108000000FCFFFFFFFFFFFFFFFFFFFFFF00000000FF
:203BC000000000000000000001000000FFFFFFFFFCFFFFFFFFFFFFFFFFFFFFFF03000000F4
:203BE000000000000000000004000000FCFFFFFF00000000080000004B60D2273E3CCE3B99
:203C0000F6B053CCB0061D65BC86987655BDEBB3E7933AAAD835C65ADFBDC42962DF9CD8DE
:203C200090308478CD05F0ACD62E21F7AB20A2E5344887041D0630DC0000000008000000AE
:203C400096C298D84539A1F4A033EB2D817D0377F240A463E5E6BCF847422CE1F2D1176B93
:203C600008000000F551BF376840B6CBCE5E316B5733CE2B169E0F7C4AEBE78E9B7F1AFE71
:203C8000E242E34F0300000000000000FFFFFFFFFBFFFFFFFEFFFFFFFFFFFFFFFDFFFFFFE6
:203CA000040000000000000008000000512563FCC2CAB9F3849E17A7ADFAE6BCFFFFFFFFC6
:203CC000FFFFFFFF00000000FFFFFFFF08000000FFFFFFFFFFFFFFFFFFFFFFFF00000000F0
:203CE000000000000000000001000000FFFFFFFF3031323334353637383961626364656665
:203D00000030313233343536373839414243444546000001000100010001000100010000FB
:203D2000010100010001000100010101010100000000000000000000000000000000020374
:203D4000040500000000000101000000000000000000000000000000000000010001000056
:203D60000101000100010001000100010001000100010000843D0000903D00009C3D0000D2
:203D800000000000007F00000000000000600000017F00000020030000A00400027F00007C
:203DA0000060000000C002002A8648CE3D030107000000007C3A0000D43D00002A8648CE46
:203DC0003D020100030301020303000001000000293900005B0000000000000000000000D6
:203DE000005500000F0112014001018F012202C0E502030F0124044F02013F8F010200450B
:203E0000FF2C0000312F0000A1FA0070F900B07D29000079F200F0E500700D2F3E842400EB
:203E20002020007515B100F114BF0214AF1EFF00001C3125031C802F0CB0003100FFF00045
:203E40004D2A00003B380000DD3700000200000094030000E03D0000942300204C3E00004D
:043E6000002000201E
:206000003DB8F396000000000001000060B3020000000000000001000000000000000000EB
:20602000FFFFFFFFFFFFFFFFFFFFFFFFFFFFFFFFFFFFFFFFFFFFFFFFFFFFFFFFFFFFFFFF80
:20604000FFFFFFFFFFFFFFFFFFFFFFFFFFFFFFFFFFFFFFFFFFFFFFFFFFFFFFFFFFFFFFFF60
:20606000FFFFFFFFFFFFFFFFFFFFFFFFFFFFFFFFFFFFFFFFFFFFFFFFFFFFFFFFFFFFFFFF40
:20608000FFFFFFFFFFFFFFFFFFFFFFFFFFFFFFFFFFFFFFFFFFFFFFFFFFFFFFFFFFFFFFFF20
:2060A000FFFFFFFFFFFFFFFFFFFFFFFFFFFFFFFFFFFFFFFFFFFFFFFFFFFFFFFFFFFFFFFF00
:2060C000FFFFFFFFFFFFFFFFFFFFFFFFFFFFFFFFFFFFFFFFFFFFFFFFFFFFFFFFFFFFFFFFE0
:2060E000FFFFFFFFFFFFFFFFFFFFFFFFFFFFFFFFFFFFFFFFFFFFFFFFFFFFFFFFFFFFFFFFC0
:20610000009000207DCD020025D9020025D9020025D9020025D9020025D9020025D9020083
:2061200025D9020025D9020025D902000BDB020025D9020025D90200115F020091A90200C9
:2061400025D9020025D9020025D9020025D9020025D9020025D9020025D9020025D902003F
:2061600025D9020025D9020025D9020025D9020025D9020025D9020025D9020025D902001F
:2061800025D9020025D9020025D9020000000000F0B591B00991064607462D3704462C34D8
:2061A000011D0123069250040F960A9100940397079309D40888897809044018002108911C
:2061C0000291109137468FE124F07EF9029027F051F920783E4A48215054154613464835C2
:2061E00020780146079A11408207D20F51184007C00F0E181C4620341421204626F0CCFF8D
:20620000267500266675A675E675324832490160324833490860334CA08D2D49C88123F03A
:206220000DFDA0862E48868010200E9028494871EE701095AE800F98408823F013FD0446AD
:20624000387821F04BFA002801D07D20C443E0B2032830460A9D00D02FE122F06BFF1C4DFC
:20626000288100276F610F9C606B103024F0AAF924F07EFD6881616B088B194AD083488BB1
:206280001084888B50842420085C8007C00F10838868032400282CD0827B1218D37B0F2211
:2062A0001A40072A20D8920001A39A589746C046F562000001630000E9620000E9620000FF
:2062C000E9620000E9620000236300002F630000F060002040140840D6BE898E005555555A
:2062E0003C20094006200940492000210D91295442E041E049200799295403240D943BE039
:2063000008462430CA8BE34B1A860A8C5A86498C99860078079908409883492029540520C8
:2063200003E049200799295402200D9024E010994F70079DCD70817B0918497C890618D08F
:20634000002739460FF05CFB3520F74A105C00280D970CD00F9840880324204011462131F8
:2063600089780904490D884201D04C201554154602E00D978424EC4D4B27E85D00280CD0CC
:2063800000232A463832AB63EB631372538193810F98406B0830012105E00F98406B08301C
:2063A0000221002213460FF08BF80A9D00280BD00222002110910D9911400C9208D0012897
:2063C00006D18324109E5FE000268324304674E00B970D9882B20892D44A10800026CB4FB8
:2063E0007E810F98426B2525505D03230340FB82505D400804273840CD4B1885505DC006AD
:20640000C00F588500290D970DD00596506825321278D1070DD1C74953073A40DB1719400D
:206420005200184008E0C14886810B9F324606460AE0C149491C00220B9FBC4EB181314674
:206440001E3121F0E9FB059A0898C00703D100203082079E17E00F98416B08684B5D9907A5
:2064600008D4B4490D9D1D405A07D31719406A00184001E0B049491C079D31829E363146F5
:2064800021F0CAFB2E460A9DA748C05D002813D00F98406B083024F05FF8002802D184215F
:2064A000A14A51710C9901729F4A916B884201D1002090630E9800E010981090E1B2288872
:2064C000AA781204821808029C4B1A4010432880120CAA700F2903D90221109A0A4310929C
:2064E000711E8E4108960F9FFF210902014003200E900002814264D1012081040491904BB5
:20650000059001020846B030099A024201915DD0104608400C90069E304618400B908948F7
:20652000C06A042855D300200D9022F07BF980B2471D3C460E9884437B4D686921461FF006
:20654000C5FA2A4605465069854204D008201099014310915561002D3DD0B908E8892E184F
:20656000103630461CF086FB6F4A0C9800280F9F17D04B20105C002813D070680F210904C1
:2065800001400E98000481420BD1304622F056FE654AC00602D535200D9911544D200599DE
:2065A0001154E8892918D279CA740019E8810420109901431091786B103024F003F80B9E2C
:2065C000ADE7109DA80700D59EE2A3E2069C264610E0554A05E0852050715B480599016067
:2065E0000F9F9079002804D0B86B5849C9681FF0D7FE069C049804407006C50F3046019933
:20660000084003D048494A22059B8B54A40C10990D430999C90712D0049931400FD144496B
:206620000988042923D13948406D3F498A69801A386340204871032000BF00BF31E009985E
:20664000000440D538484079102803D1384800881EF0E4FC26F055FC384A114008431880C9
:20666000080C987002200543002408942BE0B20512D4421E9041CA1F534253412A4F4A2204
:20668000BA5C571EBA411A430243012A66D1022003E0C0463C200940032017F059FF2249D3
:2066A00048712148407926F02CFC244A114008431880080C987002200543032000BF00BFF8
:2066C000002408940F9FF00305D5786B103023F079FF1B4806400898002800D1F9E0124A5A
:2066E0004823D056002810950B930D9434D403994D78052D00D9002507210840801E052829
:206700004ED8800002A108588746C0463C20094055670000516700009D67000099670000E0
:20672000A5670000AD670000F060002096200940062009400A8000000A80FFFFFF00FF004B
:20674000FFFFFEFFA011084030100840C0650020E80725D026252BE0054629E00229EF4F81
:2067600003D13520385C00289BD1012008904820385C002800D15EE2E94805210160B879F1
:2067800000280F9F04D0B86BE649C9681FF008FE22F0BAFC002496E7E80701D0272507E05B
:2067A000252505E001200540263501E06D0825352020105C918920F0C9FF0446E8B20C901B
:2067C00018F0B8FE002813D007998F030121099107F086F921F0DEFF3E4216D103988078A4
:2067E00000283FD0D04825F0EBFB07460A9E5DE00A9A26F0C5FDCD4908404121490226F080
:206800007BFC109D05430D9C63E00F9802991CF0AFFA07460F2822D84B20C04A105C0028A2
:206820000AD03520105C002806D00B9826F070FC002801D17D20C7430D9C0F98806BB94EB7
:20684000F1681DF091FCB54A90714A2000211154307F800701D025F059FF0A9E27E00A9E8A
:206860000D9C27E04B20AD49085C00280A9E1AD03520085C002816D0A7081D371E21384662
:206880001FF02EFE781A80009721C9004018703025F096FB07460B98A04A26F039FC00283F
:2068A00004D18227DCE726F033FB07460D9CF8B210284BD33088B1780904401839029B4AF7
:2068C000104001433180000CB0700220109D05430F9F002C00D110E190482126805D3F2435
:2068E0000440204618F026FE002822D00D961095059907F0F5F821F04DFF786B8068002591
:20690000002820D006460C950B944C24834D2F5D202026F0E9FF0146002F26D0019841186B
:20692000E03109917F48008D23F09CF9002028551CE00A9A26F024FD7C4908404121490282
:2069400026F0DAFBD8E00995744BAFE07849002088836EB20C99402901D2402028436F4A37
:20696000744F002E2BD405462BE009912B4635460D9EA87B4019C17B0F242140072912D141
:20698000477C002128460D910FF03AF8B80902285FD0012870D000280F9F604B0B9C7FD1DB
:2069A00049200D9980E00A9A26F0EAFC5F4908404121490225F0A3FF0F9F0B9C75E07F202B
:2069C0000540E8B278861079002804D028065A4941405A4801604920105C00280AD023F016
:2069E000F5F94E488279B88D5549002A06D08031084606E00998C003401C02E08007800E99
:206A000048400F9F109D26F069F926F0A7F8022000BF00BF4B4805210160002E14D40C98F2
:206A20002538099981403D4A0B9BD05C8843D05403998978002900D14BE7002800D048E75E
:206A400000980078D05444E70020F9490B9A88543FE73520F64B185C00280F9F00D16EE1CE
:206A60004920002119540A9A26F08AFCED490840B10225F044FFA0E73520ED4B185C0028A6
:206A80000F9F0B9C00D190E149200D9919540A9A26F076FCE3490840B10225F030FF04E068
:206AA00049200D991954352019540C9D786B08301A46383201212B460EF002FD06462A46BE
:206AC0002B46002E09D0701E414241410D4204D1414241411140012936D110980A9B198812
:206AE0009A7812048918CF4A1140832212020A431A80090C997002250543A8070AD5B86B85
:206B0000D349C9681FF04CFC22F0FEFA25F068FD24F0C6FE284611B0F0BDC046F060002023
:206B2000A0110840C065002088130000FF00FF009620094006200940D6BE898E40140840C9
:206B40003181000030100840089307920C950B949720C50009984019703084081D341E2155
:206B600020461FF0BDFC601A84004D20B049085C002815D00D950D464835E8798989069196
:206B800020F0E4FD09900C20069920F0DFFD0D996118099A89180C1800206871A44D01E062
:206BA00008340D46204625F00BFA0D903520285C00280FD02C46202026F096FE4821695CBF
:206BC0002A46483212790FF025F9002802D17D20C0430D9008989949088093480424448119
:206BE000796B25254A5D0E9B1A40904BC282485D400820401885485DC006C00F588550202D
:206C00008B4A105C002802D0588D204358850C9800280CD0486825310A78D10739D1884931
:206C200053072240DB1719401840520034E000208249888138E03520385C002800D130E58C
:206C40002120385C2137797809020818B9780904401880490140802900D022E57A480721E1
:206C6000016022F051FA4C207149095C0020002900D1D3E0B9780904490D0F9F7A88042393
:206C800013400B4372490B850121C9030D43089019E56C49491C0022684B998119461E317D
:206CA00020F0BAFF624A614B079800280CD0796B08684A5D91070DD4614914405207D2175C
:206CC00011401040620008E000205C490882109D0D9C0CE05B49491C0022109D0D9C574B15
:206CE000198219469E3120F097FF514A4F4BE0B2102806D30A9A26F043FB2102494B184046
:206D00001EE600244D4884830B99403159861079002804D0080648494140464801604920BE
:206D2000105C002856D023F051F8414882793F48808D4949002A51D08031084651E04920AF
:206D4000012119542F68002F65D0B87BC019C17B214007290CD1407C3F2809D8A87B28188C
:206D6000007C0B30FC21014038460EF049FE304B0F98406B08301A46383202262C460025AD
:206D800031462B460EF09CFB33462A460646B87B38180F9F007C264948318871A07B201860
:206DA000007CC871059D0B9C8BE649200121089119542868002800D18FE6786B08301A465A
:206DC000383202210D9D2B460EF07AFB0646059A089B76E60120C003401C02E08007800E77
:206DE000484025F07BFF25F0B9FE184805210160786B083023F0B0FB00280D4A01D18421FA
:206E0000517102210172916B884200D19463761EEED1102070E610980F9F5FE6089C0890DC
:206E200050E4C046FF00FF003C20094006200940F060002040140840D6BE898E9620094050
:206E40000A8000000A80FFFFA011084030100840C065002080FF1F0031810000F0B593B022
:206E6000C80302D4002400F02EFD0C4601273D043448007817F098FC002801D100F022FDDF
:206E800006460078A2280F9676D0B02801D000F016FD10A8002101802B484068002809D156
:206EA00026F0EAF826F0B4FC27494860002801D100F000FD0E970C950894224D2C4614340A
:206EC00000271822204639460D9225F060FD3179881E162801D900F0E5FC491C07918000A5
:206EE00001A10858069487464D6F0000A5780000A5780000A5780000F76F0000A578000093
:206F0000EB700000A5780000F7700000A578000057710000A5780000BB710000A578000047
:206F20007D720000A5780000B1730000A5780000A5780000A5780000E3730000A578000057
:206F40009D740000107100206870002026F094F8A8827088214623F04BFE002800D1E0E245
:206F60003089A98A884200D30846A88201200E900320079000F089FC0C957079652821D119
:206F8000FA4D0C35284626F0A7FD00282BD006460E950089B17A37460C373A460DF09EFDA3
:206FA0000546142801D0002D0CD10E98314624F024FE142D03D1B17A384625F0A7FD30462F
:206FC00026F02EFCF5480078FF280C9D0F9E01D100F075FC314623F06FFC002801D000F02E
:206FE0006EFC00F06FFCED480078ED490870ED4900220A70E8E7708823F00AFE25F0DEFDCD
:2070000012AC009418F046F90746701F0B90F01F002680B20A90A81C0990E34BB1B2002F42
:2070200000D170E20B98884200DC6CE20D910E960F9E708812A90A885B68317900243D464E
:20704000099F009701940A9F02970391294607F0FFFD00281ED1328ACF484088824219D1C4
:207060007069D149496823F0D3FF00280E9E12D0C948806900280BD10F9840880721002319
:20708000CA4A12F067FEC4498861002800D189E36C8900E00E9E0F98418912A8028811AB28
:2070A000284615F05BFA0746002CB6D0BA4A9069711C0D9BC4541546220AAB69B01C89B21D
:2070C0005A54002F06D01199AA6980B2115411A8407803E0A96982B2FF208854B24BF11C0A
:2070E000AA69361D89B2505498E7002110AA30460CF0FEF8B6E2308912A91EF02DFB00281F
:2071000000D10CE2074670880B21A84A11AB12F021FEA861002800D145E20346708812A94B
:207120000A8811A909882546347900260095019602910394394607F08BFD002800D158E2AD
:2071400007469548806917F069FE162F2C4600D1FBE13E468DE2308912A91EF0FDFA0028B6
:2071600000D1DCE13746064678880D218F4A11AB12F0F0FDA861002800D116E203467888C3
:2071800012A909880E9179893246264611AC24883D79009601AE32C611460E9A07F058FD77
:2071A000002800D12FE206467B4DA86917F036FE162E069C00D12EE25CE2708823F028FD30
:2071C0000590401E0D90A88A00221346764CB1898B4200D3CDE180B20D99814200DCC8E108
:2071E0000993B06881180B92805C49780902081880B212A91EF0B0FA0127002800D1C3E173
:2072000001460E9770880A9012AA1288636830790D9CA6B200272C46AD1C009501970296FE
:2072200003900A9807F014FD002800D0AEE1A06900280F9E254609D170880F2100235B4A77
:2072400012F088FDA861002800D128E2A98A6A885318059CA34203D30D9A521A6A8092B26E
:207260004018514C616824F06BFF6888A98A0818A882099B5B1C0B9A921CA8E7708823F05D
:20728000C7FC25F09BFC12AC009418F003F80E90B01F0B900020A91C0A91099007460E9D11
:2072A000002D00D188E10F9C608812A90A88294617F09CFE002800D080E13E4660880D9015
:2072C00012A90A8838494B6820790B9CA4B2002729460A9D00953D460197029403900D98DC
:2072E00007F0B6FC002800D06AE13746B4B2002C10D02948C18A4088021D8A4200D0A0E1F3
:2073000000190B9988422E4600DD9BE13E46224DA86910E03E460F98408811270023394658
:20732000224A12F017FD1C4DA861002800D127E26988091DE9820E9FB97A721C0155F87A9F
:20734000A969B41C92B288540F98418912A8028811AB384615F002F90E90002808D01198F5
:20736000A969A2B2885411A8407805E010710020A969A2B2FF208854F11CAA6989B2505474
:20738000341DA869A1B24018074949686A8824F0D7FE6888071982E710710020D372002085
:2073A000D27200209B75002068700020FFFF0000308912A91EF0D0F9012600280E9600D134
:2073C00062E10746007A800600D5C0E00F9D68882989EA686B896C7C002C00D11DE15225BA
:2073E0001CE170880124214623F0D6F9002800D1A0E00E9437460837388812A91EF0ACF925
:20740000002800D1D6E00646007A8006FC4C00D5DDE00F984688304622F0B0FC002806D1EF
:20742000F84822F0ABFC002800D10CE20680A2780C2151430C3100231A460C32914200D169
:2074400034E14468E35A002B1346F6D1A0180C380C263946324624F073FE069D28463946A9
:20746000324624F06DFE0F9C6088A28917210026334612F06FFCEA49C861002800D1C8E115
:207480002169A28924F05CFE6088294621F058FC00282C4600D019E2064618E234467688EA
:2074A000304622F06BFC0B90002848D0207A0128069C00D095E1D94880783C4639460A949F
:2074C000CDB2854200D3F5E00B9B5B680C246C431D5B002D00D1ECE0002F0DD0AF4200D067
:2074E00017E11B195C8895B2A54200D011E19B880A9C1C199A1804E01A19948852881219A4
:207500002F46491CDBE730041BD08808F34DA8820F984088069C214620F0A4FFA0E00126E4
:20752000A8E070883189AA8A914200D311461CF079FCB7E1142070700E260127ADE0069C28
:2075400054E125F03EFF0A26069CE44D94E012A8008825F0EFF9002800D194E003460F9891
:2075600040881222394698470646002800D08BE02CE77088069C214621F00EFC01210E9112
:20758000002800D081E18DE13E4602E0064625460E9F0F98806825F08EF9A86900287CD0A9
:2075A00017F03CFC79E0308900E0388910A90880112661E00E9E47E1099E43E0064602E054
:2075C000374606460E9D688910A908803AE012A8008825F0AFF9002800D1D8E003460F984B
:2075E0004088122231469847002800D111E706462AE10F984088294621F0E4FB00282C4689
:20760000A3D01626A1E77888069C214621F0AEFB0028B24D28D100262EE02D7900240094BE
:20762000019514F055FF162828D006460028AB4D2AD10F9A507C002800D1AAE00127264633
:2076400027E02E463804069C10D0A44DE98AB8B21EF046FFA8820F984088214620F01AFFA7
:20766000002801D1064607E0162605E0002E00D10A269A4D25F0A5FE0127EAE02746264623
:207680000F9A964D05E00E260F9A108910A908800E9F507C002800D00026069CD9E0B068B8
:2076A00025F009F901271126069CD6E00926069CB2E00846C4B2012C5DD90A98000428D0D4
:2076C0000A9880B21BF076FD002822D009900C2060430D90002427460B9845680D98A042D1
:2076E00064D02E19B16800290AD0B8B2099A1018B28824F025FDB088C719B06817F08EFB8E
:20770000002C04D000210C22304625F040F90C34E2E7002201231646704D591E70488078C7
:20772000814200D382E00B994C68A15A00297DD083420D9E06D0A0188089002801D016264C
:2077400000E018260A930F9840880E92A718BA68BB887D880095614D019614F0B9FE064655
:20776000002803D0162E5DD10020B8600E9A0C320A9B5B1CD1E70B984568AA68AB881BE01A
:207780000E98408910A90880069C3E4674E70E265AE0508825F092F90127002800D199E038
:2077A00016267AE725F00DFE1126CDE6099AAA600A9BAB800F9846882988688818240090C3
:2077C00001949BB2304614F083FE0028069C08D00646162818D10020A8600B981CF0CEFD15
:2077E0002FE00B981CF0CAFD0F984688304625F05DF901210E9100280F9E46D152E0C046C9
:2078000068700020FFFF0000288810A90880334D0CE00E9611262C46304D16E0687000205D
:20782000107100200E98205A10A908800B981CF0A5FD0127162E03D0002E069CD4D008E05A
:207840000E970F9E2EE00926069C388810A908800E9F002E15D0162E13D00F99487814286B
:207860000FD0087928751098E8822E764888214624F056FA002804D00E97012007900F9EB4
:2078800003E00E97162E0F9E0CD170880799CDB22946224614F076FA002803D02046294660
:2078A00025F034F930461EF05BFC0E980028089C0C9D04D030460830317925F027F93046B9
:2078C00023F0C6FB6C40204613B0F0BD1626034D0027BEE726460F9ADBE6C046107100207D
:2078E00068700020F0B597B004464A1C0B7818462D380D2805D81846214626F04FF817B0B3
:20790000F0BD0D910C922320C00020180E90182B129300D925E1DD204000201811901B208D
:2079200008900301E0180B9063239B00E0181090FF2113945724A400139800190A900C46C9
:207940000634139800190F90139BF03313988C300990139E8A36139F7737139A7632139DE3
:2079600067351298800002A42058139C8746C046A37A0000117B0000417B0000477B00007A
:20798000637B0000637B00006B7B0000717B0000CB7B0000DD7B0000217C0000377C00006B
:2079A0003D7C0000637B0000637B0000A77C0000637B0000757D0000A37D0000B17D000011
:2079C000D5790000D5790000B97D0000637B0000037E0000109F12981428064603D16879E0
:2079E000002800D159E10D9948788A7812021318C8780A791202141848798A7912021218A8
:207A0000C879097A09020918152E00D01CE20D9199B21B290B46089F00D83B462920C000DE
:207A20001B29064600D32646FB210E91FB2B1D4600D30E9D0F905F49FB2B0B4600D83346A6
:207A40009CB2E00829283E4600D32E460F98844200D804468C420E9B00D833468C4200D3DC
:207A60000C4697B21B2F3E4600D8089E1B2F074600D30D9FFB2E324600D30E9AFB2E0E4670
:207A800000D83E46B6B2F008292800D308920F9DAE42119F00D82E468E4200D824E2FB2209
:207AA00024E2129611970D98811C4078099D2870A81C414C022706463A46A0470146281D7F
:207AC00010903A46A0470146A81D0F903A46A0470146284608300D903A46A04701462878B5
:207AE000002813D02F46109A1288531E9BB2082B00D30823834209D33388934206D8062A94
:207B000004D32E4CA242139C00D288E33020C5E00A9D2046623005220C9924F061F8014630
:207B2000099E30460C30022224F05AF8B0892189401A80B22249884200D888E12820ADE0A8
:207B40000C980078AAE00F980078C00700D085E11A205873187B0D21012868D1FF222046B4
:207B6000B9E10E98129941726BE201209873C6E61E460A9C119B0B9D0C9800780E38082852
:207B80000F9A00D9BBE6800001A108588746C046C57B0000B9800000FF780000FF78000006
:207BA000C7800000FF780000CD800000FF780000D780000090420000E1BB0200810C0000EF
:207BC000FE7F00000320307599E620460C9917F0C9FD6879002860D0092133E220460C9986
:207BE00017F0C0FD0F9840780007109A02D4E448D0805080E3484078800600D47FE69088D5
:207C00001B280BD110881B2808D12920C000D188814203D15188814200D170E6142106E0BA
:207C20000020287068711880012018730B21204619F0ECF863E60120D87360E60F9F387C93
:207C4000012815D00D98821C40780E9908708D204000201802261146324623F0C1FF0146C6
:207C6000472080002018324623F0BAFF012038746879002811D0B87C002800D03FE6787CA5
:207C8000002800D03BE60C21204605F0D3FD002800D1DDE10120B87431E63D200E990872DA
:207CA0000120C8712BE60B92129611970F980078800700D4C2E10D99487807908E78C8780C
:207CC0000A7912021018109048798A79120210180C90C8790A7A12021518487A0890887A47
:207CE0000690CF7A087B4A7B1202121814A802808A7BCB7B1B029A1842800A7C4B7C1B029B
:207D00009A1882808A7CCB7C1B029A18C2800A7D4B7D1B029A1802818A7DC97D09028918B7
:207D20004181052025F0D9FA0028059500D17EE1300207994618380206994218208914A9B9
:207D4000079292B2ADB2009501900898029003920491B1B2109882B20C9887B220460D9244
:207D60003B4614F06EFB002800D1E9E10C9F109E1E255FE1119E863160180D9C61782823CB
:207D80000A9DE954A17801701078012800D0A5E0387801460F39022900D339E1012068731C
:207DA000ADE50F980078C00600D59BE0122046E100200A990872A2E50B9D0FAFC1CF407831
:207DC0000922104200D121E10D9948788A780240072010404870F9780140797000D122E10B
:207DE000481E084200D120E1032900D986E10220020600D119E1084200D080E1C0B240086B
:207E0000F6E73D46119F0B9E0D994B788878834209D1072018400C9A107000D12EE15A1EA4
:207E2000024200D1BCE118211E2520462A461FF0DBF8A17900222846134617F09BFAB8788D
:207E400040210143B9705AE53E46119F4FE031460120B0720021E183287050E500202870EE
:207E6000687120469C3012900120079318742046B430454F264608240C992246B847014645
:207E80003046BC300222B84701463046A43011903546AC3528462246B84710902846214685
:207EA00022F046FF3546A0350424284610992246B8472846214622F03BFF119825F02BFA71
:207EC000129825F023FA0798007B0421012800D0A7E0FF22304615F0B5FC10E5002023F092
:207EE000D1FC0CE51321ADE0089A3146109E7381F4813281B18188B27188814200D30146DE
:207F00003878A922120191420F4600D81746042800D00F46F58AF78204280DD113981BF06D
:207F2000A1F80246B08A111A481E81410E91B2827389119800780BE0F288A1B28A4200D38C
:207F40000A46109EB18A541A611E8C410E94B2827F1B791E8F41B48899B28C4200D30C46DD
:207F6000318A631A591E8B410F933482119D297901230D931AF04CFB844207D2308A09E087
:207F800048080000E6670020E1BB02002878297925F063FC139C129D0E990F430B9948800D
:207FA00033883089834200D303460F980743109E718A581A421E904173828B420B9E03D9E8
:207FC000317880220A4332700743142D15D1002F08D0A079109C218AA28AE48A0094139CA2
:207FE0001CF048FE1521204605F024FC002800D085E4A34800780D992DE03078002F01D05F
:208000000821084320210143317078E4162016E0162800D073E43546B07801210143B170AF
:208020006DE4304688E0387869E0084668E00C9F109E1A250F980078400710D40F200E99CA
:2080400048720721204605F0F5FB002800D056E48B4800780121890311F0B4F84FE40F21B8
:2080600020462A461EF0C0FFA179059880B20090B2B2BBB228461CF0D9FD40E428781628C1
:2080800005D1A1793A780020134617F073F90220B0713D4638781099307101246C710F463B
:2080A000098A13912979BA8A23461AF0B1FA1399814215D2388A18E0012020731078FD211B
:2080C000014011701BE40020207218E4287812210143297013E498781221014399700EE408
:2080E00030792979BA8A25F0B9FC0A9A7080A87840210143A9701470FFF701FC0420787032
:20810000C1B2042904D120461AF0ACFFB0827878C0B223F004F92871348A397925F09DFB75
:20812000844201D2308A03E02879397925F095FB139A68801721104613F044FFFFF7DFFBD8
:208140000F970E950A9B1E82109E5E820C989882059DDD820899197607995983149F159937
:20816000169ADF6119625A6209998E80C8800D810220087000204880A08EC11D129A118087
:20818000618E49080D9A8A4226D10F99814223D1E08E00090E9981421ED110212046CBE7BD
:2081A0007870CA7809790902891831812289891A89B2344A914200D9C0E40121B1710428EE
:2081C00010993D4600D067E720460C461AF04AFF2146A08268785FE70B98007801281199AD
:2081E00008D108780F2805D1FC2120461D4618F00DFE0AE0887A002802D008781A2839D16E
:20820000FC2120461D4613F0DDFEA079298A6A8AAB8AEC8A009418F0F9F8FFF770FB400001
:208220003D463870580078805000B8803889000138810222129D284623F0D2FC2888218944
:20824000401A80B20F49884200D977E40D9800880F990988491C109A12884A435100884285
:208260000CD90120119948740021E1830A990870FFF745FB0F20C873FE21D8E43B200DE52A
:2082800063690020FE7F0000F0B591B0044680780025102800D9B6E3800001A1085887462F
:2082A000E5820000078A0000078A0000078A0000078A00003983000053840000078A0000EF
:2082C000078A00007F840000AD840000B9840000E7840000078A00002F85000083850000E4
:2082E000AF8900006078002800D08CE324F094FE079024F063FF089021F0DCFC0BAC20708C
:208300000226102730463946079A974B984703203946089A944FB847042001212246B847D4
:2083200020783043032800D06DE3012016F07AFF024606200146B6E06078002800D062E3E7
:208340000126E178201D62890892277B00250095314009AA2B4610F0DBFC00286DD109A8FC
:20836000007822F06CFB04463E46083E701E86417E48807D800025F04BFA0790002800D176
:20838000DDE109A80690017878488078801E4242424100920898059422463B4618F094FEB4
:2083A0000BAC002714222046394624F0F0FA0698007806210691484324301021224623F067
:2083C00017FB002818D10BA8FF21102222F0B6FF002811D109A801780698484325300BAC45
:2083E00022461032042123F003FB012105980140089822461BF0C8F809A8007853218900A4
:2084000040185A49897D8900079A23F0F1FA002800D198E15548C07D002807D105988007C3
:2084200004D55348017808981CF04CFB09A8007819F0BCF8079825F0F3F9002E00D1E2E213
:208440004A488078022800D0DDE2089818F05EFFD9E2A0881EF084F825F05AF8002800D008
:20846000D1E2424C607B012800D0D6E022F016F900216173606A227D24F089FAD4E0201D2A
:20848000E17800230093012529400BAA10F040FC002800D0B7E20BA801780620484325308A
:2084A0000C340421224623F07BFEACE26078002800D1A0E000255EE2012524F01FFB0028A3
:2084C00000D1A0E22948C06A002800D190E00668002E00D18CE0E01C6189227B637B24697E
:2084E0000094B0478FE2A588277B28461DF054FB002800D186E2044624F000FB002800D035
:2085000080E2A01D617900230093012631400BAA10F0FEFB002800D1CEE014488078002843
:2085200000D05FE20521284622F071FE6AE26078062800D0F4E0A0881DF02EFB002800D1C8
:20854000EEE00A49497C491E032900D9E8E0890001A251588F46C0467585000011870000BF
:20856000078700001B870000A1C10200486F0020F7670020A38841790022184612F0DAF8D9
:20858000CEE0F74FF86A002806D04368002B03D0A08800210A469847B978A08800292FD0E5
:2085A0001DF0FAFA002800D12DE20646A07AC00715D0B01D727900230093012111401A465F
:2085C000089310F0A5FB002809D07079022806D3A08953218900B431084200D1C9E0B87B71
:2085E000022812D1A07A00070FD4A088032109E06089012106E0A079C0071BD10025BFE1B3
:208600000125052122F003FEFDE10125A08808347179224612F08EF8F5E1A07C002839D096
:2086200011F044FC0020A074502021F047FC1BF0EBF8E8E109A8002508262946324624F04B
:20864000A6F9A0881DF0A8FA002851D007466069002815D0069707901130002106220890E2
:2086600022F06CFE002800D1A1E0002706220798394622F063FE002800D180E06761069F5E
:2086800078790121014009A88171B91D062223F057FDB1E0207D0026C1B28E42C4D2616A86
:2086A000895D012906D1F0B20CF05CF8606A00218155207D761CEFE70BA8007822F0BFF926
:2086C000FF2800D18EE10246780702D4002A00D191E10C2007400C2F00D17FE1082F00D142
:2086E00086E1042F00D086E1D00700D17AE182E122F0DEFB002800D18FE0CF48007804213C
:2087000010F060FD89E0CE4800210A4603F022FCA08805211BF0EEFA02E0A0881EF074FB33
:208720000125C648C06A002800D16CE14368002B00D168E1A08862780221984763E1042039
:2087400023F0A0F85FE1079C204622F0C1FBBB48807DC1B28F4200D35CE62188002905D057
:20876000A278089822F062FDB448807D7F1C241DEFE7A088032122F04AFD089D43E105961A
:208780000798007C0121014007913E46761C08980670009707993A463B4610F0B9FA002884
:2087A00001D13006F2D13006059E00D166E76269002A069F20D00596107C0121014009A832
:2087C00081710892164611360622314623F0B8FC7879012805D138460C30B91D062223F049
:2087E000AFFCB81D0622314623F0AAFC0898007C022101437971059EA1793879FD22024065
:20880000480802230340D0183871090702D4DF21084001E0202108433871A0794107C90F92
:2088200009AAD37906401E430E43D6716169002922D00BAE102730463A4623F081FC304629
:20884000394622F075FA7F4800780D277E4EC1B28D4211D23168C9190A460D3A1278FF2AEF
:2088600007D00BA8102222F0D3FB012805D0754800786D1C1E37EAE7FF2509A88179002685
:20888000009610AA334610F043FAFF2D1DD034281BD16A48C07C012864D0002815D16A4866
:2088A00001681E226A438818401C895C0025009510AA2B4610F02CFA002806D110A8007847
:2088C0000BF050FF002800D1A0E009A88179009610AA334610F01CFA002824D01DF020FE04
:2088E00010A9087010A800785449097D884218D2A26825460C352ACD0F690095019102975B
:20890000039609A90BF02CFC0546A08815F012FA002D57D010A800780BF024FF1AF074FF46
:2089200025E0152523E060690028DBD010A8017806204843233010210BAA23F059F80028B2
:20894000D0D10BA8FF21102222F0F8FC0028C9D109A98A790120104022F012FEC2E7C046B2
:20896000486F0020A08805211BF0C4F90125A0881DF0F6FD60780B2802D1A0881EF044FA6A
:208980002E4EF06A002812D04368002B0FD0A0886278012198476078002808D1A079C00786
:2089A00005D0F06A4368A08803212A469847012522F07EFA002826D01F480078042110F070
:2089C00001FC20E01D48417DA088002902D01DF0C7FD01E01CF0B2FB3546CBE7D00701D014
:2089E000100708D461790022284611F0A3FE09E009200242F6D00BA80178A37C009628460D
:208A000018F062FB0125284611B0F0BD1AF0FCFE1DF086FD10A90870A1680891E1682369B3
:208A2000626900292F4600D00F69009201910297039509A9089A65E7F7670020486F00203B
:208A4000090400002E6A0020E0690020F0B595B00F4609780626002900D0FAE27C78012C06
:208A600000D1F6E20692BD781D2D01D01B2D1FD139490978FF2900D1EBE200261D2D07905D
:208A80007DD121F03FF9002879D005460A202856002873D00026002800D5DAE2C2B21D21DF
:208AA000079822F035FAA87A80210143A972D0E2079021F027F90024002800D1C8E2012D45
:208AC00006D10546B868B98809AA22F091FB0DE0817804268D4200D0BBE24368002B00D1CF
:208AE000B7E20546B868B98809AA98470646002800D0AEE22E46A878401FC1B2C201490851
:208B00005118C9B2092900D9ABE001252A468A4057231A4200D19EE0BF78E841092805952B
:208B200000D967E2800002A10858059D8746C0465D8B0000758C0000AD8C0000F58F000075
:208B40003F8D0000F58F00006F8D0000F58F0000F58F0000B78D000050750020052F00D094
:208B600062E124F0FBFB09A98B780A980A88012B00D0E8E191000A1FC91EE9E12E46059680
:208B8000BA68BB8809A8009000252846214620F075FE06460028079A00D05AE20FA8FF21BA
:208BA000017008A80570F64E706800280AD00368002B07D008A914460FAA20469847224623
:208BC00000281CD03078BB7809A900910024114622461AF04BF90646002800D039E20A9831
:208BE000002801D006980470B8781D28059900D02EE2002900D12BE21D20887228E20FA878
:208C0000017808A80278204617F086F922460028D8D00A98002802D0012006990870B87889
:208C20001D28059907D1002905D01D208872104620F018F82246706800280AD04468002CB4
:208C400007D01046164624F069F8012801D13046A0472E46FDE1092903D13169002900D0D3
:208C60005AE73546707AC7490978884200D0DFE00026F2E0072F00D0D6E024F06FFB0A9890
:208C800009A9098889000818011F0978C01E007800024018F189884200D39CE131460C314F
:208CA000401CB081308819F03EFE5FE1092F00D0E5E009A801884A1E408842432423F55C96
:208CC0006D1CF5540A9B92B29D189A5C6B781B029A180292327B012A00D04FE101974143F4
:208CE00009AA0027178089B203910496354613353946CEB203998E4200D33DE10499897CD9
:208D00000A9AB218521D401F83B228461AF00CFF002810D0B8B2864206D00A9908188919EA
:208D200009AA528823F00CFA09A94888C719099A521C0A8001E009A840883118D9E70D2FF1
:208D400000D0A8E024F00AFB09A80588308821F05FFF401EA84200DD3DE131460C310998A5
:208D6000F2891018F081308823F022F8FEE0112F00D09EE00998401E09A949884143242044
:208D8000325C521C32540A9889B208188178C078000240180025B949884200D130E1411C99
:208DA000B181F189814200D82AE131460C31308821F046FADAE0307B012800D084E0172F9C
:208DC00000D0A8E03069717D0C256943425A09AB1B889A4200D09EE04018418809AA52880C
:208DE000914200D097E0828809A989888A4200D091E080680B9922F00BF9002800D18AE07A
:208E00000197707D411CC8B271753746317D884200D329E1396945434E193888495B72884F
:208E2000B388B56800956BE009A800790A2835E0BB7809A900910024079922461AF016F8CF
:208E40000646002809D1B97809A813F0B3FA0028264602D00026069806702946A8780328D8
:208E6000079808D1898909AA1288914200D311461AF0D8FF2946084615F04CF9E9E009A8BC
:208E80000079062801D00A287ED12420305C00280DD101207BE009A800790728059D00D0BC
:208EA000A8E02420305C0028059D00D1A2E0002587E009A800790A28059D00D09AE0242025
:208EC000305C454245417CE0172F24D1308821F09FFE401FB18B0A18B283718A511A8BB267
:208EE000B18A994279D90197CD1A854200DB05463088318A3746B669F3180093ABB292B250
:208F00001AF0FFF9002800D1A6E00FA8002101703E46019F02E00FA80021017030880FA9C8
:208F200022F00AFF012F01D1012008E0307A514917F0A8FC1920B0704F4870601620012500
:208F4000012857D082E0122151430A46123A1139825C405C00028018F18988423BD23146D6
:208F60000C31401CB081308822F0F2FE307A414917F088FC162543E0049E019F02990AE089
:208F800050750020166A00202420305C401C2421705409A84188481E00250A463849884277
:208FA0000FD8308A82420CD2521CF281317B012916D10FA90A804880324888802820887103
:208FC00010E0012F16D1002D14D109A800790A2801D101252DE0002512E00FA801219CE7A4
:208FE00031460E31308821F03DF9307A214917F049FC162509A8092F02D10088002813D0D2
:20900000707A09A90091002207993B4619F02EFF002802D00120059006E009A8394613F0E1
:20902000C9F9414241410591162D0ED0002D059D07D1707AB378002100911A22079919F05F
:2090400015FF304615F066F800E0059D069805702646304615B0F0BD3E46387A054917F0AF
:2090600011FC1620019F6AE73E46B87D0FA908704FE7C04630750000F7D40200FFFF000027
:20908000FDFF000002030000F0B587B0DA4EB4686068002804D04079401E032800D2DAE21B
:2090A0002088411E1F2938D801228A40F8490A4233D0307800283AD0012528461DF03AFF20
:2090C000002804D001201DF071FF18F02FFB082738461DF02FFF002804D008201DF066FF46
:2090E00018F024FB24F090FC002804D010201DF05DFF18F01BFB208805F004FA06460028E7
:2091000005975FD03088102800D9A1E08540E948054200D19CE070689DE040280BD0802870
:2091200009D001210902884205D0E3498842002022F0A8FB8FE2E14D6878002808D0012817
:2091400042D1A87824F054FA24F048FC00283BD0B08805F0D7F9002800D1CEE07088C0068D
:2091600000D178E2012420461DF0E4FE002804D001201DF01BFF18F0D9FA08201DF0DAFE1E
:20918000002804D008201DF011FF18F0CFFA24F03BFC002804D010201DF008FF18F0C6FA6A
:2091A000B08805F0AFF9002800D154E205460088102800D960E18440BE490C4200D15BE160
:2091C0006A685EE1002046E024F01AFA24F010FA07460068039040680490012000021DF03E
:2091E000E5FE029023F0C0F80590B879E87000210222069738460191174624F0E9FB03289F
:2092000000D128E205462088402806D10698807924F0E2F9012800D11DE2059C002C00D124
:20922000F7E024F0E7F805460498C069E16920F07BF900280AD1F0482C180498C0690599A4
:20924000C96924F047FCA04200D9E3E00427E1E0304618F06BFA0690984F7878002808D0CB
:20926000012833D1B87824F0C3F924F0B7FB00282CD0002E41D000200122314624F0A8FB27
:20928000032800D1E7E1B44200D198E03088411E072900D91CE1880001A108588746C04651
:2092A000C1920000EB9400002F910000F39400002F9100002F9100002F910000FB940000C6
:2092C0000698002800D1C6E1FF2076E024F098F924F08EF9054604686068049023F044F839
:2092E0000146A879F87006980028039408D03046214606F02BFE074620E0DD48002133E0C7
:20930000022700291AD055208000285A0C4624F06BFB01900498C0690294E16920F004F98B
:2093200000280AD1D34801990C180498C0690299C96924F0CFFBA04200D804272846314617
:209340003A4624F045FBB84203D00328074600D181E1022F0AD0042F11D11DF009FE8028E5
:20936000059900D00721C248017074E1039C2188A879802943D1049924F095FADAE0002E39
:2093800000D1D4E63088411E072900D9B9E0880001A108588746C046B99300000396000047
:2093A0002F9100000D9600002F9100002F9100002F910000259500003846069985E0208826
:2093C000411E072900D9B0E0880001A108588746F1930000179600002F950000259600008E
:2093E0002F9500002F9500002F950000F19300000698002802D09DE0386800202BE124F0A8
:20940000EBF8012800D126E1A879049924F040F990E02F467088C00600D1C0E001242046BE
:209420001DF088FD002804D001201DF0BFFD18F07DF908201DF07EFD002804D008201DF055
:20944000B5FD18F073F924F0DFFA002804D010201DF0ACFD18F06AF9B08805F053F80546E9
:209460000028059E75D02888102865D884407F48044261D06C6863E0284618F057F9024690
:209480002888411E07292AD8880002A1085887468B800080C19400000F95000057960000C2
:2094A000179500005796000057960000579600001F95000002010100FFFF000020690020DA
:2094C000002A00D1C7E0FF20114624F0DDF8C2E0102800D02BE60698002815D1BBE0102851
:2094E00000D0B8E0002A0FD1B5E0FF200023314694E0FF200023314697E00698002811D160
:20950000A9E0102800D012E624F0F1F9A3E0FF200023294683E0FF200023294686E0002AEC
:2095200000D198E024F0D7F995E0102802D0002022F0A8F920468CE0284618F0F7F804462B
:20954000002C06D02846039906F000FD0746019417E0002E15D023F04DFF04460498C069B2
:20956000F1691FF0E1FF00280AD1424824180498C069F16924F0AEFAA04201D9022700E039
:20958000042700210222069824F022FA022802D0032860D00746022F01D0042F10D1022FA2
:2095A0004DD10398018806988079802903D1049924F079F902E0049924F06AF8039848E07A
:2095C000002D00D1B3E52888411E072931D8880001A108588746C046FD9500005B960000CD
:2095E000399600006396000039960000399600003996000025950000901A000038460199BA
:2096000063E738463146069A049B08E038463146069A049B0AE0FF2000232146069A24F069
:2096200065FA18E0FF2000232146069A24F047F911E0102800D167E7002022F023F91DF093
:2096400097FC802801D0072200E00822029808490A7012F0FFFC07B0F0BD38462946019A7D
:20966000D2E738462946019AD3E7C04602010100226A0020901A0000F0B593B0002800D1AE
:209680002BE204461B20000120180D905B20800020180E90FF200146663162182321C9000D
:2096A000611809910146063161180B912146F0310F912146843110912646773621467631F8
:2096C0001191214667310C910E3020180A90501C02902046E03006902046A43005902046FD
:2096E000D03004902046B43008902046BC3007901F4F1292B07A0025002800D15AE23178CC
:2097000008462D380D2800D8ECE1881E152846D8800001A108588746EF9A0000B19700009B
:2097200075970000BB970000EF97000049980000B197000057980000B19700006D980000E0
:2097400089980000AF980000B7980000DB980000099900004599000079990000B197000005
:2097600085990000B1970000A3990000CB9900005867002023F0ACFF00D0C8E1F87A002833
:2097800000D1BCE100200C994871FC2124F07CF8A0790899079A1BF091FA129AAAE7FD29E4
:2097A00000D11FE1FC2900D104E2FE2900D1DCE1002022F067F8129A9CE723F089FF00D01C
:2097C0001CE1F87A00280F9F09D0012110988175A0790A4624F0AAF800207860B860B87B49
:2097E000012800D08BE1062124F04EF84DE123F06FFF00D08DE1F87A002800D17FE1608CDF
:20980000E083204617F062FF01250C9F3D70204619F0A0FD7D710F9D297B0B980278102002
:209820001040012900D033E1002808D000201299087048780999896C490817F023F8A079A4
:2098400000211EF0BBFA32E1072124F02DF9012800D13DE1AEE123F03BFF00D05BE1F87A3D
:20986000002800D14BE1608CE08331E123F030FF00D0D6E00F98C07B012800D03FE1FC2182
:2098800024F002F8129A35E723F022FF00D044E10B99087C012800D05DE1487C012800D0AD
:2098A00016E123F0FDFA00201BF0AAFE10E123F00FFF4BD036E123F00BFF00D034E10F9FE0
:2098C000387D032800D1D6E0022800D07FE1A17900200A9A18F03CFDD4E023F0F9FE00D01A
:2098E0002BE11079012816D0D078012800D080E00020D070A179109DA8894208EB89288A5B
:20990000000900901A201AE023F0E2FE00D016E1107901286DD10E98007E0F2803D0002082
:2099200021F0B0FF129A002010710E98407EA179109DAA895208EB892D8A2D0900951BF061
:2099400051F9C5E023F0C4FE00D0FAE0F87A002810D0002210988275A0790127394623F08B
:20996000E5FF03960C9E3770204619F0F3FC7771AB4F039EB87A3EE023F0AAFE00D0E2E09B
:20998000F87A38E023F0A4FE00D0DEE00D9A107881065AD4810700D4B1E0FD210840107043
:2099A00065E023F095FE00D0D1E00D9A107B410614D4C10700D081E0810700D411E1FD2175
:2099C00008401073A1791A207EE023F081FE00D0BFE00D9A107B410600D490E0BF21084024
:2099E000107375E01098817823F04EFF0120119914E01098007900286AD180E00F990878C3
:209A0000012800D1D9E04878002800D1D2E006980599049A19F086F801200F990870129ADA
:209A200068E60B2124F040F8012800D0C2E000220F98C27310988275A0790125294623F067
:209A400075FF11980570129A54E6DF210140117001070CD5D72108400D990870A0790E9DC1
:209A6000298EAA8E6B8EED8E00951BF003F900200E9988772CE0A1791A200A9A18F068FCB1
:209A800000203875204617F021FE129A644F31E6002807D00998806C420862482146029B73
:209AA00023F0C8FBA079002101221EF06DF95C4F002028732874E881129A1BE6FE21084080
:209AC00010730E98407EA1790022134615F052FC204617F0FBFD129A0CE6002021F0D2FEB3
:209AE000012567E0204623F05BFF054662E023F0EFFD5AD1B87A002801D0162103E023F017
:209B0000D9FA57D12221204620F074F9E8E704214CE006214AE0092148E001200B998874A0
:209B20000C2143E00D2141E00E2123F0BDFF1199087001200F9908753CE00F2136E010218D
:209B400034E0112132E0122130E014212EE016212CE017212AE023F0ADFA2BD123F0A0F940
:209B6000222528461BF04CFD45E01098817808460C38082842D8800001A210588746C046DC
:209B8000A59B0000FD9B0000A59B0000079C0000FD9B0000FD9B0000FD9B0000FD9B0000AA
:209BA000A59B000023F070FE0FE0022123F07CFF11990870284613B0F0BD052123F074FF98
:209BC0000128F7D100250F9885730120F0E723F071FAEFD1A179222528460A9A18F0B8FB6C
:209BE00009E023F067FAE5D1A179222500222846134615F0BFFB2046294685E70025284675
:209C000021F040FED6E7FC2123F03EFEA0790E9C21886288A388E488009416F0F7FBC9E7A3
:209C20005867002025DF0100F0B593B0012738461EF064FA012800D09AE22E4D287823F0A3
:209C400074FB002800D193E2064600203072301D10F02EFA04F0DAF9002854D004463046D1
:209C600074300D90FF200690E63020180E902B20C00020180F90A920400020180C902046DD
:209C80002E3011900A9767710720089021F0FBFA19494878401C4870A079B0722878174916
:209CA000087040200EF03CF82060306E4C3000210B9112F01FF8074603462933306E1096F4
:209CC000716E4A78016BD006099320D43320C00020182268D1605D7803232B409B0001A564
:209CE000EB589F46019D00001B9D0000279D00002D9D00000A6A002020690020096A002088
:209D00000B23DB010BE0812023F076FD30E20B20C00108182168C86010E02D231B01C9181B
:209D2000D1609D4906E0B5239B0100E09B4BC918D1609B4909880F9A518701800D9D0C9A13
:209D4000B8794006C10F532080002018117039460831944E06220592B04728780E99087001
:209D600020462430394614310422B047204628303946183103220792B047F87E1199087075
:209D80002046303039461C313D4602273A46FB4B98472046323029461E313A46F74EB0479E
:209DA00020463430294620313A46B047A08E6084204636300D95223529460C973A46B04742
:209DC0001199087840000870208E40002086608E40006086E18E0901E18689B2628C521C82
:209DE00083B253435A00914200D8CBE0000400D1C8E00720DD21049180010E9025462C35C6
:209E00002046119921F07CFA0527A781204620F038FE264662360D99243130463A4622F0A4
:209E20008FF9099F38784009287020F0D9FC6082109D698D401A0F99C88038781F2101407C
:209E400011988173204631461AF00AFB686E4078C00603D5CA48006823F09EFC049840004A
:209E600009900E9820180390C64BC7480168A27938200E90424388188B50C4490B9D4560E4
:209E800081600C302C21049123F086F9C0480068A1791C27794346181221304623F07CF919
:209EA0000B20029070827561B561B9480068A17901974F43C019B44B1A680E9D694352183F
:209EC000106318684018B34941631098406E4078C00603D4B249039801600EE0039AAE4874
:209EE0008078400601D4116807E00D988079800601D5AB4900E0A949116009982718204678
:209F000088470146A0480268A0790E9B4343D218049BD154119A1173917AD172109D6A6EE1
:209F20005178C9060D973FD4286EEF21890041182D23C75C907D83280A9A02D0032802D1AB
:209F400002220D9B1A710A7812A90A7021F0C9F9384623F080FA002814D012A80178079837
:209F6000014020461BF0E6F900280BD086480068A1790E9A514340188A4909783A4623F082
:209F80009CFA29E08948007880210FF01BF93B2120461FF02FFFEBE0F8690020B80F000013
:209FA0004669002041C1020029353978002904D1002021F067FCA07939783A791AF020F98D
:209FC000204623F0A0FD70480068A1790E9A5143401829782D2281540A9B6D4E3168354664
:209FE000A079019F3A46424389180B74626A4A61A26A8A611E4615F0C5FF2868A1793A46BE
:20A000004A438018684A136814254D43585110684019A06620F0CCFF5D480068A1797943E7
:20A0200037464018083020675A4DE81C152123F0B3F80B9828807F20A8705C4800780426A5
:20A0400031460FF0BFF81098406E4178C9060C9909D43A46807D079908400328059800D076
:20A06000304601461746208E0D18A561608A6843192109011CF034FA411C61612168CA6800
:20A080004B4B5D43AA184B4BD218101A3E4D2A68A3790E9E7343D218D061886090883843ED
:20A0A000FE21884390802868A17971433A464718FA71F8692668306160694000119909784A
:20A0C0003B4A514340180299C9014518232000012818F88580B20F990860618E3648027C1F
:20A0E000437C1B029A18837CC07C0002C018000480180068484364211CF0F2F92C494843B2
:20A100002C4940189130B8620D980078042805D138462E301B4949193C310180776023F0FE
:20A1200015FC002809D00698063020180078000703D50E21204616F069FE2048089901702E
:20A14000A0790D49887021681D4A4A610E4B19680E9D684309181B4A8A6119680818212179
:20A16000090201611868A1796943401816214161FEF78AFF13B0F0BD2069002041C1020060
:20A18000D875002004100000D0750020B1AB00003C72002058670020E6670020692F0200C9
:20A1A000374802000C6A00200876002063690020C4090000BFFAFFFFC00B0300226A002000
:20A1C000BD2F0200DD4D0200F0B5A5B00446E8484068002802D08047002842D00321FD4BE2
:20A1E000FD480078421E1394002C0E9200D001220904169159780F919D78DA731F461837A1
:20A20000002415941495C0B2844222D2A5421BD0E5B2002117AA04262846334621F064FECD
:20A2200017981699084202D01599491C15913043C0B27C2806D10621F8262846324621F04F
:20A240005FFE3E70E34B149D641CE34800780C37D9E71599C9B2401E884204D158790028CF
:20A2600001D100202AE201200C901398002800D1102009900C98C002129000200890059061
:20A280000F9D0E9C0899200400D1E5E11591D87B002801D10120D873EEB2002717AA0423FE
:20A2A0003046394621F020FE17981399002913D01699084213D0701CC74909781CF010F905
:20A2C0000D46C44B129818825973D87B401ED873641E1599491CD6E70B970F9D02E00E94EC
:20A2E00015990B910F95C0B2702804D00F98C0B270211DF0B1FD1498C7B2002517AE0423F7
:20A3000038462946324621F0EFFD3078FE2803D0FE2138461DF0A0FD0621FE2638463246B2
:20A3200021F0EEFD0C2210467843E74C2146163110970F18B81C0790BE70149820731298B1
:20A3400020820F986073C6B21192104670430818C0880D906082FF20A073A5827D2081005F
:20A36000DC48049122F018FFD6480570E07BD84971180818D5490E7800B2314618F0A8FACC
:20A380000F9B22461491B81D0690F8880A90109F1595F6B20D99DCB2BC4200D1CAE0E807E4
:20A3A00000D0DDE08FB2162F19D81598002803D011986043101881831498C0B28442109FE6
:20A3C00000D1D7E0601C23F033FBBF4A0B460846119948431018818B00251595DBE7B94895
:20A3E0000078002800D03CE70F930D91CE1FB1B218AD20462A4615F0B7FCE98908461030E7
:20A40000B8420CD8A87A962809D1751A18A8427AA8B20E46234617F00CFE002834D00D999F
:20A42000491E0846A84A0F9B0B9E109F0D460D9080B2162800D80DE1362803D80D98064623
:20A44000163E01E020260D98801BB3B20D9081B21DAA204621F048FD9B4A0F9B2946300457
:20A4600008D0B0B21DA94018401E0078962804D0761EF3E70B9E0D98D9E70D9830180D9016
:20A4800000259248067884E7029518A8C07A0025C10707D180078C4A0F9B109F08D4029852
:20A4A0000D90EEE702980D90874A0F9B109FE8E7F61D0A9880B2B1B2091812980191814290
:20A4C00001D90C9DDDE77F480078029F310420D000281ED10D96B6B20498864200D3049E35
:20A4E000B9B2204603977B4A334621F0FDFC0A9FB9B21098774A33461DF00CF9714908706F
:20A50000BF190A97039FBF190D998E1B6E4A0F9BDCE71598401C1590019CA0B212998842C2
:20A5200004D102980D900A940C9DBFE702980D900A94BBE763480078002800D091E664486D
:20A540003018001900B2314618F0C2F95E4A0B46C8B2119948431018818B139C0B9E11E089
:20A560001598002807D0119844431019818302E0C0700020149B139C0B9E5248007800285F
:20A5800000D06EE608460A9911829082937306980180517B1220125E012338461FF026FB9C
:20A5A0004948817B1420484A125E022338461FF01DFB4548008A1299081A002C04D0099988
:20A5C000884201DB0C9905910999884206DB7C2105E0C046B4610020066A002078213846E9
:20A5E0001DF03AFC0CF0E8FA05463846364FF97B491BF9730621FC24224621F081FC0798CC
:20A600000470B878B1B26918081830490E7823F00FFAB9701491481CC0B223F009FA7970D4
:20A62000B97B119848433818808B102804D1481C23F0FEF9244B00E03B460F911398002899
:20A640000C9801D00598C0430E99491B0E91C00702D015E6139C90E77C201EF0FBF804469A
:20A66000FF281AD17E201EF0F5F80446FF2814D115494C780C2060430818807DFF2808D0CC
:20A680008878124909784018401E18F021F90C4603E07E2120461DF0DFFB0B4DEC70E0B29F
:20A6A0000C2141436818808BE880A878FE211DF0D3FB00206871288A1299081A00B225B0DD
:20A6C000F0BDC046C0700020B4610020066A0020FFFF000054550020F0B59DB00446FC4E65
:20A6E0003078FC4D2870032800D025E100203070287011A822F0B6FD002800D01AE10120E6
:20A700000E9011902846243011A91BF033FB002800D00FE10E98C0020D90F44F5E21384618
:20A7200022F03AFD0C370A21FF2238460C9222F0FDFB1EF02BFD0020109021461AF0DEFBDB
:20A74000A86029460C3122F0FFFD2C696D69204629461BF0C5FEC2B2062A00D30622E3485F
:20A760000270E34F3A700D98854200D0E2E0D002844200D2DEE0DC488068002800D1D9E0A7
:20A78000DA49109E4E710C9BCB700E98C002C8800696099607960596049608960A960193B8
:20A7A00003930293D1B28E4200D3C7E0F4B200251CAA04232046294621F096FB1BAA204647
:20A7C0000F952946F54DA84701271AAA20463946A847022119AA2046A8471C99C8B20246C3
:20A7E000703A0E2A04D83B469340ED4A134203D10246FE3A022A03D28A0CEA4B9A421FD0D0
:20A8000020460FF043F9E1490870002800D0CCE0354600261CAA04232046314621F064FB76
:20A820001BAA204631462E46DC4DA84701211AAA2046A847022119AA2046A8471C99C8B245
:20A840000C2210967243D24B9E183346163318700A0AF2758903890F71761BA98978317660
:20A86000FD2801D9102127E01BA90988CE4A914222D10B930F9814900D9DA8B2051FA9B202
:20A8800014AA0423204621F02FFB1498411C03D12946C64A1140F0D139460B9BFAB2042AC5
:20A8A00006D8C2B2FF2A00D03946000A7F1CF5E7C8B2281881B21878B1831AA98978B176B1
:20A8C0001A99F18319A98978F17619993184702810D07828AF4F109E12D07C2814D07E28EC
:20A8E00017D0FE281BD0FF281ED10698401C069002961CE00898401C0890A64F109E16E0F9
:20A900000498401C049012E00598401C059003960DE0B0B201900798401C079007E0099898
:20A92000401C09900C9602E00A98401C0A90761C3A7837E7012030701DB0F0BD0A980006C1
:20A940000BD10998C0B2012807D80898C0B2012803D80798C0B2012810D98F48042101705A
:20A960000024D1B2E0B2884210D20FF08FF8874A117801431170641C3A78F2E7D4B206981E
:20A98000C0B2A04214D18448002101700020804C6070511EA170E070A18BE1807E211DF05B
:20A9A0005BFAA078FE211DF057FA78480078C3E70898000622D00998000604D10698000613
:20A9C00002980C9073D0744802220270704E0C9CB470A0B2401C1BF083FD7170E4B220460C
:20A9E0000FF054F869490870FE2120461DF034FA0E9870710020FFF7E7FBD6E7099800063F
:20AA000019D065480E9A0270614C0C98A07080B2401C1BF065FD6170039880B2FF2819D17B
:20AA20000198FF284AD15A4AD1700C2048431018808BD080B9E70598049908430006554F4D
:20AA40008BD01FF0BFF8A04200D38EE05248032101704FE04E4A0399D1700C2141435018C6
:20AA6000808BD0801828A0D3C11F0398C0B289B214AC224615F078F9E07A4007BAD5444945
:20AA8000C878C98814ACE289891AC91F0022009289B20323224607F0ABFD002885D1A189AB
:20AAA000002982D014A8007C1BF03AFC7DE71FF089F83949A0420FD306200EE03449019A3C
:20AAC000CA700C2050430818808BC8806DE7C04623740020C070002003200870032809D00A
:20AAE000062852D061E7C046C0700020B4610020066A00201FF066F80446254E30730C25A5
:20AB0000284660433018817E7173C07EB0730CF053F800191F490C7821461BF0E1FCB170DC
:20AB2000481CC0B221461BF0DBFC71707C201DF091FEFF2810D17E201DF08CFEFF280BD19D
:20AB4000FF201DF087FEFF2806D178201DF082FEFF2801D10E4840780D49C870C0B2454392
:20AB60004819808BC88088781CE70698000609D007488078FE211DF06FF906480178029865
:20AB80000C903EE7044806210170FEE7C0700020B4610020066A0020126A00208DCB020020
:20ABA0000151000083250000FFFF0000FCFF0000F0B587B016460546041D5004059502947A
:20ABC00042D40191C805C00E00D18AE001200090000431468143039100200690864C87481C
:20ABE0000068042800D288E0049600201DF01AFE80B2451D2F4682480740606939461AF03C
:20AC000065FF06466069864204D008200699014306916661002E69D0A908F0893546103565
:20AC2000281818F027F8F0892918E279CA70C019F0810420069901430691059D286B083009
:20AC40001FF0C0FC039ECAE704962E462C36FB4C1FF03AFC039022F00DFC2F6B7969B86990
:20AC6000009121600002F7490860F748808DF84CE0811EF0E3FFF449888600200190F04902
:20AC800008830697788AEF4988801020607168881EF0E8FF0446307814F04CFC294682270E
:20ACA000002821D0054608462D3000781CF016FD002800D0B8E0032C00D0B4E00698007CB1
:20ACC00041424141284602F00BFF1DF063FDDC48019AC286B056C1B2402900D2D7E01146CF
:20ACE000D7E00020069011E00D469EE085206071DA4800990160059D049EA079002804D03A
:20AD0000686BD449C96815F0EBFF029C0198800431D50496CE4E7089D1494968411A42202B
:20AD2000375A0391B94225D24420345A286B1FF013FC002810D0022101728189491DC94A38
:20AD400011407F1AB16B884202D10020B063F063641E0398B842E9D3039887420DD1002C89
:20AD60000BD4383603987081B481102006990143029C09E0049E06990AE084207071B7487C
:20AD800001210160029C0699B648001D049E06437006C70F0F430120C503681C0199014205
:20ADA00038D0032000BF00BFA64880880599096B48820224A6484079102825D1019828401C
:20ADC000A14800881ED1411E062900D9A3E01320890001A251588F4609AE0000F5AD0000F3
:20ADE00013AF000017AF000017AF00001BAF00001FAF0000142007E0F0600020CC110840BD
:20AE0000FCFF01001AF00AF92743029C2178000208182080B807059D14D5686B8D49C968A2
:20AE200015F05EFF0EE02746059D049EF8B20F2801D8002000E00120029C21783A02891822
:20AE4000218047006078000203210902884213D1F00306D5286B08301FF0B4FB01200004D7
:20AE600086438048001D064206D0286B784A38320023D9430AF024FBB80705D51EF044F90B
:20AE800021F0AEFB20F00CFD384607B0F0BD402211436F4A7F240028059D049E01D408465C
:20AEA00000E02040684948861179002904D000060099484065490860FF20624988822846CD
:20AEC000039917F055FF07460F28AFD8686B0025002829465A4B5E4E44D05E49C968196229
:20AEE0000021417084700278D2071CD1554AD186118751879187D187198059809980D98092
:20AF0000198159819981D98101758160C160016124E0152078E7102076E7412074E702206C
:20AF200013F016FB70E7017A464AD186417A1187817A5187C17A9187017BD187417B1980A2
:20AF4000817B5980C17B9980017CD980417C1981817C5981C17C9981017DD98100780221F9
:20AF600001404908B171029800780128284604D13848C0680599C969081A01901EF026FF41
:20AF80001EF0D8F8308175610598006B08301FF019FB01271FF0ECFE70810698017C002993
:20AFA0002B4604D0428A182111404B424B413E04274C22463832A563E56317725581958191
:20AFC000022103920AF07CFAA2791F48808D2249002A02D08031084602E04007400E484055
:20AFE000059D0499B1430E4621F078FE0698007C002806D0E98D01984018012803DB032793
:20B0000002E004240BE01327002902D0012800DA0CE7002900D1084609494882032421F074
:20B020009DFD022000BF00BF0C4804600023D9430698039A0AF044FA0327F7E640140840C9
:20B040007C2009403C2009400620094040140840F0600020C065002071A10000301008400C
:20B06000CC110840FCFF0100F0B591B0002410940F941E26002800D152E10546076E0FA976
:20B0800010AA0AF041FD072801D1072648E129462931686EC07C7F280D9103D1E2480078D1
:20B0A00008700BE040B2002120F060FB0D990870C0B222F0D0F9002800D130E10196284635
:20B0C0005D300A90384661300C903E462C36391DD64838600E918C700C80FC71D448B860E4
:20B0E00038460C302021029122F056F807203070701C0F2122F050F80D98007822F0FCFC5E
:20B100007070686E407A30700E9B188801221043FE210591884318800792FA7122F068FBCF
:20B120007D21490140180490F8610B940996B470A87B012802D107980999C8703846B83082
:20B14000069038468030089038463C30394664317863B9632A21009022F01EF87F200C9957
:20B1600048710B98B866F8660E97386704982861B04800780A990870AF48007800280D9EC1
:20B1800012D0707E0599084002280DD1AB4C20680D3021F0BDF8002806D128463030216819
:20B1A000C91D062220F0CCFF707E411E8841099B1946343103910A9534240494195DFD2270
:20B1C0000A404000101818550E9854300A9C30349B4B06262146324698470C980B99C176CD
:20B1E0009848089D6880079FAF800E98883021463246934B9847EE71069D0B9828709148FD
:20B20000E8802F8109980499405C0A9A0E9F4001402109910840001DA8723846C430214657
:20B2200014463246864B9847EE72A07B012801D0042878D1039D28784001099908400D9F8B
:20B24000B97EC9014018401C089EB0710C20F0710E988E303C3406220B92214620F070FF66
:20B26000B87E0E9F2978079A1040059A11400818287038465A3021460B9A20F061FF069D8A
:20B28000394674313C46B034F079801D3080E87A801DA8806E488078400606D5B079029AB3
:20B2A0001043B071A87A1043A8723D464435284620F092FE2846214620F08EFE3C464C340E
:20B2C0001FF0C4FA0146204620F056FE0A98006FC17800790002411802D05E48484300E08F
:20B2E0005D48554AB8625D48002602213E617961B8611078002804D00C9A10781C2101433D
:20B3000008E05248006817F061FC0C9A1078EB210140103111700F985149818000E0122648
:20B32000304611B0F0BDA06E002810D0C11C0A78497809028A180AD0411D38468E3020F0C2
:20B3400005FCA86EC078089AD1790818D071E06E002810D0C11C0A78497809028A180AD054
:20B36000411D3846CA3020F0F1FBE86EC078069AD17A0818D072A07B022800D00B9E032837
:20B3800000D10226039800784001099908408019089EB071606E807C0C9B197803220240AD
:20B3A000FC20084080181870606E817C0029069D00D165E724483C22805C012818D122F08B
:20B3C000DBF8044622F0DCF8014620461AF06EFA00280A9C019EA3D122F0CEF821F0F2FA95
:20B3E0000C9B197808220A431A70616E897C0CE016480068027943791B029A188379C07953
:20B400000002C01800048018001F059A0A40022A01D1009A1060022211430329089E00D08C
:20B420002EE738642CE7C0460C6A002001100000916100003576002028690020E0690020C4
:20B4400041C10200030200005C71002090690020E6670020409C000000204E00954D020042
:20B46000AC0D0000F0B591B0EF488078FF2800D151E122F0BDF807460646FF202030395C70
:20B48000012903D138184178304642E10F20400138180C90DB20400038180E909F243D4641
:20B4A00076351EF0BAFEA87C022814D10C98007900070ED5B179708E4208B38EF08E0009A7
:20B4C0000090002019F08EFB0C9A1079E721014011710020A87402954B21912260003B465D
:20B4E00096330A930E9B1B78022B02D100230E9C2370890055003C1838462E3001900A9809
:20B500000078022810D1002010910A99087022F01FFA1099012807D1B07939466231019A21
:20B52000127B1AF0BDFE10990F967E18099778190B90218B002902D0A07D0DF043FE0720E0
:20B5400003901FF0A0FE0F9948890881B748427C457BAB18C77B0797DB19877B1097DB19F8
:20B56000077CDB190D93B24B1B6808938B7938210691059359433B4607462846089D69180F
:20B580002C25495D0491B18808928918079AB180F97CF5886918F180397D3589691831814E
:20B5A000718909187181B189109D4919B181F1898918F181318AC9183182B97C25886918C4
:20B5C0002180797A658869186180F97AA5886918A180B97AE5886918E180397B65896918A1
:20B5E0006181397AA5896918A1810B9CA188491CA18021880D9D491921806188091861804E
:20B600003568002D0ED0049949006A186B5A0D9C1B196B524A21535A18185052B87B1090FE
:20B62000FA7B3B7C089800282CD11098002829D1002A27D1002B25D10027039D2846059939
:20B640003A461EF0CAF80F9CE7830C9F3868397929400126F2070240501803D0A079002148
:20B6600022F00EF8714B587B0028099D1CD0207C002801D0E089A081207F012831D1608C94
:20B68000E0832EE000260E9806840C9F3868C10F0F9C099D4AD039794A07920F3DD000218B
:20B6A000059821F0EDFF41E00B99C888401CC880207C0226002814D0606940000199097843
:20B6C0005C4A4A4380187B2109014018109058490968A2793046069E724306468918109870
:20B6E000C8852089A189884204D0401A2DD9524988422ADC3879800603D5A0793E2122F028
:20B7000069F90B980088002801D0082100E03E2120461EF06FFB11B0F0BDCAB2521C039B67
:20B720001A40F8230B40D118386039712089E1890818A081207F012801D1608CE083A179C7
:20B74000072001221EF049F8384B2B20C0002918587A00280FD001202077029800780028B6
:20B7600009D10298807C002805D10A980078002801D1608CE083087900280BD0022804D175
:20B78000987B002801D1002003E0187D002801D002200871587800280BD058682168C8602C
:20B7A00023480168A079069A424389180022CA850EE01F480268A079069B4343D218D38D1C
:20B7C0000B601A4BD1692268D1600021E1832177743599787F2900D18121297022F0E4F82B
:20B7E000204622F0DFF82046FDF746FF012892D00121204611F018FD104810301BF012FC81
:20B8000030460D9922460CF04BFC022E01D00020207400F015F822F0DFF8002800D17AE76C
:20B82000FDF732FC77E7C0462069002058670020D0750020C4090000AA100000407200203C
:20B84000F0B58BB0D84CA078FF2803D1002020F019F8A07821F0CCFE04461B2000012118DE
:20B860000A912056002806D57F2108400A990870204612F027F82246883221462E31A06E34
:20B8800000680068002802D00020E08312E04820085C00280ED1107800280BD1907B0028D7
:20B8A00008D10A988079002804D1207F012801D1608CEAE709920191DD252B200890218904
:20B8C000E08B06914E1C3718678120461EF09AFF012803D0B5480078012803D10020E083C7
:20B8E00066813746680007900898C600099D287801280BD16A88B9B206981DF09BF8002871
:20B9000004D021F06BF92FD06A8824E0A87B01280BD1208961892A8A1DF08CF8002804D0ED
:20B9200021F05CF920D02A8A15E00A98807901283746079E18D1208961890A9A12891DF05A
:20B9400079F8002810D062892189481C80B282420AD00A9A1289824206D0501E608180B24B
:20B9600021F0D4FF401EE083A619E7190A9A90790021012803910FD110892189491C89B215
:20B98000884209D87378337002209071A17900201A46039313F0EEFC3879002804D0002061
:20B9A000E0832089401C6081287801280896049710D1688821894A1C92B290420AD1608189
:20B9C00021F0A4FF618E4143E8880E1820460EF0C5FB00E0668E0F2125462035744BE28B96
:20B9E0000692571C77437B432668F06818180790F060704838220A92825C002A029306D0A6
:20BA00006D4A5278002A04D06C4800220280608A0EE00591694A13885A1C68490A80002BB7
:20BA200001D0608A03E0408F049AD28810180599784349010591192109011AF051FD401C48
:20BA40006061A761069929705D4D2968A2790A9B5A438918CA693261079A101AC861B060E2
:20BA600008798880A08A2F68A679194671437A1811462E31D38D40001818D085099A1278B0
:20BA8000022A05D1019A1278494B5A4310180880059AA5182022484B5B78002B05D02979F8
:20BAA000114211D131460A9D1FE0039B042B03D1E1231B01C018088028791042079701D0B1
:20BAC000002008800A9D2CE00021304621F082FF2879DF210140297139480768A1790A9DB5
:20BAE000284648433818C08D0E46694307977918CA69344BD218CA6123689A60029FD21BA7
:20BB00001A617B2212018218CA85089B1B78042B04D12E315722920182180A8090B2049969
:20BB20000860618E2848027C437C1B029A18837CC07C0002C0180004801800684843642109
:20BB40001AF0CEFC1A4941431E48401890306E432F4607998D19A8621C4E307821F0CCFF48
:20BB60003178C2B2284621F0A8FC089D2978002903D100201FF086FE2978A0792A7918F02A
:20BB80003FFB204621F0BFFF0D480068A1794F43C019216848600E4807210170204617F067
:20BBA0008BFA00200BB0F0BD20690020316A0020C40900005C7100205867002014760020D1
:20BBC000D0750020C0FAFFFFC00B03000C6A0020226A0020F0B589B00446016CC26A1BF06C
:20BBE000D5FCE16F4A1C904201D935269BE1002813D0206C8A0087180837891C384621F008
:20BC00008EF9A168384620F06DFB002807D0E56F691C884205D9C62685E1532683E16C265D
:20BC200081E123786626022B00D27CE1052B00D979E1216C0A6801263240032B334600D3AA
:20BC400000235A4080230893E2500790E06720463A460B4610F0B2FE20784000001F314684
:20BC6000814008982150216C20460A461BF082FFE567E16C2046324620F060FB626EA06E63
:20BC8000E16CA36FE56F0095A84DA847A26EE06E21F07BFBA06EE26E21F077FB216F226B95
:20BCA00020461BF073FCE56FA84201D93C263AE100280ED0606CE26E216F21F0FDFD216FC2
:20BCC000626B20461BF062FCE56FA84203D9652629E1C32627E1064600280ED0A06C216F3A
:20BCE000A26E21F0E9FDE16EE26820461BF04EFCE56FAE4203D95C2615E1562613E1264675
:20BD00008036A26EE16E206F21F0D6FDE26C206D216FA36FE56F009500F09CFFE06F421CFD
:20BD200006963260666D00252778B81E0123194681408D4209DA616C304621F063F8069825
:20BD40000268900036186D1CEEE70893A06D0025069EBB1E089999408D4206DAA16C074670
:20BD600021F050F821F0AAF8F3E7E06D0025BB1E089999408D4206DAE16C074621F042F884
:20BD800021F09CF8F3E7216C08788007C30F07984001401C0026049607960396089A019059
:20BDA00090426BD90593801AB842069B00D338461860204608921AF047FE07994118C8B215
:20BDC0007A1E01252B4693409842029500DA00252A46BA40984200DB4842059B0799C9B28D
:20BDE00007911018DBB205935349C95C049AD7B29E00524A92197B00D218525D9200511882
:20BE00000006800D001F04229043081806990860204600F0FDFB6800494989190918079AA4
:20BE2000895C0791474989190818C05D04902778B91E45488019405C089A12181420059BAA
:20BE40005843424B1B18052041435918039E8E5D216C53099B00CD581F231340DD40029BE9
:20BE60001D40079B5D4045430A20059B5843384B181840190396835D019891E70798C0B292
:20BE8000012811D10498C0B28000C01C069E3060274D2046A847012030602046A847022008
:20BEA00030602046A84727789926032F3BD30020C0430790B91E012008908840FE30069D1C
:20BEC000C7B208982860002F11D07A1C2046394605F0FAFA089828602078801E079981408E
:20BEE000C94320463A4605F0EFFA781EE8E72078801E079F39468140CA43002105912046C7
:20BF00000C4B9847089828602078801E8740FA432046059F3946074B9847089A2A6020463D
:20BF20003946044B9847304609B0F0BD55CC000011C60000C9140100BE1003002C0D030095
:20BF4000FC0C0300440D0300140D03008D0303009C0703007FB51546D84A82181C2A48D874
:20BF6000920001A39A589746DDBF0000F3BF00000BC0000037C000005DC0000073C000005C
:20BF800087C000009DC00000F3BF0000ABC00000F3BF0000F3BF0000C3C00000E1C0000058
:20BFA000F3BF0000FFC0000015C100003FC100006BC1000077C1000099C10000BFC10000FC
:20BFC000D1C10000F3BF0000E7C10000F3BF0000F9C1000001C200001DC200001824012901
:20BFE00000D05CE12878022800D958E1B449887054E102240E2800D951E1022900D04EE19D
:20C0000029881AF08DF8044649E11824012900D045E12878012800D941E1A949012803D15D
:20C02000CA78032A00D1F7E00871002800D035E100244C710EE01824012900D02FE12878AD
:20C04000042800D92BE19E49C870032800D025E100248C80204620F0F9FD20E118240129AC
:20C0600000D01CE12878012800D918E19449887114E1102900D0C1E09148543010222946E5
:20C0800020F05EF80AE11824012900D007E12878012800D903E18A49C871FFE0012900D0C6
:20C0A000ACE0287886490873F8E0002900D0A5E021F02EFA002800D1DDE081480121417326
:20C0C000ECE01824012900D0E9E07D48827B2978022A00D0B3E0102900D0E0E01021B1E018
:20C0E000012900D08AE076490A7C287808740024002A00D0D3E0012800D1C2E0CFE0182423
:20C10000012900D0CBE02878042800D9C7E06C494874C3E0072971D1691C01AE06223046D6
:20C1200020F026F829780024009403AA304623460CF0EEFD002800D186E03424AFE0182483
:20C14000012900D0ABE02878022800D9A7E0002800D1A4E05A498873022800D0A2E0102069
:20C16000C873012021F060F898E0012946D128781FF056FF92E0524E307A1824002800D04D
:20C180008DE0602970D1002D6ED04E48602229461FF0D6FF01206CE0182401297FD12878CF
:20C1A00001287CD8464908720024002877D0012048724448444960221FF0C2FF6FE0182495
:20C1C00001296CD12878012869D83D49C87265E00024012963D12878012860D838498872EB
:20C1E00020F02CFD5BE01824012958D1002D56D028783349087051E0002918D018244EE0A9
:20C20000182401294BD12878012848D82C49012841D10A79002A3ED1022440E0182401299B
:20C220003DD1287801283AD82549C87436E021F06FF9002828D02248012181742EE0CA1F44
:20C240000A2A2CD2C17329E01D4DE87A002804D121F05EF9002802D0E87A012827D103A816
:20C26000007808F07FFA08E0012918D1002D16D02878707212E01EF011FA044650201DF073
:20C280001DFE17F0C1FA0AE00DF010FE044650201DF014FE03E0487120F0D8FC00242046E9
:20C2A00004B070BD0024204620F0BEFFF7E7686A03A9097801224254F1E7C04600FCFFFFD8
:20C2C000486F0020AC6F0020E8040300F0B587B0122700283CD00646C14D287809380528AC
:20C2E00001D2212535E0B07821F01FF8002833D00446B078BB4908702978002901D1BA4908
:20C3000008703078012814D1606E4078C10610D480070ED5E06E0C2500281AD0417982790E
:20C3200012025118C279007A00028018000440180FD0607A00280BD0A07B012805D1F07897
:20C34000317909020818802802D870783F2805D93D46284607B0F0BD4225FAE720461DF049
:20C3600023FF206E002817D02546433526673078012820D1A07B04281DD80121814013207A
:20C38000014218D0994800780028E1D098494978814203D10925DCE70725DAE7606E4078A3
:20C3A000400708D520463C30297821F01DF9002801D00B25CDE7707800280DD03078012824
:20C3C0000CD1059500252573A563207A01282AD17079216F4871BCE71125BAE7207A0025F8
:20C3E0000028B6D083480068804706467D4F3878012121F0DFFA204618F058F838787A4990
:20C400000978884204D120F091FC6168884271D0204621F048F87848016830468847204600
:20C4200017F0BAFA95E72046543003902646213611201EF028FF01202072E57265730BF042
:20C440006FFC60606B48006880476C490968002902D062684A60F9E76749096888476068A2
:20C46000674941615F4D28780021049121F0A2FA297811250122284601921DF0AEF9606E3E
:20C480004078C00602952ED4608C16F0C1FD3070606E007821F09AFA064600280BD04C208F
:20C4A000305C002807D0E07F20210143E177E07D18210143E175204621F09AFA002821D061
:20C4C0000546122800D044E74A48006880470546204617F0EBFF204620F0E5FF4648016828
:20C4E0002846884734E72046FEF7BEFD0546002811D02EE7406820F0DBFF3F48016830466D
:20C50000884726E7002E06D04C20305C012802D1204621F06FFA606E4078C0071ED0039891
:20C52000008800281AD0A16D002917D00599C978884213D90F201FF007FA00280ED0606E9B
:20C54000007806A90870039800884870000A88700598C078C8700F201FF004FA204D287809
:20C5600000280DD020461BF095FD002835D0226E002A32D0A37B2169012B1CD1906A1CE013
:20C5800020480078002822D0606E407880071ED01D483C21405C012815D120F0EDFF0546F2
:20C5A00020F0EEFF014628460D4D19F07FF900280DD01E25CDE68088800040180399497AB4
:20C5C00021F0E8F909E01148006819F0F7F90298287001982072FCF757FD049DB9E6C046DC
:20C5E000226A0020086A00200A6A0020236A002020690020A4750020A87500202C740020DD
:20C6000039460100286900205C71002090690020F0B589B0044680202158C8080D460391EB
:20C62000E26F511C4143E06DC9B28F00C019616F636C06AE0BC6A807060F05A88159206E8B
:20C64000A36F0092BB4D0A46A847606E20F0CDFE05A88059A16CA36FE26F0092B64D0A466B
:20C66000A847E06E216FA26C636E06920791089305A98959E26DD2190497236EE56C069264
:20C680000793089505AA20F0CDFEAA4DA847606EE16EE26C06AB07C305A88059E26F521CC8
:20C6A00020F0B0FBE06E216F06900791089005A88059216E20F080FE9F4DA847206FA16EFF
:20C6C00006900790089105A88059A16DC919226E636E06AD0EC505A98959A26CE36C656F76
:20C6E00006930795089205AA20F09CFE914DA847606F216E06900791089005A88059A16E8C
:20C7000020F05AFE8C4DA847234660330ECB06930791089205A88759E56C606F0691079569
:20C72000089005A9895906920790089305A88259A36FE06F009038467E4DA847226E606EF8
:20C74000616F06AB07C305A88559E16EA36FE06F00902846784FB847216E226DA36FE06F10
:20C7600000902846B847E06C616E226E06AB07C305A88159E06E626FA36E06AD0DC505A8AD
:20C78000805920F019FE6B4DA847616EA06D049FC219E56E06A826C005A988590290216F00
:20C7A000226E636F06910792089305A98959E26DD219636C06950792089305AA20F032FEF5
:20C7C0005C4DA847606EE16DC919E26E06AB07C305A88059E16F4A1C029920F013FB206D76
:20C7E00020F003FE05A88159206F226E06900792089005A8805920F0DFFD4F4DA847606EF0
:20C80000616FA26E06AB07C305A88059216EE36E06920791089305A98A59A36FE16F009108
:20C82000464D0146A847226F216E206D06920791089005A88059636E06AD0EC505A989594D
:20C84000636CA76E06930797089205AA20F0BEFD384DA847616F606D049D4019626C069139
:20C860000790089205A88059A26E06920791089205A98959E26E236F06920793089205AA3A
:20C8800020F0A4FD2D4FB847606F20F0AEFD05A88059626C636D5B1906920793089205AACF
:20C8A00020F094FD254FB847616FA06EE26E06910790089205A88059636D5B190693079272
:20C8C000089105A98959636E276E06920793089705AA20F07BFD174FB847616FA06D401926
:20C8E000A26C06910790089205A880590490A26E042303980340E76E606E069707901B1DA4
:20C9000005ADED5806910792089505A98959226F256E0690079705A8C058069207950890DA
:20C9200005A88259A36FE06F00900498034CA04709B0F0BD55CC0000F9CD000081CE000010
:20C94000F0B585B0019104464079039020790290E0780490257AE679A77920781FF0D8FB26
:20C9600000280DD04C300178002909D061783322114201D012273CE0A17DC078814235D1F5
:20C98000280431020818C2196078000713D40398000402990902081804994118112720299B
:20C9A00027D3A548814224D8202A22D3824220D8A07A0328DED8A07C1225032818D8207DD0
:20C9C000411E032901D3832812D1607A0727384060720DD003922078012104910BF052FE0C
:20C9E000002809D00646007A01280ED10C2700E02F46384605B0F0BD002020F0D1FD944925
:20CA000009788842F5D10D27F3E7B06EC17800790002401805D1F06EC1780079000240188D
:20CA20000ED06078C0060BD4A17D227D304620F0C3FF8249039A5143884201D94527D8E7CB
:20CA4000039537467437354629350021717274663175607A0A46032A0ED00346D340DB0746
:20CA600008D04B1C33750906194603D11146253171750499521CEEE76078C10608D4049704
:20CA80003046214620F0B2FF07460028B1D124E0217D012944D101461039052914D80497DB
:20CAA0000020890001A25158039F8F46C5CA0000F3C90000D3CA0000D9CA0000F3C90000C3
:20CAC000D7CA0000032007E01D2829D10497012002E0022000E00420B073E07C7F2804D1AD
:20CAE000574800782F4628700AE040B200211EF03DFE2F462870C0B220F0ADFC00280FD08D
:20CB0000019D002D03D0387820F0FAFE2870A17A012907D87976049801703046303038E019
:20CB2000039F66E7474D28680D301FF0F1FB002805D0A07A3D46C1070FD044490EE0304678
:20CB400030302968C91D20F05DFF03207876A07A049908700121014018E03B491FF036FD31
:20CB60000028039F00D144E730463030A17AC90701D0364900E034492F4620F043FFA07AA0
:20CB8000012101406976049801702E4D28680170401C002901D02D4900E02B4920F032FF69
:20CBA0006078400744D5A07AFE21014002291CD1049724480068E17A25460C350127394094
:20CBC0002A4610F0ADFAFF2817D003961D4909681E26464388190D301FF09AFB002814D065
:20CBE000E07A04998876039E0AE0E07AB87630463C300C340622214618E0E07A049988768F
:20CC000030463C300622294610E00E4C20688019C11D0D3016F004F804988776039A104687
:20CC20003C30216889191646C91D06221FF088FA012070720027DCE600B80B007102000040
:20CC40000C6A0020E0690020386900204069002024740020F8B444464D4656465F46F0B4E5
:20CC600000B501B40B9B5B005B1C6C469B00E31A9D4610B46C46241D00266D46009CE36A2C
:20CC80002D1D9B00EE505B00EE50E36A013B9B0098465B009946002300240025002702E027
:20CCA000370040463F1A9A46A346AC46B646F01B1458C859030C80B2250CA4B21E006E4378
:20CCC0006343454360431C041B0C00195E412C042D0C00196E4153465C4665461B18744185
:20CCE0000020454176460437474501DCB742DADD6846001D835123462C460025043646451A
:20CD0000CCDD4E45CCDD8351009B9969083102464E4604361068009B9C6924684443A1465C
:20CD200000270023002400259A46A346AC46B6464C46C859030C80B2250CA4B21E006E435F
:20CD40006343454360431C041B0C00195E412C042D0C00196E4153465C4665461B18744104
:20CD600000204541D0591B18002044414541002F02D0043FD35104370437764623462C4611
:20CD800000254745D0DD301D8742EBDD043FD351043E464500DDBDE710BC2068E36A9B4620
:20CDA000024691466846012720C840C97F08B5417F4120C2013BF7D105682F430126F7412C
:20CDC000FF17FE4368463840494631400843494639406D46354029435B4604C904C0013B81
:20CDE000FBD1A54603BC8E46F0BCA046A946B246BB46F8BC7047C046F0B444464D465646A1
:20CE000070B48146079CA246002720C940CA7F0875417F4120C0013CF7D1B84648460833D9
:20CE200054466A46A400141BA54604B46A46121D5446012720C840CB7F08B5417F4120C27F
:20CE4000013CF7D1424617430126F741FF17FE4348466946091D0D463840314008434946BC
:20CE600031403D402943544604C904C0013CFBD101BC854670BCA046A946B246F0BC704740
:20CE8000F0B444464D46564670B48146079CA246012720C940CA7F08B5417F4120C0013C4A
:20CEA000F7D1B8464846083354466A46A400141BA54604B46A46121D5446002720C840CB90
:20CEC0007F0875417F4120C2013CF7D147460126F741FF17FE4348466946091D0D46304005
:20CEE000394008434946394035402943544604C904C0013CFBD101BC854670BCA046A946C8
:20CF0000B246F0BC7047C046F0B444464D4630B4884699466C469B00E31A9D4610B46C46BB
:20CF2000241D4B460832012720C940CA7F08B5417F4120C4013BF7D16A46121D0125EF4170
:20CF4000FF17FD43414629403A4011434B4610C910C0013BFBD101BC854630BCA046A94632
:20CF6000F0BC7047F0B589B00546B94E20F034FC0746B84847822C78042C089522D32E8DA7
:20CF8000B004850F28012838B84223DD0794C41BB006820F0A2006904243AF4B20462946F1
:20CFA00098470190B005820F0698424320462946A94B98470590032232402046079C29464C
:20CFC000A54B26E0002705970297079706970497039761E0B50B29017D204840B8421BDA50
:20CFE000381A079031068A0F0A2106914A432946994B984701903005820F069842430798DE
:20D000002946954B9847944B05903007820F079829469847029003E000200590029001906C
:20D020008B4E0898C36A19070A17394619394A43B58CED070DD11D032D171E02361769431B
:20D04000C91188190690824E181704901B01181709E01D062D171B051B176943C911C818D9
:20D06000069000200490089DD111082C0390079111D32A462B32222F10DD127813079B0F43
:20D080009209233F15467D436D0010356E095F4310377F0918E0019F2A8A45E0102F23DA31
:20D0A0001278032313409206920F0F25ED1B16466E436A4F77436A4EBE1976165D43694F05
:20D0C0006F43674D7D196F1605256B435B086A43964200DB1646F2179F42089D00DB1F4609
:20D0E0009643FA17974301E0002637462A8A93049B0E15062D17282159408B19EE1B3F2B9C
:20D1000000D33F230721CD43AE42019F00DC2E4655490A403101C9B251181B020B43052133
:20D12000CA025A404A4E089D2046504B196F11431967697B7F252940402251407B187F2BCE
:20D1400000D32B46718934461E020127BF037E400E4366812646A1895B187F2B00D32B4620
:20D1600031891B027B400B4333810899CF7B2F400599002905D057407F187F2F00D37F27D0
:20D1800057400346089C069D3848C16E3A0207460A43C266E18A49060A0F0B2A06D802983B
:20D1A0008018318842180C2A00D30C2230347088824200D80246386ED100014339660020D3
:20D1C00020560221C943884201DB024600E0421D0799042B00D00246F08B081880183860CB
:20D1E000B08CC00724D1308C0499039F394302D102461E4F1BE00F24024622400306002F28
:20D2000005D0D219D1178A430F2A00D32246174F1B0F0499002905D05B18D9178B430F2B8F
:20D2200000D30F23FF21884310431A0102433A61708C002D09D0C1B24919CA179143FF2203
:20D24000FF2900D3114690430843786109B0F0BD2068094058730020257E02008EE3380015
:20D26000FFFFFF00C7711C000FC0000088300840F0B5C5B0AF490978002901D000268CE06F
:20D280000E902127FD43AC4800240465012631461BF076FC00287ED00B9613A8FF21017069
:20D2A000A64801680A0E31A802700A0C42700A0A8270C170A24909680A0E02710A0C427105
:20D2C0000A0A8271C1719F4909680A0E02720A0C42720A0A8272C1729B4909680A0E027349
:20D2E0000A0C42730A0A8273C1732E461B360E98002852D0102105911EF0D3FF00284CD185
:20D3000092480178924802780846104348D1914800680890059C14AE4C2130461FF03CFF43
:20D32000279613A8289020F0D2F80FAE30461FF075FB81208000308027A8314619F0D6FF3C
:20D340000D90002827D0019703952DAE31A9304622461FF055FE29AF38461FF026FE0E9DB8
:20D3600029950898810020460C914C082B942C9035A82A900D98394632461EF07FFB002819
:20D3800078D028460C991FF007FF0D981FF087FF039E213601E021352E46304645B0F0BD28
:20D3A00006920791019735A840211FF0F5FE69480668694800680290684800680D90684836
:20D3C00000680C9003952F4621370494099420460E990896B04268D00A9080000D580798BC
:20D3E000002816D06F4000213804084605D10498401C029A904200D398E03A0C06D1641CA1
:20D4000002998C4204902F4603D38FE00C4604902F460698002826D0A8B235AE31461EF07C
:20D420007BF9280C3146089E0B9D1EF075F90998801D0990400A16D00021084609912028AB
:20D4400011D035AA125A0D9B934210DB35AA125A0C9B934202DA0029294624D135AA002306
:20D460001352801CEBE70A98401C0E99B2E70398461C92E72819299035A810302A9029A982
:20D480002DAA0D9C20461EF0F9FA064628460C991FF082FE20461FF002FF002E039C07D09D
:20D4A0002134264679E7039E77E7039D019F31E71EF0A6FF2B4800780199C9001E4A5054E7
:20D4C000501811465C311546543551659065412080000021115414AE30461FF0A7FA059885
:20D4E0003070214800783075213415942846314608F010FE0028264600D14EE735AF00247B
:20D50000284639462246234608F004FC1DF09DFE06462021384622460B461DF0CFFF002EE0
:20D5200000D03AE7012003490870BAE70398861C33E7C04621740020485B0020AC7500205E
:20D54000B0750020B4750020B8750020870E0300830C0300E0100300E4100300DC100300ED
:20D56000D8100300FF0D0300D3100300F0B587B00022002800D148E1A74E20C82C0C731C07
:20D580002F461D42039105D00B8825469D43AC420AD03AE1002C03D18B78002B04D134E175
:20D5A0000B881C4200D130E137400322002F00D12BE139463E46B90A00D026E19749096802
:20D5C0000091FF210691002529460195002E00D118E1002D01D0069C12E002C80A46904B5A
:20D5E0001A40551C0A04140F090C761E920F022A79D80122A2408B4B1A4274D08A4A891878
:20D600000B2C00D904E10694A20001A39A58974649D600005DD6000041D6000041D60000E6
:20D6200067D600005DD6000041D6000041D6000049D6000041D6000041D60000E3D6000046
:20D640008A072A461DD0DBE08A0700D0D8E00A46002D14D0002308C26D1EF9E7CA0700D0AE
:20D66000CEE06A080DE0CA0700D0C9E00A46002D05D0931C002414806D1E1A46F7E70022AF
:20D680001546964200D2BFE0002A76D00592069A521E0A2A00D9AAE0920002A39A58049675
:20D6A000059B9746F5D60000D1D600000FD7000079D7000035D70000D1D6000059D7000062
:20D6C00079D70000ADD70000D1D60000B7D700001A460E46002A4CD008C808C6091D521E13
:20D6E000F8E7CA07ADE7082C7FD3092C00D180E0AA007FE01A460E46002A27D008C81F0C21
:20D700009BB233607760521E08310836F4E7012214041E46002E2DD080C83A0CBB039B0FD0
:20D7200003D027426CD1575201E0BBB25350059B761EEFE71A460E46002A07D008C81C0C1F
:20D7400033807480521E091D361DF5E70122D243059B5A4355190EE0012212041E46002EC1
:20D7600007D0036813424BD1001D1C0C6352761EF5E7059BED1A049EF61A012D00D025E729
:20D7800001250422069B1343052B00D01EE7002E3BD033460288069C052C01D10A8000E0F6
:20D7A0000A601E46001D5E1E019D0FE70860ED1A9A008018E0E7039A94781A460F46029412
:20D7C000002A0FD008C8002C01D09BB206E01C0C3E68A643029C9BB23343049E08C7521E47
:20D7E000091DEDE7059BED1AC6E7104A07E7059BC2E704225218009B9A420BD80C4AFEE626
:20D80000062202E0019A00E00422104607B0F0BD0522FAE70722F8E7FF3F00000011030041
:20D82000FF0F00000F0800000000084000000940D4680020F0B589B000261C2900D931E1A2
:20D840000C460546806E006800680A2916D80121A1408322D200114210D0002800D021E1A5
:20D860002A4682329948075D0D2C079218D80120A0409749084204D0002012E00B2CECD079
:20D88000EEE711218901084201D0012009E00B2C06D190480078C01F41424141089101E016
:20D8A000107E089038461CF029F9002800D1F9E039460746D9204000281805907E1C3846D2
:20D8C000143806900491089A1DF0FDF83C70A11E162900D99FE05B20FF2280000632281897
:20D8E000AA18890001A359588F46C04613DA000017DA000017DA000017DA000017DA0000FC
:20D900002DDA000073D9000033DA000017DA000017DA00004DDA000017DA000073D9000061
:20D92000ABD90000ABD9000065DA000017DA000017DA0000F1D90000F1D9000049D9000008
:20D9400049D9000049D9000028467730059A517A7970517AB97000781828069E00D086E095
:20D96000059AD088002800D1ABE029890818D080A8E05A498878039048780290C878019029
:20D980000879000600908B794A79087AC979B171F071327173710098000EF0700199B1701A
:20D9A00002993170039971704CE04178039101780291C17801918178009143790279C17963
:20D9C0008079B071F171327173710098B0700198F07002983070039870700020F87278726A
:20D9E000B87238460C300C21FF221FF09FFA3DE0016A406A30713170020EF271020CB27135
:20DA0000000A7071080EF070080CB070080A70702CE0D07E0BE02846314622461FF0D8FD09
:20DA200028463146224612F0FCFF1FE0107F30701CE01178B81C79702849891C07221FF0DE
:20DA4000BBFE3879F721014039710FE022480178797041888088F0707170000A3071080ACF
:20DA6000B07003E0017E7970407EB870069E0898002805D003212846049A3B4612F008F960
:20DA8000A86E31461AF0BEFF142C04D0022C0CD10020E88302E01B20059908800799088815
:20DAA00048800126304609B0F0BD284621461FF0BBFD284621461EF08EFC022C0799EED204
:20DAC000EFE70020F870D0793871D0E7FC0B030038200000226A00204E690020E6670020ED
:20DAE000F0B58DB0994A12680029069201D0916801E006CA8918471A1FF0F8F806461FF04F
:20DB000002FF864238460FD0380CB9B2320CB3B204465C430D46554364195943090C611812
:20DB200089094243900208180190894A894B8A4C8A483818401C000C01210291C907196086
:20DB400058601080606801058D0EC0023C46C70D204629461CF0CAFC0646BD4203D02046D1
:20DB600039461CF0C3FC7E4F7E4D000430437A49486408680390059420461AF03BFE06464C
:20DB8000386840017968C904C90E09187A68BB696C1C1F271F405806800F2342049402D10E
:20DBA0001B06DB0FC018D4B24F436F498F4201D8042100E00321451830463F308009604371
:20DBC000000C19F003F90A21091A00290ADD0922101A029B1A4682409619CE4074438E4080
:20DBE000691A04E00A38744329188440029B5E48874200D80023DF4009256F43002901D4BC
:20DC00008F4001E04842C74001995848076044600598814203D008461AF0ECFD0646039B20
:20DC20009800C0B270434C4AD0639809FC210140714311644E480168C907FCD14548846821
:20DC4000069E706821461AF0BDFD414F7880B06821461AF0B7FDB8803068C11702464A40DE
:20DC6000511A203189096143083109094D433C498969049A114201D0002101E00906C90FB5
:20DC80001622521A15234B400127394699406918D140002800DD4942364808403049C86014
:20DCA000C8653569002D4FD005972001F1680A0B42432C4B0B404343180B80182F682E498C
:20DCC0003940C20B4A435208244B03404B43180C84181034200C19F079F87B0C1821C91A8A
:20DCE0000022914204D007AF0026BE54521CF8E70821081A6109C2179043059A92048240C8
:20DD0000044613345B422D1D002B09D02E784E43B618E64007AFFF183E765B1C6D1CF3E701
:20DD200000210D4C182905D007AA525863185A62091DF7E7032800D3032010490A6830237E
:20DD40009A430001104308600DB0F0BDD46800201A6809401835084080340840FF7F00008A
:20DD6000D4200840FF0F00001CC7711CA82408402C320840FF030000FFFF01004031084075
:20DD8000FEB50C46C80305D4600740D4200758D400242CE10127380402909648007810F08F
:20DDA00003FD002800D120E1064605463078B02853D0B12865D0D0286DD0C22800D011E140
:20DDC000A87800286DD18C4847720776F11C8C4F2022019238468B4B98473146233138467A
:20DDE0002030019A874B98474336403738463146019A844B98478048C06A002851D0436873
:20DE0000002B4ED06A7800200621984749E07A48C069002813D01DF04BF800280FD00546F0
:20DE2000C07A00280BD10120E8722889A97A6A6804F09CFC6868002801D01FF0F1FC04200E
:20DE4000D4E06D484078012805D16C480078002801D10CF081F80820C8E02879012829D074
:20DE6000092849D07D2871D01E2800D0B5E06248C07D002800D0B0E0688800210EF028FE23
:20DE8000ABE02879002800D0ACE06888E9882A8913F032FFA6E02846FAF7F6F9002800D0BE
:20DEA000A0E059480078FF2800D19EE029461CF003FD9AE0504F787D002800D08DE0287AC3
:20DEC000082800D086E0688801901DF079FC032849D002287ED1102100221FF09FFD00908E
:20DEE000019817F059FE00286AD04449097800295FD00120787063E03F48407D00286CD16E
:20DF0000697868881A2966D001901DF059FC032837D00228384960D1288901280CD168890E
:20DF2000032809D1E8688078002805D1102101221FF074FD30490746C86A00284DD04368DA
:20DF4000002B4AD0052101983A4630E02A48407D002842D16F8838461DF032FC014638464E
:20DF600012F022FF39E0042100221FF057FD0246F86A00282ED04368002B2BD0042101985C
:20DF800027E028891822012808D16889032805D1E868827804211FF041FD02461648C06A0F
:20DFA00000281AD04368002B17D004210198984713E04379811D0122134018461DF0FCFAD1
:20DFC000F86A002806D04368002B03D005210198009A9847688817F0B1F80836297930460A
:20DFE0001EF094FD28461DF033F8029844402046FEBDC046F7670020486F0020217600208B
:20E00000AC6F002041C10200C2730020F0B591B08C4A11788C480078814201D100240EE133
:20E020005168091D0027B84207D00A78002A09D07F1C3D22D2008918F5E7002420461DF0A4
:20E0400021FCFCE0F8B21FF0D3FA044607201090800120180D90DD20400006902118079136
:20E060001B200B900001089020180E90632080000A90201809905720800001902018059098
:20E080004B2080000C90201804908D204000029021180391FF231846063021182246F03268
:20E0A000204686302546623501260F96A680A771002767626E71AE72A7662767A76026740D
:20E0C0003926A755A7612777E78307748770019EA7558026AE742F75EF778626A355029EB2
:20E0E000A753039E778077710775F020275257609760977317730C9827500C921761CF74EB
:20E100008F744F740F743046F781B78177813781049883624D48059A5060178193724C484A
:20E12000069AA052079807718770024649480078D0700E9887715320800022181E46E63663
:20E14000A755C5267600A755089EA75527509771978041480088099EF08040480088708006
:20E160003F480088B0803F4800880A9AA0523E483E4AB260F06032617061B061F0613062F3
:20E180000E980B9A42800F9A02717720812802D02354401CFAE7364803782B7043786B7066
:20E1A0008378AB70C378EB70007928711098C043304A002805D013185B7A0D182B72401C61
:20E1C000F7E70878FB2202400A702B480D9D28600C980775A07911F0FDFA284800782875AD
:20E1E000EF82287EFC21014029762A462032286A167910998E430F99C907014020480B186A
:20E20000109216712B62AF812F61AF600220A8732F710C4A1078411C1170002801D1A079CD
:20E22000907013200001201816490B4098210E401C211D461EF0B0FF10980671056020467A
:20E2400011B0F0BD20690020236A002030750000010200000D6A00203E690020006A00206A
:20E2600036690020FE690020480148011B001B0059690020E6670020692F020036760020DB
:20E28000400A0100400A0180F0B591B0974800781FF04BF80546964CA078FF2802D100207A
:20E2A0001DF0F0FA6078002800D11DE1109520270024904EE0B21FF09BF905464079012848
:20E2C00004D179208000285C384205D1641CE1B230788142EED300E03078E1B2814209D185
:20E2E000109C002C0CD0A07A1FF082F90546606E807A0BE0804C20681FF0CCFB002801D0A5
:20E30000FF2003E020680178022008430721890169180E91A9214C0029462C310B915321C9
:20E3200089006B182A5D7549097800290F9229D00D940A93FE2108400024022808D16E4EC0
:20E3400030681FF0A7FB0F9A002801D13068C41D099410460A9E314614461DF0CEFF0028EA
:20E3600015D024200E99085C38422ED1109800282BD01098406E807C5F490968012831D888
:20E380000A9C2BE000260D930C960B9C80E0204631461EF01BF9002700280C9762D056489C
:20E3A0000068214632460EF0BBFEFF285AD0524C21681E274743C8191FF06CFB002846D083
:20E3C00002200F9901430F914CE00F980A9C21461DF093FF00280DD047480168204618F0A5
:20E3E00005FC05E008460F990A9C22460EF098FEFF2803D100200C900D9447E0FF21E631E9
:20E4000069180F910D9969180C913B4E31681E274743C819C01D062221461DF091FE3068A5
:20E42000C619C75D0222711C109B002B0D9105D07420185C0F9B18700C9B1CE008970F9FB5
:20E4400014461EF025FE01280ED101200DE02068C0191FF01FFB002804D12068C019407F74
:20E460000128ADD00D9611E00020387022460A9C0D990C9B089F3A430F92F01D0C900120B0
:20E4800038401870062220461DF05AFE0B9C099EA979688E40086A8CEB8E1B0924780D9F00
:20E4A000009701960C9E029603AE1DC6002001220F9B06F053FDA8790E990968104A891AEF
:20E4C0004A1E914118F038FB109C002C07D0204615F062FAAA790021204612F0C9FCA979BE
:20E4E000072001221BF079F911B0F0BD096A002020690020236A0020E069002028690020E4
:20E50000692F0200B0B50024411E072928D8880001A108588746C04639E5000087E5000062
:20E5200055E70000A9E5000055E7000055E7000055E70000C9E50000884D1FF0A9FA002800
:20E5400005D08B480068002801D0808885001FF05BFA00284CD0012029461EF054FFF8E0B4
:20E56000102837D07C49884202D0202800D0F1E080484088C00600D1ECE01FF087FA002867
:20E5800030D00420E3E01FF06BFA002836D076480068006A7549097805224A4380188179DD
:20E5A000C0791EF0B5F92AE01FF070FA00282CD06B48006840696B49097809014018017BE8
:20E5C000407B1EF0A5F921E01FF0FCF9002823D0C56A22E003201FF0F7F9002835D084218F
:20E5E000455833E01FF054FA00283ED00120AEE01FF036FA00283ED001202CE0574D1FF0D4
:20E6000045FA00280FD002203AE0544D1FF056FA00280ED0042061E0504D1FF037FA002808
:20E620000DD008202CE01FF049FA00282CD0022054E01FF02DFA00282CD0042069E01FF027
:20E6400027FA00282CD0082063E0444D1FF008FA002804D0102029461EF0D7FE79E01FF082
:20E6600015FA002822D010200AE01FF0F9F9002822D002206BE01FF009FA002829D001207B
:20E6800029461EF0BCFE64E01FF002FA002829D002203EE01FF0B8F9002829D004205BE74C
:20E6A0001FF0B2F9002829D0082055E71FF006FA002829D0102011E01FF0A6F9002845D1DE
:20E6C0001FF0FCF900283BD1002420461DF0DAF840E01FF0F3F900281FD0012029461EF0C9
:20E6E00090FE36E01FF090F900281BD0022033E71FF0B6F900281AD00420ACE71FF0B0F950
:20E70000002819D00820A6E71FF0C2F9002819D0102029461EF0B0FF1BE01FF0B9F9002818
:20E7200018D063E71FF09CF90028A2D112E01FF0ADF900280ED024E71FF0C0F9002809D0E7
:20E74000082004E01FF060F9002803D0102018F02DFC04462046B0BDFFFF0000A8610000C5
:20E76000347400200F6A002030740020106A0020D869002038680020F0B58BB08F4880780A
:20E78000FF2800D1EDE01EF033FF01460B20400108180190FF200090203008180290084611
:20E7A000FC30059008469A30039008916C31049100200A90824E35461035183628463146A5
:20E7C0000DF098FA002800D1CDE081784418E17801270991890600D50A971AF02FFD400712
:20E7E000C10F079703D00A98000600D1C4E00327099B1F4000D1C2E0201D06780A9A1206A4
:20E8000002D0002900D0B7E0032F089D16D0002E14D004990978002900D1B8E005990978F8
:20E8200001290BD167490978082902D0072905D1ADE00599C978012900D1A8E0032F04D0A3
:20E8400061490978012900D196E00692441C0398007800282AD002980078012800D18BE078
:20E86000361FF2B22846194623460FF0BDFD002800D08FE057480068804729462546044657
:20E880004E48406889793D22D2004A4380180099663100224254019988790968490811F09C
:20E8A000F1FF4D48016820462C468847032F0BD01DF09EFB0499087240488078F2B221466E
:20E8C0003B4605F073F875E709942578012300241C2D194600D32146F0B202281A4600D09B
:20E8E00032461B2D00D032460698002800D132460598807B8609022E1F4600D82746284692
:20E900002D380E2800D323463B400B430D280BD8324828182D380021022E00D80B4600782E
:20E92000D4B2844200D00B4609991B2D04D82C48405DD2B2824209D1002B07D0214800788E
:20E9400008280AD108981EF062FD33E7029885700721089812F05AFA2CE708981EF074FEA5
:20E9600028E7002007E02846314617F059FE284618F058FB0120079007980BB0F0BD284648
:20E98000314617F04DFE284618F04CFBF4E71EF06BFAF1E71EF068FA0C4800780128EBD1AA
:20E9A0000B4D2878012107910C03214619F056F8287821460AF006FCDEE7C0462069002061
:20E9C00040720020226A00202F6A00202869002063690020A4750020A8750020970F030044
:20E9E000FC0B0300FEB51446022802D116F0EAFCBEE00D46904F39680A78032A00D9B7E087
:20EA0000920001A39A58974619EA000087EA0000C7EA000033EB0000C11E032900D29DE054
:20EA2000012800D19AE0002800D0A1E00025284611F0BCFD002800D09AE00195204614F02A
:20EA4000C1F93D68002800D5E7E00646A860A988009117F045FDE86000994143711A2974A7
:20EA6000090601D0401CE860384608301DF0E4FA72480168002901D0012088473868734908
:20EA800001800198D1E0052872D8820001A39A589746C04659EB000059EB000071EB000055
:20EAA000ADEA000059EB000065EB000063480268002A00D1AAE002209047002800D1A4E01B
:20EAC0000320112152E0052852D8810001A251588F46C04659EB0000EDEA000071EB000039
:20EAE00059EB000059EB000065EB00003E46083630461EF04BFB002807D03868C169304673
:20EB000016F0D4FA30461DF097FAE0780006A178090408186178090240182178411838689B
:20EB2000C268521E91423BD1027C002A38D0121D37E005281CD8810001A251588F46C0469D
:20EB400059EB000059EB000071EB000059EB00007DEB000065EB0000042107E005211DF096
:20EB60000DFF43E716F02EFC052000211DF006FF002C02D020461EF0E3FCFEBD0420002186
:20EB80001DF0FCFE3868058B2C48001D16F0A0FD0028EDD12A48132229461DF095FAE7E7A4
:20EBA000428843698B4219D1EBB29A4216D180884843111F221D89B211F02CFD0546386876
:20EBC0004169491C4161C268914211D00E2D0FD0002D06D11B490180002513E000214161C8
:20EBE000032505210902018016F0ECFB386809E012490968002902D0032088473868124911
:20EC000001800E254069294604E039680D480880486900211AF09EFCAAE7E87E401EE8769D
:20EC2000000601D00A2000E0102002AA1070002001210BF0B9FF9BE7786E00209C740020EA
:20EC4000F53C0200020400000304000001040000F0B589B0069314460E460546087AC006B7
:20EC600024D4109B0F9A0E9F3078022859D17068017840780002401880B2814941180429BA
:20EC800024D8880001A108588746C046A1EC00006DED000081ED0000A1EC00009DED0000AF
:20ECA000002A00D091E0F068008870E020461DF041FE002808D003460A22284631469847CE
:20ECC00007460028CDD0D7E00E27D5E06D494118022941D36C49884275D06C49884220D1FF
:20ECE000002A72D101203880F0680078069C20707089401C80B23D460027394616F02CFDED
:20ED0000002800D1A6E001782A888918891C2980817A6170C17AA170E31C416802781846C2
:20ED200064E003930492059720461CF08FFD0E27002800D1A0E00468002C00D19CE011988D
:20ED40000499009103990191029028463146069A059BA04707468FE0002A36D1F0680278FA
:20ED60003A80416806981DF0EBF984E01D46F06814461EF0F0F881B2A14228D207277BE099
:20ED8000002A22D1F068016828461DF055FD0221398006990870000A48706CE0002A14D1B8
:20EDA000F068072139800178069A11704178517081789170C178D1700179117181795171DA
:20EDC000C079907157E0002A13D00B2754E03B460027A1423A4604D02A1991422A4600D812
:20EDE000021B1A80F068011992B206981DF0A8F942E0F06804880420388006990C70200A33
:20EE0000487008A9204616F0A7FC00282CD005461F4CC66808A8028807AB284621460DF0B4
:20EE20009DFB002809D16A682B781A48022114F07BFE002801D107A8048030780228069C20
:20EE400015D1201D716802221DF07AF93888801C38800CE02888001D2880601C00270422D4
:20EE600039461DF094FD07E007A80480069C0798A070000AE0700027384609B0F0BDC0469F
:20EE800000D7FFFF00D8FFFF0228000003280000FFFF000012110300F0B589B00E460446D2
:20EEA0002B20C000271820684568E8691AF03CFB002800D0F9E00F204001201802903046C0
:20EEC000264688343168096904901EF003FE2378002B0896069707950594039040D061889A
:20EEE0003289D24389188CB230373236022B384600D03046019605886543089E3068006930
:20EF00006F496943091804981AF00EFB002839D005980078022800D0019F661C38882C1857
:20EF2000089800680069664F3D466543291804981AF0FAFA002851D004960398451B05982A
:20EF40003E4607897E432846314617F0C9FA4643A91B00D0401C4743594D059A049E41E022
:20EF6000748E574E6643314617F0BAFA46430399891B00D0401C02990979890626D4089AD2
:20EF8000118925E0748E4E4F3E466643039D2846314617F0A5FA4643A91B3D4600D0401CDF
:20EFA000089B198982B208185881544319680988402924D1059A1178012920D1518880B28A
:20EFC00081421CD1D0882418089816E0089A51890918518180B24443394D10E000203D4616
:20EFE0000746059A331808980189C9184181D3883919CC181178012901D10BF0AFF80898B5
:20F0000006462E36076838692946614345180798C561388840280ED080283ED1FD60089C3D
:20F02000618E29481CF054FB25494143274808180799C88532E02246089CA2610698C088A0
:20F040002049401850431921090117F049FA401C60612D1A0799CD6102990979890605D417
:20F0600006990968400008180799C88505980078022806D1307812494843079AD18D401838
:20F08000D085089C618E10481CF022FB0C4941430E4808180799886200E0089CBD60F07A23
:20F0A000B072204614F008F8069FA0896189401A81B2E289914200D90120F88509B0F0BD64
:20F0C000C4090000DC050000C00B030050FBFFFFF0B585B016460546002450043DD5E86A0E
:20F0E000002803D001229202904206D92879412149024018A8800224DDE003911BF0E4F980
:20F1000007461EF0B7F92846394613F031FE102810D3A988AA79120489180002674A11409B
:20F120000843A880080CA8711DF05AFA1CF0B8FB022411E062480178AA88AB791B04D21876
:20F140005E4B1A4003231B021343AB80120CAA71F8220A40511C01700399687900020327C4
:20F160003A02904200D0A6E02B1D012004908205700660D50192534E51480078C20703915A
:20F18000029331D05048514A514911805149524B8B60524B0B60524B4B6000215180049A79
:20F1A00082600260426D042AFCD141654D480421016001981DF092FDE86A009010201CF04D
:20F1C00002FD4948476237604848411C716000990818B0603A4A1078FC210140881C10704A
:20F1E00004990C430399029B400723D5F068C007FCD112F025FD286B00280BD0E96A8A0028
:20F200003B4E31461EF0D8FAE86A810030461DF0C3FF01E0364828630399294B1878FB224F
:20F2200002401A70029B1878049A12038018188002200443019A11423DD021480078800726
:20F2400039D502932848204900224A6525490F6001680907FCD527480168049FB943016062
:20F26000254801680C22914301602448202181600160144807611DF0BFFF0646E86A032115
:20F2800017F02EF9801939461CF08EFE10280BD3029A11780002081810800220044312F038
:20F2A000CFFC074A107803E0054A117804200843FD2101401170204605B0F0BDFF00FF00DA
:20F2C000076A002000500840003008401A68094060910000BC340840C404860900000E1321
:20F2E00000003B16641008409C200840FF07000000000940B03008400C3208400020084098
:20F30000F0B597B0154608910646C089C01D84B220460DF021FC0746FF280BD12046FAF73E
:20F3200053FFA04206DA7E480078002800D0C3E00520C1E07A480078002816D1002D03D0D1
:20F34000022D12D1FF2F10D1307A11AA1072706812907449C878C98800230093032303F00E
:20F3600047F9159830741498B081B189002926D0F089002823D0091A0791002180B28FB2E3
:20F38000C21B202A00DB2022307C079B591889B295B209AC22462B461CF0A6FD0898C11931
:20F3A00020462A461BF014FE002808D1E9198AB2F0898242E2D30020B081594F7BE0594834
:20F3C000C778C588002116AC0423384622461CF08BFD20787E2805D17C21384618F03CFDAD
:20F3E00016A800787C2861D10797F789FA1D93B259190120C00281425AD804920591307A67
:20F400008000F1888A05920F101809AA10705170B0888108917080013905890E4018D070F7
:20F42000B80010717C190D2B069547D2029403903B4E1836304608993A4608931EF0BCF91D
:20F44000F51909AC0522284621461EF0B5F9781D334F81B2002230461DF090FB8109039A90
:20F46000114321718000801C60719620A0710722284621461EF0A0F9079C2046069932462D
:20F48000089B18F047F93870264AD188049BC918D1800C2161435118059A8A8300280AD057
:20F4A000029881B2204616F03BFF04E0012000E005201B4F3870387817B0F0BD00220898D7
:20F4C00039461DF05BFB09AE052231461BF0C0FC81090A9A0A4332718000801C707196205D
:20F4E000B071079D28460699089A3B4618F012F90B4F3870A1B207232846324618F00AF994
:20F500003978014339700806D5D10649C888049A8018C8800C206843081805998183CAE732
:20F52000C0700020B4610020F0B589B01F46049104467D300290804B8048D861256F002D58
:20F5400003922FD1606FE16E88422BD1019702219960E16A029B1A79A56EDB780E26B61A99
:20F560009B00083B0427BB433343002D01D040263343059300BA089000200690079005A850
:20F58000401C1EF019F905986D49086006984860079888600898C86004980028039A019F9E
:20F5A0000FD177E0606C1866A06C5866E06C9866206DD866049800286CD0002D049E0BD140
:20F5C000A56E206A049E31462A4613F015FF039A05462067361A5DD00197029988780028A7
:20F5E00025D000270597089707970697087805AA107048785070206A0499891B4118901C7A
:20F600000E2E06D30E221EF0D7F8103525670E3E06E032461EF0D0F87019801C20673E4647
:20F6200005A8102116F032F802988770039A0F253746AF430CD0206A0499891B401839466D
:20F6400016F024F8039A206FC0192067354000E03546019F002D1DD0206F4019A16E8842B1
:20F660000BD1206A0499491B401829461AF0B6F8039A206F401920670CE0022D56D1206ACC
:20F6800004990818801E0178029B19704078587002209870002A42D0022F01D0242000E064
:20F6A000282025580F271646BE43207E04280BD1002E114628D02846314615F0E7FF039A62
:20F6C0001740394620D124E0002E11461CD01A4FF869012109068843F861212120461DF01A
:20F6E000C5F92846314617F039FE154804214167206E801B2066606F801B6067082038605F
:20F7000020461AF07FF80FE0501A28181AF066F8039A206E801A2066606F801A606744340E
:20F7200020461CF063FE002009B0F0BD0120024948600020C043F7E710000C4034000001CA
:20F7400090000C40F8B51CF05FFC5C4908705C4800681BF03DFA5B4800681CF09CF95A4800
:20F760003C21405C00250128284608D11DF004FF04461DF005FF0146204616F097F80090BE
:20F780001BF06EFF51480068058045808580504C206800280AD0002181741DF0C7FA21680E
:20F7A0000968884202D14B481DF082FE4A4C206800280AD00021C1721DF0B8FA21680968EE
:20F7C000884202D145481DF073FE454D2878002605275D4CC1B28E420ED26168C95D012918
:20F7E00005D1F0B21DF004FF1DF0FAFE2878761C3D21C9007F18EDE71DF02AFF3948007889
:20F800003949087013F060FA384882780720D10701D0014600E00521120700D403200840A2
:20F820003349087033480025057033480570334801210170324805703248017032480570F8
:20F840003248057032481B21018032482921C9000180314801803148A92109010180304834
:20F86000FB2101802F4801802F4830490180304801800FF0EBF915F091F911F056FC15F0BF
:20F8800024F814F039FE2B4805702B48FF21C170EA43130C8370140A447002701F26067126
:20F8A0002648C1708370447002700671244825210170244805700098F8BDC0460C6A00202C
:20F8C00090690020946900205C710020DC690020307400201C64002034740020DC63002015
:20F8E000236A0020246A00202A6A0020E66700200D6A00202B6A0020276A0020296A0020DC
:20F90000286A0020116A0020316A00202F6A0020366900203E690020F86900204669002050
:20F92000026A0020FE690020046A002090420000006A0020226A0020596900205E69002055
:20F94000306A00203776002020690020F0B585B07C490C68002C28D0A0880004000F00D035
:20F96000EDE001204702019000020490E06802908D6800268E601CF0DDFE009013F0A0FA32
:20F98000401E042820D8800001A108588746C046A5F90000B7F90000BBF90000BFF90000D6
:20F9A000C3F90000019880030DE068486849672200BF00BFC3E0402005E0049803E03D4333
:20F9C00002E0019840050543211D049828400490A805400F039111D048780002B84243D108
:20F9E0002F403E46049806431DF0F2FE002E1CD0544A1046002F0ED11C300DE0680433D569
:20FA0000514FBA7879680298806D814217D07860511E8A4114E01030007818210140107941
:20FA20001346E72202405018187101200EF090FD039A1178000208181080022614E0084643
:20FA4000618800F049FE002804D01DF014FA0226002001E000260220B870F878002803D16A
:20FA60001DF003FD0198F87003984078801E0D2805D8A368204600992A4698470646F007D9
:20FA800009D00BF033FF002805D001462D480068012204F07FF90F278021300419D5009126
:20FAA0002948827840682749098D00F015FE002805D01DF0E0F902200643002000E00220BA
:20FAC000214988701F4800680199890416F020F8009938030D400499002901D1039F07E06E
:20FAE000039F3988014203D10721C90180310E43002D05D03988014202D10199C9020E4309
:20FB00006169032292020A43324002994B6D13434B65398801400B4311D000290DD01BF008
:20FB200007FA1DF051FE1DF0B9F8074CE078002803D01DF095FC0020E0701DF0A5FC05B093
:20FB4000F0BDC046C065002098680020610E030005040300FEB57D4F38680178002900D07E
:20FB6000FEBD866EC56E4178891F052928D8890001A251588F46C04691FB0000F9FB0000E4
:20FB800065FC000051FC0000AFFC0000B3FB00009821715ACA0702D0AA89D2072CD18A079D
:20FBA00002D5AA89920753D4490709D5A989490706D5C4881DF002FB014620461CF014FECF
:20FBC00001209821715ACA0504D50202AB89134200D08DE08A0504D54202AB89134200D009
:20FBE0008FE0490500D497E08002A989014200D192E03868102191E0846D002C08D11C204F
:20FC00001DF006FE044638688465002C00D18AE01AF090F9A0760021102220461CF0B7FE76
:20FC2000A17E481EC0B20F2802D820461DF0B6F81DF0FAFD208220461230082529461DF0A4
:20FC4000ADF83868C08821461CF0BAFD38686BE0C4881DF0E1F9014620461CF0BBFD3868BE
:20FC60000A2561E0826D002A04D0C088118A123219F0B2FC9820305A810702D5A9898907E6
:20FC80004ED4410702D5A98949073DD40121C20503D50A02AB8913422AD1820503D54A0294
:20FCA000AB8913422DD1400536D588029DE71AF001F8029505463868C08801900124204676
:20FCC0000FF0B0FA02460094254001982946029C1AF080F99820305A410702D5A189490736
:20FCE00012D4C105009B06D51902A2890A4202D038680C2112E0810509D55902A2890A4289
:20FD000005D038680E2109E038680B250CE0400502D59802A18969E7386812214170FEBD2B
:20FD20003868092500E008254570C08815F034FF002803D0808A41080A1801E07D20820043
:20FD400003480078022115F0AFFFFEBDD8740020346A002070B5744800781DF0E6FA0028B7
:20FD60002BD004461AF059FA704800681DF014FD606E4178CA0609D40120E072206E4430FA
:20FD80001AF0EAFB0028F9D1606E417889071AD0204619F077FE207A002825D011201BF0AA
:20FDA00072FA207B401C2073216F4979002922D0C0B288421FD1432117E000201BF062FDCF
:20FDC0001AF02BFA14E000781DF000FE0028DFD00146E07F8006DBD54C20085C0228D7D128
:20FDE00020461DF009FED3E70021204617F0C6FDF9F74AF970BD254642350020A876616E2F
:20FE00004A7E002A08D11DF08BFA0B2116F068FB7D2040014843616E4A7912040B791B023E
:20FE20009A18C9785118226E137993802269404B4B4318188118206EC1612161206FC278CF
:20FE40000079000280180ED0A06B00280BD0A27B012A08D0374A126892889200511819F06A
:20FE600063FB00285ED0344E307802280CD33148016808680069C9680968096919F054FB74
:20FE8000002801D010F0B4F8606E4078C00613D420461DF0A5FD002822D000202072307801
:20FEA000002802D020461DF0FEFA204613F074FD91201DF0A1FC9BE7A07B01280DD10020E4
:20FEC00020723078002802D020461DF0ECFA1C480078022109F076F902E0206E174981627B
:20FEE00018480078002812D02878FE21014002290DD1154D28680D301CF00AFA002806D1D9
:20FF0000204630302968C91D06221CF019F9F9F7BBF8606E007E400603D5034903201BF0D7
:20FF200021FD70BD3C2160E70A6A0020D8750020C4090000D8690020266A002000204E0085
:20FF40006369002028690020E0690020F0B587B0002949D00446002800D1CDE00E466F4F7B
:20FF60006F4D48680590606804901CF0FDF902901DF03EFC0190401903906A48C0781DF0D5
:20FF800037FB06902088022830D11DF0D9FB0128624F10D164480068006A64490978052257
:20FFA0004A4380188179C079000247186F435B48874200D807462088022817D15A48006881
:20FFC000006A5A49097805224A43801801794279120251188279C0790002801881421AD119
:20FFE00004980399C16116E01E2094E0042812D11DF0A6FB01280ED14D48006840694D49FE
:020000040001F9
:20000000097809014018017B407B0002401845434248854200D83D46029F2088012818D0DE
:2000200008281BD004281FD14148006840694149097809014018817AC27A12025118027B51
:20004000407B0002801881420DD104980399C16109E0394800688088850004E01DF0B2FC52
:20006000002800D0C56A2088102806D103201DF0ABFC002801D084214558002F17D03088C2
:200080001DF0B2FC06460598C069F96919F04CFA00280AD1294830180290059EF069F96936
:2000A0001DF018FD0299884202D83E4600E0059EF06903991DF00EFDA84207D90498C0693C
:2000C000F169491B19F030FA002819D01DF038FB01280FD10598C0690499C96919F024FA19
:2000E000012807D10F48C2782046294604F0CEFB00280FD0BE4201D002200CE004200AE0E8
:200100000498C0690E49019A511819F00DFA411E884100E0012007B0F0BDC046B8880000DC
:20012000C40900002069002030740020106A0020347400200F6A0020D8690020901A00007F
:20014000204E0000F0B585B00446744D2868C06E002802D0112005B0F0BD10201DF058FB71
:200160002968C866002865D08F6E3E469836102221461BF0E5FF28680178002900D080E02A
:200180000297C16E3288012713463B408D893D405B1B5D425D410197FB43EF1817403780B0
:2001A0009307DD0F04918B899B07DB0FE91A4B424B41002D00D05D0002218F432F433780F0
:2001C0005107CD0F049989894907C90F691A4B424B41002D00D09D0004218F432F433780BE
:2001E0001107CD0F049989890907C90F691A4B424B41002D00D0DD0008218F432F433780DA
:20020000D105CB0F04998989C905C90F00258B42039500D11D02019B19028F437F19378087
:200220009105CD0F049989898905C90F8D4203D0039D02E013208EE76D0259028F437F1937
:2002400037805105CD0F049989894905C90F8D4201D0039D00E0AD0299028F437B1933805D
:200260001105CA0F049989890905C90F8A4202D0029F039A01E0D202029F29490B4099185A
:200280003180816E95228A5C120703D5C26E1279120705D433310978012914D118205AE716
:2002A000C17808220A43C27031881E4AFF320A403280C16E8A8901231D02AA438A81C16E62
:2002C0008A899A438A816178002906D07978002909D1C178090706D409E0C178090706D527
:2002E0007978002903D005210171002033E72179490706D4394695310978490701D401216E
:20030000F2E701780029204600D03846002900D027463978007812F02BFA1CE7D874002089
:20032000FFF70000FFFDFFFFF0B589B003910546C06F082801D3052100E00421032800D2B5
:2003400003212A46803208920022012307951CB2A1420BD3089D2D68641E0126A640F41C73
:20036000A54200D31A465B1C079DF0E70146D0B2441E01270591491C8A00A1408900039B91
:200380005E1819460496B618B21806920290022808D3AB6F0598009006980399039AFCF716
:2003A00059FC03993846A04005900C4638B2059981420FDDAB6FE96F88000019001D00910F
:2003C0002146069AFCF746FCE86F80000019041D7F1CEBE7A86F8068411E4C424C41801E4C
:2003E000089908602846069F39461DF0D9F9012001B2EA6F8A4211D9AA6F89008A18926862
:20040000E3B2012B07D10023002A02D0521E1C4601E00124DA437A50401CE9E7521C04982F
:2004200003991CF0EFFCA96FE86F820051184A680021002A02D05208491CFAE740014318C4
:20044000223B0498044618B200284FD49AB25009800038581F211940C840C0071F4638D0BA
:2004600005970898029901602846069910F0A6FA049000252746E8B20899096881420CD91D
:200480000798836FC06F0090304639463A46FCF7E1FB6D1C34463E46ECE70498401E81B241
:2004A000C90B4018400880B2079DAB6FE96F4A1C42439000039A1218009130463946FCF7C5
:2004C000C9FB08980088059B1B1A30463E46069FB8E7AB6FE86F0090304621462246FCF7E4
:2004E000B9FB7B1E30462646069FABE7E86F421C039D284621461CF085FC284609B0F0BD0B
:2005000082B0F0B585B00E4605460A920B93704AD06D002824D110690024002802D0506A91
:20052000002812D0374601201BF03FFF684A0646D065002C02D006F04BFA654A002E3E46FD
:200540000ED113F0CFFE0C2147E0506A401C5062D06D002800D196E0144606F039FA224639
:200560000AA8049001235F02374003D1002D31D000240FE004980146083104914468002C9B
:2005800000D1544C002D25D06068012822DBA06800281FDD019302960020C64310690028B8
:2005A00006D0506A002803D1D06D314604F002FA0396284618F0DCFE0646002F04D0002EA5
:2005C00002D0029800052CD4002F0AD1002E08D1022527E013F086FE162101600020C74322
:2005E00070E0082007F00CFC07460C200090002F56D0002E18D0F069401CF0613449019AF2
:200600000869002807D0486A002804D1C86D00211DF02EF9019A9003029901403E607960B0
:2006200050E01125039C3DE0242007F0E9FB002833D006460198F061A068706160683061E6
:2006400028461CF0A4FC401C07F0DAFB3062002820D0691C2A78431C0270002A18460D46DB
:20066000F7D16068A16800252A4612F005F9B06000280AD075601649086E002800D04660F2
:2006800030600E66BBE701244CE7306A002801D015F0F8FB304615F0F5FB384615F0F2FBF6
:2006A000039C009D13F01EFE056009490869002807D0486A0028274604D1C86D00211DF039
:2006C000D7F82746384605B0F0BC02BC02B00847086E0020B00B0300FEB517460191044600
:2006E000644D69680068814208D0634914F034F8064620686860002E02D0B8E0002FF4D072
:20070000A9686068814208D05C4914F025F806466068A860002E02D0A9E0002FF4D0E968B6
:20072000A068814208D0564914F016F80646A068E860002E02D09AE0002FF4D0E0680028EC
:2007400008D0298A019A881A431E9841022F03D3009003E0002030E002230093494B4A4E09
:20076000022F01D3914224D00026022F01D3314600E001212A8202A81DF069F80420F743E7
:20078000E1680A687F1C974210D2051D085802A93E4AFCF7EBFE064600282846F0D07F2076
:2007A0003949086068203749088060E00098354B354E7F21316068211980354A1168002970
:2007C00031D0012831D002284DD194680026002C4DD030484268A38813434360026BE3881D
:2007E00013430363021F136825891D4315600268638913430360026A638A13430362426A4F
:20080000A38A13434362628E244B1A6000687F22520202402248028020460FF05FFE204624
:20082000FCF7A0FB23E0082621E09468002C1DD01848C26907239A43C2610269164B13400F
:20084000036142697F235B029A434261002686610268F0239A43026020460FF03FFE204639
:2008600014F0E0FA03E0906814F0DCFA00263046FEBDC046587300200000094000400940CB
:2008800000600940082009401C320840FF3F0000D4680020B43008400383FFFFF020084006
:2008A00036680940F0B58DB002460024E04317683979022900D0CAE0089204903A464832E2
:2008C000796C381D06918E68079215780F2105910D401CF0BBF8012D40D07E6C3846303053
:2008E00010250190294622462B461AF0E7FD0296B068002803940ED00146059A114000D0A8
:200900000D46411B029800680391411801982A461CF052FF2C460798407801281DD1029859
:200920008068002806D0102C04D1002009A914F08BFE06E0012009A914F086FE80200199E6
:2009400008553020402808D0395809AA1218303A12684A403A50001DF4E7039E3D4D3E489B
:200960002860386A6864786AA864B86AE864F86A2865002E0BD0387E042801D00F2E1DD848
:2009800006980068314614F081FE089C31E038460CF042FB7E69079805780024FC763846D4
:2009A00013F010F9387E012846D104943C6C08983146069A2B46A047049848E0089C6068B6
:2009C00002782648214619F029FC28680121090688432860212138461CF048F80698006874
:2009E000314616F0BBFC1E48042101601C3D0820286024684820255C207E042803D0616CEF
:200A000089680F291AD80598054020460CF004FB6669012D01D00020E076204613F0D2F801
:200A2000207E012808D120464830256C626C037808983146A84709E0304608E0022805D111
:200A40000848049916F02CF9606900E000200DB0F0BDC0462C000C40340000012D11020058
:200A600004010C40C0620020F0B587B00E4605466B4908781227012800D0B3E04878002887
:200A800000D0AFE00227002D00D1ABE0002E00D1A8E0002A00D1A5E06248B1681827814279
:200AA00000D99FE07168814200D99BE0069200241CF0E8FAE7B2874206D238461CF035FC4F
:200AC000002801D0641CF3E71CF0DCFA87424BD232201CF0A1FE002848D00246047030785A
:200AE0005070707890707068D0707068000A1071F0885071B0689071B068000AD071708925
:200B00001072307B5072484800789072707BD072B07B1073F07B5073307C9073707CD073F5
:200B2000B07C1074F07C5074307D9074707DD074B07D107500215175F07D9075307ED075F5
:200B4000517637484068FE00801941711176059210460491FBF7F4FE421E014691410728C9
:200B6000039605D04F0004E015273BE0132739E0132705990E461D360028049A2BD108469B
:200B80001A308C76FF230293CB760A777270327072713271F270B2701CF0E2FC1E270028AB
:200BA00018D1B01D0190B4710298F071049B3372059801462631262283544B7001462831D5
:200BC00028228354CB708B704B7001981CF0D0FC00280AD00599707C0C460FF023F8204634
:200BE0001CF01EFE384607B0F0BD30460F30049AF273012131747474F274B27432751CF045
:200C0000B3FC07280AD000280599E4D1044840680399455006980470049FE3E71327D9E703
:200C20004075002000B80B00136A0020F8B50C4607464B1C0628009317D8B80001A1085862
:200C40008746C046610C01008D0C01009F0C01009F0C01009F0C0100F90C0100110D010090
:200C600062488178491C817019E00E2F17D100265E4D1CF007FAF1B2814200D3B3E06868E3
:200C8000C900405800280BD1761CF2E757488178491E8170080602D1012018F07FFB267872
:200CA000002215460F2F00D98BE00223B80001A108588746F50C01007D0D0100770D010077
:200CC0007B0D0100C30D0100470D0100130D0100C30D0100C30D0100C30D0100C30D010000
:200CE000C30D0100C30D0100C30D0100950D01009D0D0100012341E0A6783C484068F100B3
:200D00004018407980071ED420461CF089FDF8BD66780A201CF07CFD2022002850D005463A
:200D200060782870A0786870A81CE11C174606221BF006FA607A2872A07A687220461CF028
:200D40006FFD3A463DE0009F06201CF061FD1022002835D00546A0782870B878F978090255
:200D6000081868806079287160786870204614461CF056FD0CE0042300E008231C46012089
:200D80001CF046FD002802D00546067000E00025224616E000250120C20712E0009F042022
:200DA0001CF036FD402200280AD005462078287038787978090208186880E078687000E051
:200DC0000025002D01D10120C207F0B2FF2809D006494968C0000B58002B03D010460022CA
:200DE00029469847F8BDFF265AE7C04640750020FEB51225012800D9C9E016460746002948
:200E000002D1002E00D0C2E0002902D0002E00D1BDE03046184300D1B9E00291002B13D0EC
:200E20005C4800680D301024194622461BF088F9584800680D30214619F07AFF55480068AF
:200E4000C11D0D3011F0ECFE002E5FD0012F0AD130461BF05DFA002805D102984079800972
:200E6000032800D293E001964B480078494909680122D6B286424BD81E252C4674430B5DF3
:200E8000521CFF2BF5D108190770401C062202991BF056F93F4F386800190D301022019993
:200EA0001BF04EF9386800190D301BF031FA00280FD138681E277743C0190D30102119F0BD
:200EC00037FF34480068C019324FC11D0D3011F0A7FE3868001900210191417715F068FE4E
:200EE000012826D12D483C21405C012812D1386807191CF041FB06461CF042FB02463846F5
:200F0000314614F05AFB002841D112E000253EE007253CE022480068807C012802D0224817
:200F2000016802E01F4801680839386800190AF03BFA019F1D480178F8B2884226D21CF077
:200F400057FB06464079002811D0A9204500705D01280CD15320800032180E48006801193B
:200F60000D310292104614F007FD002801D17F1CE0E77019074909680A19095D01230B40A3
:200F80000370511C062202981BF0DAF8019D2846FEBDC046E06900202E6A00205C710020F7
:200FA000307400205864002090690020236A002070B586B0044682780025501E162835D84E
:200FC000800001A108588746411001005D110100731001005D1101005D11010093100100FB
:200FE0005D1101005D1101005D110100411001005D1101005D1101005D11010025100100CF
:2010000025100100251001005D1101005D1101005D1101005D110100E71001006D10010032
:20102000ED10010020461CF0A1FC64E0812A1DD0832A1ED0842A00D090E084201C2157E026
:201040001046214608F07CFDA488E0B201A91CF0CBFB204614F0A0FD00287ED00446827C63
:20106000408801A9520748D5123147E0182110463EE0A0881146224616F0BEFF0546E07824
:2010800000286BD1A088E188628923891AF01AF964E0A088402101252A4617F088FD002692
:2010A00030461AF0B5FEC0B2022838D1102018F0DDFE00284CD00146D0200870E078487042
:2010C00011208870A0888880E088C8802089088160894881A08988810020887321480078F5
:2010E00019F0EAFB39E01520182101E01720062122461CF027FC054630E01B4909781AF05B
:20110000EFFF65883420215C002016F0B3F90146284616F0DFFB608808F04BFB1DE0A18870
:2011200001AA118001280DD000280DD1E08801A94880208988806089C880A08908810020D9
:2011400088722E4601A8C67201A808F045FC04E0A0884021002217F02AFD0125284606B057
:2011600070BDC046C1730020136A0020F8B540201CF04EFB594908600726002800D1A9E030
:2011800040211CF009F81C2420461CF041FB54490860002800D19DE0002707600868C77241
:2011A00005210902018247610C201CF031FB4D4D2860002800D18DE00C211BF0EDFF286833
:2011C000FF21817080210172474D287860438C301CF01EFB4549C86000287BD029786143C4
:2011E0008C311BF0D9FF1CF0FDFB002800D0F8BD2878002841D03D21CD00684380B21CF0B1
:2012000007FB3B494860002864D0374A11784D43294615461BF0C0FF28781CF0F9FA3549F9
:201220000860002856D029781BF0B6FF2878382568431CF0EDFA3049086000284AD02A4966
:2012400009784D4329461BF0A7FF274D287860431CF0DEFA2949086000283BD01CF05CFA53
:201260002878142460431CF0D3FA25490860002830D01CF051FA1CF08FFB224800782249E2
:2012800009780818C0000C301CF0C2FA1F49086000281FD01BF0B8F984201CF0B9FA1C497E
:2012A0000860002816D01BF0AFF91A4801781E2048431E301CF0ACFA1749086000283046FB
:2012C00095D006201CF0A4FA14490860002803D03846F8BD3046F8BD0720F8BD307400201B
:2012E000347400209C690020236A002038680020206900208C690020D07500203C720020A3
:20130000087600200E6A00200B6A002090690020946900202E6A0020E0690020DC69002046
:20132000F0B5B1B00D460821CF4306682868826928911F9116910D9104913C460834202AE5
:2013400000D08AE0297C01290FD1026868688168032A33D120297FD1A968896820297BD120
:20136000E9688968202933D076E068688268202A72D1AA689368412B6ED152681278042A18
:201380006AD1EA689268412A66D1002920D1406828A9091D20220392474B9847A86840686B
:2013A000401C1FA9091D039A434B9847A8684068213016A9091D039A3F4B1EE020294BD161
:2013C000A9688968402947D1E9688968402943D1406828A9091D20220392384B9847A868E3
:2013E00040681FA9091D039A344B9847A8684068203016A9091D039A304B98472868006880
:2014000003282DD1299807218843299030982C4908404018401C3090371D8C360321384685
:20142000324614F077F9274A28A90DAB38461BF0F0FC992811D1287C2B6801282FD11968CD
:2014400003292CD1EC6860680DA9091D20221CF0B3F90220207028E03C46204631B0F0BD41
:20146000301D8C3603213246064612F065F81FA916AA304603F048F80146E139022916D370
:20148000E52816D0E628D4D104A801900DA8009028A91FAA16AB30461BF034F8C9E7EA681A
:2014A00000900DA804A90EF045FE0024D5E7BC1CD3E7FC1CD1E7C04673FA0100ED0A02004A
:2014C000FFFFFF3F60090300FEB515460446C26F571C8023C358022B08D0012B0AD0002B74
:2014E00015D1656CA06C0190E06C0EE0B8002B18019309E07D43636DA66DE06D0290A800BC
:201500001D1833180193029B1818029002E00025019502957943E06D8F00C119E06EA36F52
:201520000092514E0A46B047206EE26EA36FE16F00912946B0471BF0A5FC0199B047354644
:20154000606EE26E216FA36FE66F0096A8472E46E06EA36FE16F0091029D29462A46B047C7
:20156000E26E206F616DC919A36FE66F00963E4EB047606DA16DC019C919A36FE26F0092D1
:201580002A46B047616DA06DC019C919E26EA36FE66F0096344EB047606DC019216F226EC2
:2015A000A36FE66F0096314EB0471BF06BFC29462D4EB047E06DC019616DC919226F1CF0F2
:2015C0008FF8206FA16DC919626EA36FE56F0095264DA847606DC119E06E1BF019FFA06EB2
:2015E000216F1BF015FFA06DC019216EE26E1CF077F8206EE16E626DD2191CF071F8A06EE2
:20160000226EA36FE16F00910146184EB047E06EA16DC919A36FE26F00920A46FBF7ECFB47
:20162000606DC019A16EE26E1CF05AF8A06E626DA16DC919D2191CF053F8216F2546743594
:2016400029CDA26E0095084EB047E06E226E616E1CF046F8A06DC019254674352ACDE26E6A
:201660000095024CA047FEBD55CC000081CE0000F0B587B018F086FE064616F06FFC002828
:2016800000D1AAE0574C1BF057FD034602210140A06F03220240012A0AD1002908D1524828
:2016A00002682068920100D497E0800300D494E00420034000292CD104904D4F4D484E4AA5
:2016C0000468396C386806909069002C0591039028D0019302963A46483200234749DF4382
:2016E000052B1AD02046D840C0070ED015680D604348C05C069E8640AD1B3C4EB54200D990
:201700000025C540AF4200D32F465B1C091D121DE6E7002B61D130BF5FE03D46029E344F9C
:20172000019B00E0314D37498A6D7D20C000504385422A4600D30246FF20F630824249D3D1
:20174000314B486A401C486218680121029188431860986858602D490498086020200490D7
:20176000154615F02FFFB93DE80803994018224DA86202980EF0E6FE0298E86068652868CD
:20178000049815F01FFF1B2020490860F86B0128FCD11A491E4814221CF00EF805983864DB
:2017A0001448046012F048FC042016F06FFB38680699401A18F0F2F917F050FF0020124A31
:2017C000906010680521014311601248506005F0FFF802E0002B00D130BF304619F016FF6F
:2017E00007B0F0BD48100040E0100040FFFFBFFF042102404420024000200040C06700204D
:20180000CE100300086E002010E000E0445402404C2102407FBB0000FEB50446016CC26A28
:2018200015F0B4FEA16E012220461AF087FDE06C626EA16EA36FE56F0095FBF70BFA216F1E
:20184000226B204615F0A2FEE56FA84201D93C20FEBD002800D1A6E0216F606FA36F626E01
:201860000095FBF7F7F9606C254674352ACDE26C0095FBF7EFF9616CA06CE26F1BF0C2FA6C
:20188000216D4A4A20461AF059FD606DE16CE26F1BF0B8FAE16D002720463A461AF04EFD88
:2018A000FE21444E002974D4206C029102991AF0DEFF01904740616D626C1CF009F8E16D56
:2018C000E26C1CF005F8E26D206E616D1BF05CFF374FB847216E606E1BF07DFDA06E616D5D
:2018E000E26D1BF051FF344DA847A16EE06E1BF072FD206F616CE26C1BF046FF2C4DA84795
:20190000216F2746743789CFA26E0097B047206F616CE26C1BF038FF274FB847A06E216F2A
:20192000226E1BF009FF1BF0DEFAA847606C216E1BF051FD1BF0D7FA1F4FB847A06E216E98
:201940001BF049FDA16CE06CA26E1BF0F5FE606D616EE26E1BF0F0FEE26E206F616E1BF031
:2019600013FF154FB847206E216D226F1BF0E4FE2746743789CFE16E226E0097A847E06D36
:20198000274670378ECF0097B0470299491E019F88E7616D626C1BF09BFFE16DE26C1BF04F
:2019A00097FF9920FEBDC320FEBDC046CC8B4600F9CD000055CC000081CE0000F0B585B0CC
:2019C0004A4908704A49002008604A490D220A704A80CD2292008A8047490A78474B1A7022
:2019E0004C785C708D789D70CE78DE700F791F7149795971424B1A705C709D70DE701F713F
:201A000059714049C2438A800A603F4908803F490A7F4B7F1B029A188B7FC97F0902C91802
:201A2000090489184A783A4B1A700A78394B1A70394A1288394B1A804A69394B1A60CA7869
:201A4000384B1A700979384A1170384A3C23D25C012A01D04800401C3549087010F004FE4D
:201A60001AF0D2FA334908701AF01EFE32490870FFF77CFB07280BD105F058FC1B480078E7
:201A80000121890307F09EFB002019F0FBFE2BE008F0B9FB294800688047044613F0E2FA66
:201AA00019F056FE01AE304619F044FE022030700025284631461AF0EDFD2149086021485E
:201AC00001682046884718F0B7FC1F4805601F4981808571FF20012421461BF06BFF034817
:201AE0000078610307F06EFB05B0F0BD63690020886900204E6900205800004E386900200D
:201B00004869002040690020DA630020C00B0300246A0020236A002016760020FA69002076
:201B2000B06900200B6A00202E6A00205C7100200E6A00200C6A0020256A0020A47500201C
:201B4000E8690020A875002018690020FFFF0000F0B587B018F09EF9002804D010F0B2F916
:201B60000020C04300E00020039052484068002800D0804750480778564C05A804A906AAEB
:201B800010F036FB00282ED10698861F3178032905D1484989680029EFD08847EDE704A945
:201BA000097863680022974212D09D5C8D4201D0521CF8E7D5B2FF2D0AD00838007816F0CB
:201BC000EBFA3178022906D0012907D1069904E01AF0C0FCD1E70699891C087006992846AA
:201BE00018F06AFEC9E735480168002006460A68002A05D1401C761C091DB842F7D300E049
:201C00000646F5B2BD4224D22D48006880472B490968AB000193CA5802920022CA502949B0
:201C200009688847234806702748019E82592846029990470546FF201E49087020480068A1
:201C400080471E4909688A592A438A511D490968884718F01FF905460398854214D0002D36
:201C600000D11A4D1A480068854200D30546A06808341BF0DCF80F49C868421CCA601649EB
:201C80002846234618F0A2FB14480068002805D0134800681BF0C4F807B0F0BD0748016861
:201CA000781C401EF8D00A1D096800291146F8D0EEE7C0466C7400201B110300F069002007
:201CC000A4750020A8750020C80803008EC2F528C86900204C740020ED790200CC69002060
:201CE000D0690020F0B589B00D460446C0B21BF07FFC0646E8B21BF07BFC024671794079C5
:201D000000292CD000282FD0DB20400031188B7F032B29D01018877F032F22D0059703933E
:201D2000069104903146C3204000331807930892101837687F68FB69029317687F68FB69EE
:201D40000193079B1F880796F1894B0800880899C98949089F420AD9884202D909E00028F6
:201D600001D02C4600E0FF24204609B0F0BD8842FAD80F20400131181018096803680120D7
:201D8000C0071840C90F04D10028069B059FE8D103E00028069B059FE6D08836883230782B
:201DA000002804D01BF0F6FA7188884206D21078002809D01BF090F8D3D205E0107800283B
:201DC000D2D01BF089F8CFD3B07B012804D11BF0E1FA318A884206D2907B012809D11BF0AE
:201DE00066F8BED205E0907B0128BDD11BF05FF8BAD31878012804D11BF0CCFA5988884255
:201E000007D20499087801280AD11BF042F8A8D206E0049908780128A6D11BF03AF8A3D3B3
:201E20000398B842A0D89CD30798418E0898428E914205D90498008C42438A4291D293E741
:201E40001B8C8A42049804D95943914289D3254687E7008C834287D8984282D802980199DA
:201E600017F062FB002800D07BE77DE7F0B587B00127049005685B480668284618F078FE3E
:201E80007C20285C0023082806971C4608D8BB22C24001210A40069251229400C4400C40B6
:201EA00028467C3005905049700701D41C464EE010200860002C0396019301D1242000E017
:201EC000282002972858296E00290BD02F6EE96DC91B4018394617F081FC686FC01B686753
:201EE000002028662F46443738461AF07FFA686F00281AD1284616F06DFA296B002600299B
:201F000012D0059802790698002804D0084639461BF052FC08E0384616F0F7F9002802D1B0
:201F20000320C64300E000266E61002C029F3C46039E2D490BD1E96D284608F061FA2A49D4
:201F4000039E6861E86D0F28019C00D83C46300702D4002C2DD143E020200860686E002894
:201F60000FD03B466F6E686AA96AEA6DD21B801889183A460AF068FDA86FC01BA8670020C2
:201F80006866A86F002803D02846343019F05CFE069800280DD1EA6D002602232846314601
:201FA000FDF7C2FA6861E86D102800D20126344316D0A86F696FC84201D10020E87628460E
:201FC00011F000FE287E022803D1084818F01EFB06E06C6DAA6D6969059803780498A047AA
:201FE00007B0F0BD0C010C4004650240C0620020F0B585B00D4606460720C4438868810718
:2020000002D1E9688B0703D02746384605B0F0BD2B46203304931B78E71D072BF5D30D2BC6
:20202000F3D80392AB69EA69D342EED0336802931B7E042B03D01AF0F7F90028E5D00298CA
:2020400018F0A6FD07460028DFD1029F38681AF04FFA002825D00123BB7600227A6128681D
:202060000178022921D1009301921AF0EFFC387E042802D0EA690F2A49D80398012816D1A3
:20208000443701222846394604F0EEFF2846394612F040FC686904994A7839461BF08CFB68
:2020A00021E00020F876A71DAFE7671CADE73846343001906969049A52781BF07DFB284682
:2020C000019912F027FC443702222846394604F0CBFF049842783846019916F016F900284C
:2020E00001D1201D00E0002001900027029CE776204611F067FD207E012806D1646D30466E
:2021000001992A46039BA0477FE7019F7DE73C467C34BD6503982070A9687962E968B962EF
:2021200069693963696839622969F962049B19786171A969B966FA667A67BA675B782371DC
:20214000034601983867E070022B00D10093002905D000223846009BFDF7E6F9EA69002A94
:20216000C2D000280099BFD1304614F0F5FB07464BE77047F0B58BB00E4605460878801F3E
:202180000121C841082841D8800001A108588746B52101000D2201000D2201000D22010015
:2021A0000D2201000D220100152201004522010063220100738805A811461A461BF0E0FB54
:2021C000044600287AD105A8018828461BF0D2FB002862D00746059803A9088005A84088D9
:2021E0004880F9684988884268D1727840480090072103AB28460CF09DFD00210222384643
:202200000CF09FFF384615F011FF57E005AA002414804FE0738805A811461A4615F09AFDC9
:20222000044600284AD12F488189002946D0807B3378717805AA009101920022294613F05B
:202240000DF83BE0738805A811461A461BF076FB0446002832D1717805AA28460DF03FFCD0
:202260002CE0738805A811461A461BF069FB0446002823D105A8018828461BF07DFB0028CF
:2022800013D0C1680A8805AB5B889A1893B2934217D003210BF055FC10E003AA022010809B
:2022A0000598508005A8408803E002200390059803AA90807178284619F0F2FD20460BB0DA
:2022C000F0BD0A801004F9D0C8680028F6D0064800780028F2D005480078012106F072FFCE
:2022E000ECE7C04608650020D17200201F6A002071D90200F0B591B009930A920D46064663
:2023000001200890000210A9088055480CA99CC89CC154480B900227002E00D19CE0002DA6
:2023200000D199E00A98002800D195E00998002800D191E01699002900D18DE0179800284B
:2023400000D189E00691079035201BF061FA1327002800D180E0044620201BF059FA0028B7
:202360006AD0049010201BF053FA002866D00390102005901BF04CFA002866D00027202239
:2023800001920290049839461AF001FB0CA90398059A354B984720463146019E3246324B38
:2023A000984705980090039821463246029B2F4EB047601C27700BA904222B4EB047601DAC
:2023C0002946059D2A46B047204615300A992A46B04720462530072509992A46B04720467A
:2023E0002C3006992A46B0472046333010A90222B0470598009035220A9202982146049E1B
:2024000033461A4DA847089820703346103305980090029821460A9A144DA84707983146C9
:20242000019A114B98472046114CA0473046A0470398A04702980EE0204603E020461BF0FB
:20244000EFF904981BF0ECF906E02046084CA0470498A0470398A047384611B0F0BDC0468A
:20246000580F0300656C746271C10200D543010021D80200F0B589B05A4800781AF055FFAD
:202480000446016E4C3106AD284613F0FDFA284609F022F8002800D1A2E005468078401953
:2024A000C1780F220A40032A00D099E0C61CB11C04AF0622384619F043FE30784006C60FDD
:2024C0003046394619F019FF002824D04648016804A814F08BFBFF282BD00746606E807C64
:2024E0000121029102210391084303282BD13F4800683D490A681E267E439119491C925D14
:202500000CF020FE0146394800680278914213D10020029017E00396284616F08FFE616E2E
:20252000897C02220A43032A27D100090126864324E00396002621E02B4909688919C91DD6
:2025400004AA06F0BFFF284800681E267E438019C01D04AF06220192394619F0F1FD224878
:2025600000688119805D039A10430390491C3846019A19F0E5FD029E00E00126062019F0BA
:20258000E3F9002827D0606E007EC00723D0002E21D00B201BF040F9002818D0074613201C
:2025A00038701048007878700398B870E8783F2101407972284616F02BFEB872F81C04A984
:2025C00006252A4619F0BCFD2846394601E00E20002119F0C7F9206E4C30002109F08AFB0F
:2025E00009B0F0BD0A6A0020E069002090690020F0B58DB00646129D107AD488800680088E
:20260000A405A40A201807929288554C1440001901900F2018400690681E05952A46824169
:20262000F0201840103843424341134003934D48047800274C4DE0B2BAB2824200D387E02B
:202640007F1C0497A878F7B2874256D0029688B2172850D3CD1FACB208AE384621463246FB
:202660000DF082FBF67A03203040022837D10699032972D80798007A890001A251588F46D3
:20268000B32601009126010097260100AB26010008A9097A06E008A90A7A90421FD1079868
:2026A000C088C988884204D019E008980199814215D10398002844D005988289836808A8ED
:2026C000002112F0F7FB002809D1059A9068D18840181168928818F07BFC002831D07007E9
:2026E0000DD508A8C08984420DD9291A88B21728B0D21C480478029E1B4D049F14E0012075
:20270000194D687104E03846214613F009FE164D00273846F7F758FD12480478E878401CCA
:20272000214613F0DDFE0E46F0B2E1B24018401E10F0CEF80E46C8B20C2141436818818B44
:2027400079E708A9142207981BF036F8002005E00020079988810A2000E004200DB0F0BDF4
:20276000FF030000066A0020B4610020F0B5B1B014460E46074608AD13F00EFA002863D076
:20278000049605942E469C3530469930069030462630079008AC0021A422204601911AF0EC
:2027A000F6F827804B49C8782071C87B2871087B2988012402462240474B0B40991802238D
:2027C000024602931A4089180209D207D20D89184209D207920D8309DB075B0D04270740B2
:2027E0008818C018C0193B4F03952880B87B801E41424141079841741AF03EFC412807D30D
:20280000B87B411E8841C000069A1178014311703836787A002819D0347008AE3046393005
:202820002E4F2F4D202439462246A84730465930394620312246A847793640373046394644
:20284000244F2246A84703E0142040E001983070059CB87908A948710028069D049E10D0B5
:2028600008A8801D39465431102219F069FC2878082806D108A8163039464431102219F09B
:202880005FFC787E07990870012806D108A8273014491031102219F053FCF879FE210E40C2
:2028A000022E06D1002804D0039A1188029B19431180411E8841297801433879421E904166
:2028C00080000843287008A8214606F09DFD31B0F0BDC046486F0020F8F8FFFFAC6F00205A
:2028E00041C1020054660020F0B585B00446807809280AD0082816D1E178534F38680029F8
:2029000013D0002811D004A907E0E1784E4D2868002940D000283ED002A908220A70C088AD
:2029200018F0A6FB8CE000208BE0002854D04A4909783A2905D10178002902D113F0F0FEF8
:202940003868406F2030251D20262946324619F0F7FB3868406F403024342146324619F06F
:20296000EFFB3E4E307800280ED000207070B01C202729463A4619F0E3FB22363046214615
:202980003A46314F19F0DCFB3868017800293ED00FF01AFF51E000282DD0406F6030211D1C
:2029A000202219F0CDFB2A4800783A282DD128680078002805D105F025FD2868007800286D
:2029C00023D01BF01DF800281FD001A908702868C08818F04DFB18E01C484178FF292CD04A
:2029E00001788A0729D5FD2211400170194920460FF054F921E015480178CA0705D0FE223D
:202A000011400170204614F02DF9114816E04178142910D11248006800280ED000690028E5
:202A20000BD08047002808D003A908703868C08818F01EFB01E0152141700748002101701E
:202A4000012005B0F0BDC046D874002056730020326A002074660020336A0020986300200A
:202A6000DC740020F0B587B00E469168002909D404465848814205D815469169002901D4DA
:202A8000814208D90020C54311F02CFC16210160284607B0F0BD2F461037002B03D02046B7
:202AA000194610F0F1FF03CF0246083F0A4302D1AA69002A59D0039418CD2A6804921A46DC
:202AC0000294083D22431FD1049A002A1CD17207039C35D47D22D70000263A46334617F054
:202AE000B9FD02900491A869C1173A46334617F0B1FD394A334619F0E1FD029A82180498AD
:202B000041413CD0F543BFE77D20C600002518460299324601932B4617F09CFD07460C460C
:202B20000498C11732462B4617F094FD2A4A2B4619F0C4FDC2196141039C0DD0ED43A3E73E
:202B4000A06A06AA39460AF02DFB069A002A17D121686068884728E00692E2610198A060CC
:202B60000298E060049820610AE01C480168206A0022C9051BD00092082105AB1BE0069244
:202B800016480168206AC90504D000210091092105AB03E00023D9430091042111F0B6FD2A
:202BA000012810D1242001212154002570E7D14300910321134611F0A9FD012803D12420AA
:202BC0000025255464E70020C54311F08BFB0B215DE7C046FFC99A3B00CA9A3B04ED00E0DA
:202BE000F8B50C46012508051DD4E00531D4A00634D4200438D4E00740D120074AD4E006C7
:202C00004CD4A00750D4600754D4200656D4E0045AD4A00574D4600576D4600478D4A004E8
:202C200079D400241EE0EE02424F3888FF280CD0C0B21AF0DDFC002807D005468079162112
:202C400014F0DCFC28461AF0CBFCFF203880744008E02D021AF04BFF6C4003E01AF04FFC7F
:202C6000202044402046F8BDED031AF05FF80028F2D0002181601AF0F7FCEDE71AF056F80F
:202C80000028E9D0002181602B4800680028E3D08047E1E71AF09BF90820E2E7002002213A
:202CA0001AF0CAFC1020DCE701203C211AF0C4FC0220D6E71AF0C4FC0420D2E701203B2106
:202CC0001AF0BAFC8020CCE72D031C4E30680D3019F01EFB002804D13068C11D0D300FF0A1
:202CE0009FFF1AF0A5FC1648007816494A68294612F0DAFF0028AFD08E2011F0B9F8ABE7C1
:202D00006D0219F095FCA7E7AD021AF0F1FEA3E7AD038120F1E76D030B4814F08BFC13F070
:202D20005FFB0A481AF0A4FC09490860FCF70AFD92E7C04610760020EC690020E069002086
:202D4000636900202869002040690020FEFF0000E469002010B5014683880020524A9A181E
:202D6000322A6DD8920001A4A2589746712E0100712E0100712E0100812E0100812E010064
:202D8000812E0100712E0100812E0100812E0100812E0100812E0100812E0100812E0100C3
:202DA000812E0100812E0100812E0100812E0100812E0100812E0100812E0100812E010093
:202DC000812E0100812E0100832E0100832E0100832E0100812E0100812E0100812E01006D
:202DE000812E0100392E0100392E0100392E0100392E0100392E0100392E0100812E010003
:202E0000812E0100812E0100812E0100812E0100812E0100652E0100652E01008B2E010060
:202E2000652E0100652E0100652E0100652E0100932E0100392E010008461AF093FD10BD63
:202E40001A4A9A18022A18D3194A9A18022A14D3184A934222D0184A934211D1886811F0EA
:202E600067FA10BD8A68032118461AF06BFD10BD886801784842484110BD08461AF06AFD69
:202E800010BD08461AF068FD10BD8A680B480321EBE78A680948401D0521E6E707F0E3FD36
:202EA00008F097FE012010BDD9DFFFFFF8DFFFFF8903FFFF0E2000000220000053200000BF
:202EC000F0B58DB017460D4604468E78122E18D01E2E21D1204616F0A3FA002700287BD007
:202EE0000546807840087E2876D8E878002700971E2321463A460FF0B9FF284619F0C6FE1B
:202F00006AE06878012807D147480078FF2862D004970020039022E0204616F081FA0146A8
:202F2000002811D00420085600280DD00027002852D4C2B220460C46314617F0E9FF207961
:202F400080210143217147E00497374800780627FF2841D0022E3FD30391182E3CD8304636
:202F600018F058FC0627002836D00290304618F05FFC002830D02878002802D16978012961
:202F800002D1122E28D16978AA68AB8807AE0096029EB047074600281ED1A87818F048FC4D
:202FA000024607A920469047002818D007466878002811D1A87805A908700F710798488068
:202FC000204618F0ADFE00280CD0012105AA204608F0D8FE06E0062738460DB0F0BDAB78B1
:202FE000042B01D10027F7E70F48007807A900910026214632460FF039FF07460028EBD14E
:20300000A97807A809F0D6F9002801D004980670A878122802D16978012903D0039900293D
:2030200000D008713746D7E738760020F0B58BB01F46154605910646002421460BF0CCFD6D
:20304000002800D09BE004970394059C0296042001210AAF3A4618F0CBFC397800281CD17E
:20306000FF291AD02A46A9422746049E1CD0454F0026384631463246F8F76CFF019011378E
:203080003846274631463246049EF8F763FF2A46019908431ED01E2071E000282746049E5A
:2030A0002A4617D1914215D102201043032811D106AA0398908006900620014618F098FC83
:2030C000002806D106A80622314617F0A1FF0028CDD02A462C48027002201043032802D16F
:2030E000304608F0ADF9294C6770062018F090FE20700006039D01D160782070029C204640
:203100000EF028FE00283AD1064609950895079506951D480078022804D2002006A913F0EB
:203120003FF80EE019F078FFFF21102218F006F9012806D10220102106AA18F059FC002809
:20314000EBD01AF03BF80021102218F0F7F8012811D10320102106AA18F04AFC00280AD1CD
:2031600006A8FF21102218F0E9F8002803D1012006A913F015F8204610F09AF830460BB061
:20318000F0BDC04609040000136A0020C173002086B0564F5448006A0668002E02D0C06807
:2031A000046800E00024786A401C786202A812F0BFFD05460298002802D003F009FC8AE0DE
:2031C000002E03D0AC4211D9002204E04648406A006842424241786B611B12F075FE03F0A2
:2031E000F7FB002877D119F02FF874E003F0F0FB2046294613F074FA6DE0029E002E3BD49B
:20320000049C6069002802D0201D17F0A0FC01A812F08EFD0546701E08285CD8800001A1D6
:20322000085887464932010049320100833201008F320100BF320100493201004932010007
:20324000833201008F3201002820215C01220A432254039EA069811920462A46334614F0B4
:2032600019FC002837D02046283001784A071CD4FE22114001701EE0039A04980599904704
:2032800029E02820215CFE220A40225423E02820215C01220A4322540398A0614119204676
:2032A0002A462B4614F0F6FB15E0A069811920462A4616F017FE216A204688470BE02820BC
:2032C000205C810703D4204612F0DCFD03E02834FE2108402070786B02A9002204F0AEFC4E
:2032E00000288AD156E7C046306D0020086E0020F0B58DB005920C460546408817F088FC4C
:20330000871E4F48007800280B950AD04D48064634362C30854206D02022294618F010FF4B
:2033200001E02E460836B8B2801E0A90701D0890444D0796A88B002C57D10A99814254DBE9
:203340003088718833790CAA0092089A0BF0A2FF002842D00746408930800B9D68880CA93D
:203360000A8839460BF042FE002834D1688809900CA90A88324E736829790A9CA0B20025EA
:20338000304CA41C0094069501950290039109983946FBF75DFC04463078002804D0002C81
:2033A0000B9D079E04D01AE0002C0B9D079E1AD1688823494968234A52887B890AF0C2F981
:2033C000002808D130882049884206D0401C308000241C4DAEE7044605E0002403E0162C85
:2033E00001D1069C29E0174DA88B00281DD0E98A13F076F8A8821248007800280BD02C464F
:203400002C3421792846343019F080FB00212022204619F0BCFA0B9840881435294615F0AC
:2034200051F8002808D1044607E0002C00D10A2405993088088000E01624E0B20DB0F0BDF2
:203440006870002010710020FFFF0000F8B551484078002801D11AF00FFB4F4800684F4932
:203460000A78FF2119F093FA1AF0C2F94C494018009000273E4649480078F5B285421BD2C3
:2034800028461AF0B5F84179002913D08179424A12687C1CFBB2D15401684968CF690099EC
:2034A000FBF7FAFC2846394611F020FF28460CF091F92746761CDEE7364E7078F9B2814285
:2034C00005D01AF0D9FA822010F0D2FC7778F8B201282ED1002531480178E8B2884222D29A
:2034E0001AF086F8044640796D1C0028F3D0A079294909680978884202D01AF0BDFAA079DA
:20350000FF2100F0A1FBC3204000205AE1894908884206D8207C002803D1A07901211AF022
:20352000AFF8A47934E01AF0A7FA822010F0A0FC7778F8B2022806D11AF08EF804461948F5
:20354000844225D17778144C2068F9B20FF034F8206871781AF08FF906F054FD0446C5B2F7
:20356000FF2D04D11AF088FA822010F081FC28461AF03EF8C3214900415AC28952089142B1
:2035800006D8007C002803D1012128461AF078F8E0B2F8BD206900208C690020236A002019
:2035A000C4090000FFFF0000F0B587B00546016E487900020126B203904274D14C3104ACC7
:2035C000204612F061FA204607F086FF002400286AD007460196861D15F030FE0090304600
:2035E0000EF081FD00285FD038460830B9794906C90F19F0F9FF012856D0381DB9780818F3
:20360000411E09784906CF0F411C02AE0622304618F096FD3846314618F06FFE002846D0AF
:2036200035480078002805D1686E807CFE210140022939D0314F396802A813F0D7FA064646
:20364000686E40780007800F06D028463C30396813F0CCFA864227D1686E817CFE20084033
:20366000FF2E44D0022844D1254800683A681E2575435119491C525D0BF064FD01462048CF
:203680000068027891420FD039684919C91D02AC224605F017FF38684019C01D0622214627
:2036A00018F04EFD25E00024204607B0F0BD686E807CFE210140022902D10098C006F3D46F
:2036C0000E4D286802AA394609F02AFDFF2810D029681E26464388190D3018F019FE00282A
:2036E00007D128688019407F002802D1DCE70228DAD0019CD8E7C04628690020E0690020FC
:2037000090690020F8B50246504817785188958894684F4A126881420DD0168B86420CD08A
:203720008E420ED0084619F0BFFC0520042119F025F9304603E0108301E01183084619F0A0
:20374000B3FC022F05D0012F40D0002F7DD100203DE02078411E12293ED8890001A251589D
:203760008F46C046B1370100D9370100CF370100CF370100CF370100DD370100E937010029
:203780002B380100D9370100D9370100D9370100D9370100D9370100D9370100D93701004E
:2037A000D9370100D9370100D9370100353801002748006840886A4601211170010A91706A
:2037C00050700220032107F0EFF9F8BD012029462246FBF707F9F8BDFF2134E01C480068B0
:2037E0000021817606202EE00725284619F0B4FE0446192040031AF063F9017842788378CE
:20380000C6780779407925706170A270E67023716071A771002C18D002200721224607F029
:20382000C3F9204619F08CFEF8BD094800684178082008E00748084900242246234618F0FF
:2038400043FC0620214619F099F8F8BDFFFF0000786E002055BF000009040000F8B5144621
:203860000F4601464A4802781226012A0ED1407800280BD11820022F07D8002F01D0002C2E
:2038800003D0022F04D1FF2C02D9F8BD3046F8BD084619F04AFD002805D00546007A0128E0
:2038A00003D11120F8BD3420F8BD686E41780907890F0CD037490968002908D00A68002AA4
:2038C00005D0C17A0C30904700283046DDD0A86EC178027912025218417983791B025918EE
:2038E000C379007A0002C018000443180126694630460EF0CBFB01783140012F09D0002FA7
:2039000014D1286FC21C002917D100245470147018E02148201880B2204A904201D80029C7
:2039200017D1286F210A0171C4700AE0002912D1286F00210171C17004E046215170502169
:203940001170002444710670467019F00DFE00289BD01820F8BD696E1820002995D0002C84
:2039600093D0012CE4D0CA780B791B029A184B791B04D2184B7E0A495143012B01D0094AA1
:20398000891822464A4308498A42D1D97DE7C04640750020F4750020AFB9FFFFAFB9000034
:2039A000C4090000409C00000054EA2AF0B585B01D4604920391C0B219F01AFE0746392056
:2039C000C0003C183E467436A07902280CD0012800D08FE0022D13D102950025A58019F021
:2039E000DEFCA560029D02E0022D00D082E00499012918D000291CD18C2010F039FA79E009
:203A0000218802293AD3049808186188884252D9002519F0C4FCA56037488178A2888B20EB
:203A200013F0A8F828E0012020800399097861805FE0039A5078000212788018001D608057
:203A4000042905D3039A9078D27812021018A08038460EF059FD0146A06800284AD0012989
:203A600048D119F095FE6088B8423ED1224819F041FA3A4606F0BAFDA5803BE00120049AC6
:203A8000002A19D0012917D103980078000261880143081D60800499042905D3039A5078B3
:203AA000927812021018A08038460EF02DFD411E4842484100E00120A16800291AD0002843
:203AC00018D02088081819F063FE2088C01982B22080608882420DD1074819F00BFA06F09A
:203AE00085FDA5802560022003E02088C01920800120A07105B0F0BD20690020F0B593B04F
:203B0000059304920A460224E74300210A9100280D920ED0002A0AD00499090D07D100687F
:203B20004168464813F0BCF800287DD07F1C0D9900E0114603200190014006910420404971
:203B4000059A002A0C9300D05A1E07921A9A0392199A0292189E069A801A0B9008680990F8
:203B600000200896002F59D1C00757D13348006D00270C9DA8420BD20699002908D00B997C
:203B8000884205D2099813F0FDFD07462B48006DA84201D32C4604E00B9BC11A019A9143B5
:203BA000CC18002C18D0002816D0001B254909180D98224619F000FE20483E460746006D9B
:203BC000001B2049081800220999234617F076FC386D001B38653746002F09D1A5420D9D27
:203BE00007D00C98011B281915F03EFB074600E00D9D079AA85C0A990840A8540120089E85
:203C0000002EAFD004980F900E950EA8059901720299119103991291B047A3E7074816F000
:203C2000F5FC384613B0F0BD0498C01DC308072101408C40601E0A90002778E7485B0020CB
:203C4000E810030034660020FEB50C460746C0B219F0CEFC0546407900281ED03B20C000E3
:203C60002B1818780026800718D446484078012816D1474800680078B84204D000201C46C3
:203C800017F000FE2346688E3F49414398680122D20702405018986000E0FF263046FEBDE0
:203CA000019328684068C169FF2C1FD102910096384612F0D5FC86B2FF2E2DD0C0B219F09C
:203CC00097FC00684068C469688E2F49484302994118204615F028FC00281DD1304639468D
:203CE000FEF700F8B04221D03046E2E7E0B20F4619F07EFC00684068C469688E2249484322
:203D0000C119204615F010FC00281F4B0BD0688E18F05CFF9060C1E7688E1B4B18F056FF3B
:203D20009060009EBAE7394620460CE0688E164F784302994018214615F0F6FB0028009E57
:203D400016D02046029919F0C5FE019D297BAB680E4C20400122D2071A401318AB606B6842
:203D6000234098429AD208351A4329712A6095E7688E4743019A90680121C9070140C81939
:203D8000C8E7C04620690020C4090000FFFFFF7F8C690020F8B516460F46054616F0F2FACC
:203DA00001462C1D6879002800D18AE00F2800D987E0002F00D184E0012820D10F46474856
:203DC00000218160012528460AF0C2FB21780002081820803D4E3046103019F02DFB03289E
:203DE0001ED1306800281BD0317C490705D438490D60317C04220A433274690228E0032FFA
:203E0000009129D0022F3AD0012F4FD12F480179B207D20EE7230B409918017180214CE0BE
:203E200030461C3019F008FB0228394649D13068002846D0317F490709D4317C490706D467
:203E4000234902220A60317F04220A433277290211F05EFE394634E0012251021B48037C29
:203E6000B607F60EE7271F40BE1906745B0724D4174B1A60027C0423134303741DE00120FD
:203E800001021248027FB307DB0EE7261640F3180377520711D4027C52070ED40C4A022347
:203EA0001360027F04231343037706E009480A493722120100BF00BF0021284611F028FEED
:203EC0000099084617F0A2FB6078F8BDC065002030100840B7100300050403009868002007
:203EE000FEB500286AD004464448006880470646B3204000205C0EF0E3FBA06E00282ED0BD
:203F000035463F4E001D16F027FB00281DD0817B0918C97B032906D00F214156002902D515
:203F20003178491C31700AF079FFA06EEAE7817B0918C97B032906D00F214156002902D557
:203F40003178491C31700AF069FFA06E0C3016F003FB0028EBD1A06E17F02AF82E46294802
:203F600000782949087029480168A2791C235343C91800258D600168C918CD600168CD5025
:203F80000068C01845602248007801281DD1206F00281AD000961F4EB0471F4F3846183074
:203FA000B04738461030B0472E46102E0AD0B8590AF034FF0020B851361DF6E7002017F00B
:203FC00061FCFEBD00203884009E0D4F3878002808D0A27902A90A8001AA108001200FF098
:203FE00093FF3D7020460DF03FFF204606F060F80A48016830468847FEBDC046A475002033
:20400000276A0020246A00202A6A00203C72002020690020F5C5020040720020A87500204B
:20402000F8B514460E46074616F0ACF90090002C06D0012C0BD119F0DFF80646C8360EE07A
:2040400019F0DAF805464348C5602E4619E019F0D3F80546C835A81B3D4988424DD935464D
:204060003C48C560284615F09DFE19F0C5F8401B3749884205D838483849AD22520000BF60
:2040800000BF002F2DD0334C20794007800F28D1B868FA68002A05D091196161217C0123A0
:2040A0000B4323748118012900DC0121002A00D10146002800D40146012905DB88192062A8
:2040C000207F012101432177204610300BF0F2FB20461C300BF0EEFB2079F9210140881C87
:2040E00020711C48017C4A071ED4C906890F11D0012908D00146183107E0022CB0D019F093
:20410000A1FC8620F8BD014614310968691A104A914209D9017F4A0714D4C906890F0DD01B
:20412000012905D0243004E019F08CFC03200CE020300068281A0649884203D919F082FC32
:204140000320F8BD19F07EFC02200AF001FAF8BDFFFFFF1FC0650020500603008C020300ED
:20416000F0B589B007931746089104464A4DA87D800019F04DFB002839D0064602970E983E
:2041800006902F46062060430190203008210591089D2A4618F004F8049020460DF006FA9B
:2041A000B87D8200FF21304618F0F1FB532080002018B97D89000396324617F0F1FF064680
:2041C00004980643B86AE100069C40182946059A17F0B6FF002C06D000211022204617F071
:2041E000ADF8002808D03446029A019D1DE0042017F048FB0A244CE0119F089988792246E7
:2042000001242040002317F091F9002F019D03D0002801D020484470284623301021069A1E
:2042200017F0BEFF04463443029A002A07D0284621301C2117F0B4FF0746274300E02746A2
:20424000079A0F9E002A07D0284622301C2117F0A7FF04463C4300E03C46002E0FD02846BF
:2042600024301021324617F09BFF064626432535042110AA284617F093FF04463443039D4A
:204280000548007C002801D013F0D0FA284619F0C7FA204609B0F0BD486F0020F0B58BB0D4
:2042A000039205460620C643AA6805930491581802925168884201D9F61C7EE0109F404CA4
:2042C000A068B11D019112F0EBFCF80713D1B807059D2ED5029800680499401803992A4643
:2042E000002A26D00B7804781C40521E491C401CA342F5D05DE021790029234600D03149B5
:204300000A4605980240C8431B78002B01D1134602E00123DB02D318059C204200D01A4679
:2043200004980140284606F0B9FE06460028059D3FD10298006804994418039E0697002DF9
:2043400024D0082D07952F4600D3082716F01AF80A901D4908680990002008601B480068AD
:2043600008901B48314622463B46089DA84705460998154908600A9817F048F9002D17D19D
:20438000079DED1BF619E419069FD8E7002678070FD50298006804994018059B039C002B17
:2043A00007D0217802785B1E641C401C9142F6D0019E0348806816F029F930460BB0F0BD4D
:2043C000E474002000F8FFFF244402406000000F8FA0E3B7F0B58BB0039304920591069055
:2043E0001024204619F014FA0646204619F010FA07461325002E79D0002F77D006983146C0
:204400003A4605F055FF054600286FD11025284619F0FEF90446284619F0FAF90346132548
:20442000002C57D0002B55D0049A002A0097019602930CD010460F300009461E3001110727
:2044400007D180B20599081801991A460DE00020064680B2059908180F210A4007AD2946B4
:2044600016F04EFA28463946029A17F0A9FF10980490002510222046294618F088FA0A9525
:204480000995089507952F4638B286420FDD002D0DD13805000C0599091807AD20462A4695
:2044A00017F08EFF19F0FCF805467F1CECE7002D0DD107AD204602992A4617F081FF19F0F2
:2044C000EFF8054603982146049A17F039FE009F019E029B002C04D020461C4619F0A0F987
:2044E0002346002B02D0184619F09AF9002E02D0304619F095F9002F02D0384619F090F93E
:20450000E8B20BB0F0BD7047F8B515460E460446806AA067616816F0FBFB0246E067A16FE7
:20452000204604F083F9A06FE26FD100091808319000001D0A1813181818274660370EC717
:20454000E0663B4F20463246B847616E20462A46B847A16E62682046B847304619F0E4F970
:20456000E16FE426884260D1284619F0DDF90146E06F814259D1206E18F000F8002807D089
:20458000606EE16F17F0FAFF002801D0E3264CE0A36EE16E226E204607F0C4FEE126012890
:2045A00043D1E16EE06F8000085800283DD1626EA36E204607F0B6FEE226012835D1E06EBC
:2045C000E56FA900405800282FD1A06E216EE269A36F0095174DA847206E18F093FDE06EC8
:2045E000216E226A19F0B8F8206EA26EE16EA36FE66F0096A847E06E216E626A19F0ACF8B8
:20460000616EA06EE269A36FE66F0096A847606E18F078FD606EE16EE26F17F056FA00284E
:2046200001D11A2000E01920C643F0B2F8BDC0468D75020055CC000070B505464348007857
:2046400018F073FE04462888012802D0002017F019F9002C20D02888012871D12546606E43
:204660004078C0060FD53A4E19F0C2F88019296EC96914F059FF002805D019F0B9F880197F
:20468000296EC8612861686EC07C29347F2807D130480078207004E0002017F0F3F870BD40
:2046A0002078296E2D228854286E696848600121CA030261286E42690223134343616A6E07
:2046C0005378980706D5286E02694023134303616A6E537808025B0704D52A6E1369034335
:2046E00013616A6E127E9206920F03D02A6E53690B4353612A6E536904210B4353612A6E69
:20470000136903431361144A1278002A0BD06A6E5278920707D02A6E53690B435361296E77
:204720000A6902430A6128690C4909688860296FCA7809790902891802D0AA6B002A00D02E
:2047400070BD074A4A431018A86370BD0A6A00204C1D00000C6A002028690020D869002049
:20476000409C0000F0B593B00446062545432F462037082111AA384617F03AF900260028C2
:204780007DD111A8FF21062216F0D8FD002876D13C48807D800019F03BF800286BD004904C
:2047A0000AA8FF261C22314618F0F1F83548807D82000498314618F0EAF828462330102191
:2047C00006AA039017F014F900280CD106A8FF21102216F0B3FD002805D111A98A790120EB
:2047E000104016F0CDFE11A80590FF210826324618F0CDF8244B38463146059A1E46984771
:204800000290284621301C2101910AAF3A460597B0473346064602980643284622300199AA
:204820003A46984707463743102102910398059A154B984706463E43284624300299059A4C
:20484000114B984707463743253504212846059A0D4EB04705463D43532080002018094930
:20486000897D8900049C2246B04706462E43204618F0D6FF03E0042017F004F80A26F0B2CE
:2048800013B0F0BD486F0020A1C10200F0B58BB016460A910546D0B218F0AAFE044618F0C7
:2048A000A7FF0022002C7AD0002D78D06179002975D002920F214901079161180391C32166
:2048C0004900089161180591394941186868C76920684068C5692846099119F0FBF80A9907
:2048E000884207D30A9838180490294614F01CFE012810D105980088E18949080125884227
:204900004ED9207C00284BD103980068C00F47D10A983818049001200190C0070690B0B2AF
:2049200011F09EFEFF283ED00646C0B218F060FE054620684068C7693846099919F0CAF8EB
:204940000A99884205D30498394614F0EDFD012829D1089828180088E9894908884208D910
:20496000287C002805D107982818006806990842D5D0039800680699084216D105980588C3
:20498000A07911F0CAFF281AE18949088842019D06DCA0790125294618F072FE00E015468C
:2049A00028460BB0F0BD029DFAE7019DF8E7C046C4090000F0B585B00446074644370491D0
:2049C00024300190012500200090434E17F030FCA06B002850D10498002862D0E80703D04C
:2049E000306B02907069039017F012FF706A401C706217F01DFC3878FF2801D1002038706D
:204A00007878FF2801D10020787017F001FF02A804A90FF055FE00280AD019F023F801F0DE
:204A2000D7FF204617F0B6FC00250028CED03AE0204617F0AFFC002805D119F013F801F061
:204A4000C7FF0025C2E72068002807D117F0F0FBA06807F06DFF009017F0DAFE0499019838
:204A600016F0FEFF18F0FEFF01F0B2FF00250028ACD117F0E9FBA9E7401EA0632068002836
:204A800002D117F0A5FBA0602069012500281CD01034204604F0D2FD002816D017F0D4FB88
:204AA00013E0002511E00098002813D017F0C0FB0198006800250028294603D0206B006805
:204AC0000A21091AA0680AF057FA17F0A1FE284605B0F0BD0025FAE7086E0020FEB5154615
:204AE0000F4606460092454802A932463B4614F0D7F9002801D0029C7EE00224781E18288D
:204B00007AD8800001A108588746C046714B0100F94B01007B4B0100F94B0100994B0100FB
:204B2000F94B0100A34B0100F94B0100AD4B0100F94B0100B74B0100F94B0100C14B010069
:204B4000F94B0100CB4B0100F94B0100D54B0100F94B0100DF4B0100F94B0100F94B010099
:204B6000F94B0100E74B0100F94B0100F14B01003046294617F0D4F83DE018F07DFA01A93D
:204B80000880304616F034F80446002834D1298830460FF047F92FE03046294612F016FC00
:204BA00029E03046294613F05DFC24E03046294613F088FC1FE03046294614F003F91AE05D
:204BC0003046294614F0D2F815E03046294614F0E3F810E03046294613F05CFC0BE03046D8
:204BE00017F06CFF07E03046294614F0A9F802E0304617F05BFF0446E0B2FEBDDD4A01005A
:204C0000F0B59DB00D460822D74306680968886914920B9202923C460834202840D168687D
:204C20008268202A3BD12A7B012A07D10A68A9688968032A0FD120290FD030E0A9688968D1
:204C400041292CD1002A08D1406814A9091D20220AF00FFF07E0402921D1406814A9091D48
:204C600020220BF043FF2868006803281BD115980721884315901C98274908404018401C41
:204C80001C90371D8C3603213846324610F042FD224A14A90BAB384618F0BBF81CE03C4663
:204CA00020461DB0F0BD301D8C360321324606460EF042FC14A9304609F0E2FAE72826D0D4
:204CC000E82826D0E92807D102A8009014A90BAB30460A4614F0EEFC9928E1D12B681968FD
:204CE000287BAC6803290AD1012808D160680BA9091D202218F060FD0220207005E0009084
:204D00000BA802A922460BF015FA0024C8E73C1DC6E77C1DC4E7C046FFFFFF3F60090300F8
:204D2000F0B589B015460E460746487814F0D0FB002812D004460297002707713078152899
:204D40000DD007281DD013282DD001284BD1728803A8294610F0FEFE2DE0002743E02078DE
:204D6000022840D1728803A8294618F007FE002821D103A8028900270125002A36D039468B
:204D800059E0207803282ED1728803A8294618F0F9FD00280FD100270125204639462A465C
:204DA0000AF0CFF909E0207804281CD1728803A8294617F0CEFA07460125204617F0A6FF2F
:204DC0003378072B0AD0152B08D0207A03A900220092019102993A4610F040FA002D02D024
:204DE000204613F023F9384609B0F0BD03A800883F2102468A43402A14D103A94988172996
:204E000010D303AA9288172A0CD3E36803ADED881D8058809980DA80012020700022154642
:204E2000114608E0E1684880E088618818F084FD03A802890221204609F093FEBDE7F0B5B6
:204E40008FB003930292069105460420C64318F097F912F065FF074600200E90002F6BD067
:204E6000002D0BD0681C01D1351D07E00DA9284612F070FB064600285ED10D9D1498009081
:204E800001200190040318F0AFF8281808900794059778680026214632462B4611F098FDAF
:204EA000002837D00CA80BA909AA0DF0A1F900281ED10CA800780AA914F0CEF8002801D058
:204EC000099C0CE00AA800880BA90F78099C049039462246069B9847002830D1059F0EA8A9
:204EE000214615F015F97868079C214615F0D0FE681E0221C943884209D818F075F8089905
:204F0000814207D00899081AA84201D902E028460546BEE70D95019E0E9C17F025FB002CF2
:204F200008D0224611460C390A68002AFAD1BA680A60BC6017F0A4FC30460FB0F0BD049960
:204F40000D950298002800D001800398002800D0077000980460059FDEE77047F0B587B09A
:204F60001E46174606910546092018F0B6F904460028059601D00A2005E0002018F0ADF9F3
:204F800000286CD001200490222014F06FFF002865D006460397074634483080002D08D083
:204FA0003120F870304608300021062217F0EFFC07E00C990020F87030460830062217F05E
:204FC000BFF8049A10AD29CD0F99BA70002C01930490029109D00E9C0D9930461530002903
:204FE00018D0062217F0ACF818E03046153000240095062521462A4617F0C9FC1B363046F5
:2050000021462A46009D17F0C2FC019B01200599014013E00021062217F0B9FC1B36002C46
:2050200005D006223046214617F08AF804E000210622304617F0ABFC0599019BF97106987A
:20504000B880039ABA710298F881049838827B823D75074800783946174615F02DFC002245
:205060000698394618F062FC07B0F0BD913E0000176A0020F8B518F0BBFB04463D4D28680A
:205080000021002873D03C4E3278002A6FD07D214901009101680A7A51425141C90742D07A
:2050A000317802293FD312F04DFC18F0B9FB3078401E307037E0997B012907D118F098FB95
:2050C00000994218286801680A611FE05A6E517E002901D0002109E018F022F90B2111F08F
:2050E000FFF900984143286803685A6E5679360417793F02BE19D278B218204E7243204E83
:2051000031401E6971188A181A611B4E3178022909D3C06800680169104614F005FA00285D
:2051200001D00AF065FF286800680169204614F0FBF90146286803680029BCD11A7A0121D2
:20514000002AABD0596E09780E4A11700068016ECB690269934208D0CA61C27F920604D589
:2051600018F04CFC28680068016E406841600846F8BDC046D8690020266A0020C409000048
:20518000E0FF00000A6A0020FEB50C460646056E3C4FE81900212622019117F0F8FBEC5516
:2051A00039482F18E00707D0314630310622384616F0C6FF35482F18324635464435A00749
:2051C000029627D5288A002802D1906D002813D02F4800681646526E0C32002107F0A0FF96
:2051E000FF2806D02A4909681E2242438818C11D0AE0716E0C3107E0106E264E1146825D76
:20520000FD23134083553C310622384616F098FFBF1D029A200701D4384604E02878387075
:205220006978B81C797015462135E10601D4064614E0538D516E897D3F22332B02D37F2348
:20524000DB4300E0D3432F781740FA18027049012039019A4270C61C8170029AA00604D5DA
:205260001046314618F013FB1236600608D5287A18F046FB30700849096809790818307031
:20528000FEBDC046BE030000BF030000C5030000E0690020B2030000DC690020F0B585B0A5
:2052A00004463F48006880473E490A68019412190A603D49096888473C480768002F6DD0A6
:2052C000019B180A190CC0B201434A424A4104920002FF2109021A468A4380180390D8B279
:2052E00002900024002F59D02D480068804705460498002808D038790299814210D978683D
:2053000088420AD9029904E078680399884204D90399401A786080B206E00020786005E07B
:205320000199401A3871B888002807D1F888002826D0B988002901D1002805D0B868002871
:2053400002D000263C4606E0002C184800D02046396801603E463F681348016828468847FD
:20536000002EBFD0B088002806D1F088002803D1307BB16803F026FF304618F051FAB1E788
:20538000396900200029D4D0B9680029D1D0387B03F018FF38697860000CCAE705B0F0BD3E
:2053A000A475002074690020A8750020F4690020F0B58DB00F461021CD430468A921615C92
:2053C00000297AD026468436B369F1698B4207D20792069015F00CFD002803D0002004E0DC
:2053E0006D1C6AE016F044FD401E17F081F829460F35002861D00491306800684922002188
:205400000191039281543846079917F0C5FE05972746203701213846029111F083FF8834D6
:205420000894079C059809900A9005970B970C94306808A916F025F8002815D0074617F0B2
:205440004DFB3846083032D0B81C36D00698046825469035019E6E7618F03EF92662666226
:20546000A662E662EE6020E0601E0109059811F059FF0025069F384629462A4609F0C0FA36
:205480000446306800680399029A425417F026FB002C0FD03C6826469036757618F01CF9E3
:2054A00025626562A562E562F560049D05E00498451E02E0B069401CB06128460DB0F0BD36
:2054C000F0B589B004910021002A059309D090CA1578083A6B1E9D41002C04D02146204640
:2054E00001E00D460F4601240668704270417B427B410343079465402B4304D13878102308
:2055000003433B7000270192002A0798039000D003950295002306933A46002E44D004986B
:20552000834241D23446B089401D8508274800688008854238D8089326460C3601202072C4
:205540000398002804D1A07BC01C15F001FC02463046294616460EF0BBFD324626685042E3
:205560005041002E079900D001460029079800D102980028089B04D1107810210143117064
:2055800000220598C00707D028463746164614F0DDFA32463E46089B0698281806905B1C02
:2055A000002005902146B8E71046019A002A09D011605060508906998900401850819089D8
:2055C000C0189081184609B0F0BDC046D011084070B586B00146414D28684830102216F07F
:2055E000AFFD2968C878000706D408460830483102AA01F087FF32E0087901280CD0062865
:205600000AD0052819D14878052805D01C2834D01D285AD102245EE0487805282BD113F0CF
:20562000C5FF2B6818790024012803D0062836D0052850D10CF0A2FC4DE04C6F886F203413
:205640000A4648328B687026895DCB408021194302AB009381230B40214602F041FC2968B3
:20566000383102A8102215F0D3FC012805D113F09DFF002803D008242DE004242BE028687C
:20568000C178090701D4062123E07021425C521CD3B24254142B1BD10CF070FC1AE0002459
:2056A0000294596F986F20311A464832283302AE009602F085FC2868C088029A03210DF0B1
:2056C000ABFB28681821417005E01B20487001E0022141700024204606B070BDD874002044
:2056E000FEB50F46002808D0002F0BD005464078297888420BD10720FEBD002016F0C2F88C
:20570000002F02D1002016F0BDF81E20FEBD1C4616462846394609F015FD2978884263D15E
:2057200000960194C100083100221046083081422FD02B796C792402E318AC79EE79360264
:2057400034192404E3189C189A5C64782402A418E2070246EAD1012121431A18083A230A5E
:2057600053701170831F0022062A17D0B95C02912C796E7936023419AE793946EF793F0202
:20578000BE190F46360434190299E154521C5B1CEAE7002016F076F81F20FEBD009C611E27
:2057A0008C4129796A7912025118AA79EB791B029A1812045118081808380178427812029E
:2057C0005118022291436200891801706A78521C6A70019A002A02D0FB220A4001E00422C5
:2057E0000A43090A417002700020FEBDF8B5044616F01EFD3B4EF068401CF0603A4A1068AA
:20580000002809D03069002844D11068C06AE16A88423FD814603DE01460F068012839D153
:205820000021C843314AC8290AD053181F4608375F609860DF601F61002353501431F2E78D
:205840002B490A4608324A608860CA600A6100220A600F461C370B4614338F61C8610F62CD
:205860004F624A61234F3D466035FD6538667D66BD66BA653D4638357D63B863FD633D6431
:205880003A633D464C35BD64F8643D657D657A647960BB607068401C70606064E06AB16968
:2058A000884200D9B06114214143104842185368251DA3609F68E7609F687D609D606261D7
:2058C0004258521C425016F0A3FF3069002807D005480068C06AE16A884201D216F0B4FC71
:2058E000F8BDC046086E002000760020205D00209C6D0020306D0020F0B585B012270629FC
:2059000036D30E4604461920C001814230D81546062A2DD385422BD8B54229D399087C298D
:2059200026D80A990A2923D3814221D80491C8000393591C69434900884219D9204617F05B
:205940002BFE0746002813D1E0B217F051FE014677318A7A002A07D00A78102A04D801232D
:205960009340254A134202D1497C012903D13A27384605B0F0BDFF22114606314118036846
:205980001B88402B05D11D4B5B789B072ED41127EEE7097802915B239B00C31868328118FC
:2059A000019104468C3401468A311E805D80039A9A80049EDE800226267000276780868E37
:2059C000F61D0E80A580E280049921810121019A117078215A5C102414435C54029989076D
:2059E000CA170F2111400BF011FAC1E7097802918B07D0D41A27BBE701800100E66700207B
:205A0000F0B585B003910446817B4A1CD2B28318DD7B3A48064620360027049677752027DD
:205A2000C5551D7CAD0667D05B7CDD0664D5002B62D001201D46029005406F4206253D40C5
:205A40009F0700D5AD1D5F07FF0FED191B0700D5AD1C4819C11C01910398101849B20391A5
:205A60004518274F2846B847244E3063681CB847B062A81CB847F0620498019901710398F4
:205A80002218137C2121745C3046213045782D022C1985782D0464193F252B40AC43E318CF
:205AA0007354147C40252C40AB431B1973541C0A4470157C80273D40BB435B197354447059
:205AC000947CE406E40C557C641924020D4D1D4064197354250A4570270C8770927C5209F6
:205AE00052051F273F042740BA1873544570110C817002980499487505B0F0BDF06000203D
:205B000051AD0200FF00E0FFFEB515460E46044612F0C0FA0028029608D02E4600242546A4
:205B200027460298046035603846FEBD102017F06FFE002813D00746046031480068314C6E
:205B400021780028019715D1002913D12E462C480760FF6017F04CFE2B49451841E02B4895
:205B6000C26B07272E46002A46D00E2000242146904742E0002811D001290FD12E46006875
:205B80002546046917F0CCFB17F09FF92C4680010D181B480068F860C76022E02E460024C4
:205BA0000028BCD0022925462746BAD30068046917F0B6FB17F089F980010D18104F3968E5
:205BC0000C46C86800680069294613F0ADFCE168002802D138688142F2D10198C160E060F3
:205BE000084C0027002D04D02078401C2070019C97E73C463D4694E70024254691E7C046FD
:205C0000D8690020266A0020E02E000054630020F0B58BB00227002876D00C46002973D059
:205C20001646002A70D0002B6ED00546109800286AD0119A002A67D01299002964D00A9032
:205C40001398002860D00592069307910890412017F0DEFD0990002849D0102017F0D8FDB8
:205C6000002846D004901027384617F0D1FD002842D03A46099F0390384621461446029200
:205C8000234B98473846103031462246204EB0473846203006992246B047384630300322E6
:205CA0000A99B04738463330072405992246B04738463A3007992246B047039C20462946E6
:205CC000029D2A46B04700954122204626463946049C2346FEF77EFB089821462A460C4B30
:205CE0009847384617F09CFD0027204607E013270AE01327099E04E013270998049E17F0C6
:205D00008FFD304617F08CFD38460BB0F0BDC04671C10200F0B593B0174606911021CC43B5
:205D20000168A9228A5C002A71D01E460D4684356A699A4201D2103469E00590039115F031
:205D400057F8002801D0002002E016F091F8401E16F0CEFB002832D0049428680068492119
:205D600000240191445402956D69A91B00D2214607A80090801917F00FFA009839463246F4
:205D800017F01AFD0095A80800281AD006990A5907AB19191E5D4D782D02AD198E78CF7826
:205DA0003F02BE193604751955401D552A0C8A702A0ECA702A0A4A70401E241DE4E70F34BF
:205DC00025E007A9059D2846009A08F019FE064602980068006801240199445416F07EFEC6
:205DE000002E0ED02D68284690300024447690202958284617F0D0F92C626C62AC62EC62CF
:205E000002E000200490039D9C202C50049C204613B0F0BDFEB5029201230A4601931A40F5
:205E20008B07DB0F9A184907C90F561880081D301E27394610F054FB0246344C2120205C31
:205E4000214621314B781B0218188978090445182F482840802808D1002E1CD01E235343BD
:205E6000A521490059184E431AE0A520410080232B40E802C40C002B384601D04B208000E4
:205E8000604357437A18002E16D034465443844217D900271CE01E205043A52149004618F7
:205EA0000299002900D0783601271E21304610F017FB7F210D401AE08242029A0AD9002760
:205EC00009E03424114F3C5D341B62431018019F029A00E0019F002A00D078300B4C002B8C
:205EE00001D01E3900E01E2110F0FAFAEDB2C104C90E226B1570A26A10702320205CE022CD
:205F000002408818E16A08703846FEBDF060002080FF1F00F0B589B00A8805914988012499
:205F20008A4271D8002A6FD0029007A900270F8008973E460497039705984188039B0093FC
:205F400090B21A4609F0A6F9002845D00446300402D007A885781CE0052106AB02982C4AEB
:205F600003F0F8FE00284ED0074608902078022806D107A80125857006A80088800807E005
:205F800007A80225857006A80088122110F0A8FA04902078012D04D102281DD10425022297
:205FA00003E0102818D112251022A07A3870E17AB81C7970616816F0C3F80798461CB0B2AD
:205FC00007A90E80049989B2884205D27F1961894A1C0F488142AFD1300412D007A9029D23
:205FE000284611F0F3F9002400280DD0052107AA284605F0C7FE002806D0089808F00EFF7B
:2060000002E00A2400E01124204609B0F0BDC046FFFF0000B0B592B0044680680578691EAE
:206020000D2927D8890001A251588F4665600100656001007D600100856001008D60010043
:20604000956001009D600100A5600100AD600100B5600100BD600100C5600100CD600100B0
:20606000D560010002A906F093FF122835D101A8062101E001A80721017043E002A915F0B1
:2060800099F92AE002A915F0B3F926E002A915F07FF822E002A915F06FF91EE002A913F015
:2060A000C1FF1AE002A915F076F916E002A914F03DFD12E002A915F0AAF90EE002A915F045
:2060C000C1FC0AE002A912F089FD06E002A915F080F902E002A916F091FB002809D00B2D7F
:2060E00014D00B480068002810D0A08813F086FF0CE0A08802AA294610F052FB01A90870AB
:206100000028ECD0A08801A914F0B2FF12B0B0BDD8740020F0B589B00025002911D00E4618
:20612000044607684068049014F02CF937490978012904D13A46A8321178002904D015F05C
:2061400065FA284609B0F0BD012102920191117015F05CFA3069317810318842F1D8384654
:206160008030039005AD0095284616F067FC307D28703D4630354C21284617F00DF838462C
:206180007C30FD670499039D2960009912F03AF96860002833D0384688303278394616F003
:2061A0002FFF00253D627D62BD62FD623178384616F0F2FF307810300399886170680862C3
:2061C000029F01987870334608330ECB2046FFF7A1FD002817D00398406817F065F82468D4
:2061E00026469036757690202158204616F0D4FF25626562A562E562F5603D70A1E70025CF
:20620000029805709DE725469BE7C04626760020FEB5122601286AD8002968D00291354974
:2062200009780127344EFDB2CAB2954216D833681E2465435A5D82420ED101940646581912
:20624000401C062202990C4614F0E2FE002807D1284801783046284E7F1CE4E7022646E060
:2062600025480068FF21415510F0A2FC012821463446019E3AD121483C22805C01280FD195
:206280001D480068441917F077F9054617F078F90246204629460FF090F9002827D125E0D0
:2062A00017480068807C012802D01748066802E014480668083E304622460D4608F042FFF7
:2062C000317888420CD130462946224606F0E6FE00280BD015F02CFE081814F069FC05E0A7
:2062E00015F026FE0A5CF72313400B5400263046FEBDC0462E6A0020E06900205C710020D8
:20630000307400205864002090690020FEB53B4F3F68002F70D03E464236386E0290786E57
:20632000407840073ED53078FE2202407178022A02D0012936D10121314800683D463C3532
:206340002A4606F0EDFEFF282CD02D4909681E24444308190D3015F0DBFF002822D1284851
:2063600000680019C11D0D300CF05AFC24480068001917F0C5F90298002813D0029C2046D4
:206380005A300622019229461E4B984720468E302946019A1B4B98471A4BCA342046294656
:2063A000019A98473078FE2101400229B0D1144800680D3015F0ACFF0028A9D13D46303574
:2063C0000F48006817F09CF902980028A0D0029C204654300626294632460A4B98472046FB
:2063E000883029463246074B9847064BC43420462946324698478BE7FEBDC0462C74002065
:20640000E069002041C10200FEB53A4C606A002804D0E06A401CE0620020FEBD6069451C23
:20642000656109D334484168826842608160206B401C206314F076FA206A854201D2002006
:2064400052E000202C4A0090019002952B4B51680968002944D05168C968CF6879688D420E
:2064600040D3391D7E69B868FA688260FA6850607068884200D172603068401E3060BE6A63
:20648000002E0FD038461830FD693A6AAA603A6A55607568854200D172600020B8623068A3
:2064A000401E3060FE6AA069864200D9A661142070431A185568BD60AC68FC60AC6861609D
:2064C000A9607A611958491C19500D480068C06A864201D901200190029D074A054CB6E780
:2064E0000098C14321620198A16A002995D00120FEBDC046086E0020306D0020205D002079
:2065000000760020F0B585B0049307460D9E0C9803900B9C0A9D029210460FF03DFB01973E
:20652000002F27463446049B1DD100281BD00179DB220A40990020230B40D1182A463A43E7
:20654000039B1A432243531E9A41920089180171002C08D022690146183182621022084667
:20656000214615F0EDFD24484068002841D0002D0FD0A4268059002807D11C2017F048F945
:206580001D4949688851002803D01C22294615F0D7FD0398002811D017484068A825405979
:2065A000002807D1172017F033F9134949684851002803D01722039915F0C2FD002C049E69
:2065C00011D00D484068AC254059002807D1142017F01EF9084949684851002803D0142255
:2065E000214615F0ADFD0198029932463B4601F0E7F805B0F0BDC04648750020F0B589B065
:2066000016460D46044605A80021102216F0BFF9374F3A68002A05D0D088A04202D1107807
:20662000002819D020460FF0B7FA00280ED00746C16A00290AD0088AB04207D117F03CF81B
:20664000012803D1F96A8A7E05A846E0204613F063FE012009B0F0BD5078062828D1D07877
:20666000000734D41046083011462831483201AB0DF0E2F90028D5D120460FF08DFA0028ED
:20668000D0D00746C06A002805D11C2017F0C0F8F8620028C6D013F04DFC0246F86A8276E4
:2066A00005AD01A9284615F04BFDF86A102213E0916D0029B6D01128B4D1088AB04213D169
:2066C00016F0FAFF01280FD13868856D00E0956D13F030FC024605A8294615F031FD05A9CA
:2066E000204613F02BFEB4E7322010F0F5FC99E7D8740020FEB506463A480078012818D133
:206700001C4615460291304616F00FFE002812D0074601961826029A012A0ED0002A3FD195
:20672000786E407812210140022938D03846683009E0122634E0342632E0786E4078800738
:206740002DD538466C30006803214170290A0171C570210E0172210CC171210A8171447133
:20676000002A02D016F004FF01E016F0F9FE002806D0072814D0122811D10BF04DF90FE0D9
:20678000184C6068019DE900411809794A0710D5386F0121017016F0E7FE002802D01E26D2
:2067A0003046FEBD6068E90042181379FB2119401171029B002B04D101220A4001D0FE221F
:2067C00005E0012B08D102220A4005D0FD22EB00C018001D11400170607800260028DFD0F6
:2067E0006670DDE740750020FEB51227002802D00E46012901D93846FEBD0446007816F0EB
:2068000094FD05464220002D62D06A6E002A5FD06078FF2810D0E11C042814D00328384615
:2068200056D152780878497809020818D10630D42849098888422ED8287A012825D1002E5F
:2068400044D02C6543E0287A0028D4D00091601D0378019343781B0201995B180193837871
:20686000C0780002C0180004019BC01802D1A86E0028C0D05278D006BDD4009908784B78E0
:206880001B021818384623D1CCE7002E05D06C2004E01F28D0D90720FEBD68200E4F2C50E0
:2068A000443502AE0221304613F0EAFD308829880A4642403A42F4D00F22120311403840A2
:2068C00008182880204606F0F1FC00E0EC640020FEBDC04618760020FF0F0000F0B585B000
:2068E00015463A4A1268002A2CD0D388408883423DD110780724012864D0481E0C2861D840
:20690000800001A1085887463D690100C5690100736901007B690100836901008D690100AC
:20692000956901009D690100A5690100AD690100C5690100B5690100BD69010028460FF049
:206940007FFA3EE001291FD146882F7868780490281D17F0C5F8297AEA6800AB07C3002406
:20696000204631463A46049B09F0BCFE2AE0082428E0284606F0BCF923E02846FEF728FE85
:206980001FE0287810F0A8FB00241BE028460FF035FA16E0284609F0A9FF12E0284610F095
:2069A000B9FB0EE028460CF059FC0AE028460EF099FD06E028460AF019FF02E0284609F0DB
:2069C000C9FF0446204605B0F0BDC046D8740020F8B515F02DFC374D686A401E6862686A40
:2069E0000024002803D015F013FF2046F8BDE8680028F8D00021304A946D002C40D0516E6F
:206A0000C9680F4618378C6ACB690E6A9E600E6A73606368BB4200D1666000238B622368BC
:206A20005B1E23600C1D4E698B68CF689F60CF687B607368A34200D1776033685B1E336030
:206A4000CE6AAB699E4200D9AE61142373431B48C718786888602A468568CD6085686C60E8
:206A6000154684604F61154AD058401CD05014480068C06A8642104ABED30120A862BBE7B6
:206A8000002901D013F04EFFEC6A002C09D0FFF7BBFC002801D00120A862641EF7D1002016
:206AA000E862A86A002803D015F0CEFB01249AE7002498E7086E0020306D0020205D002078
:206AC00000760020F0B587B00446806AA067616814F01EF9E067002804D00246FF2803D997
:206AE000D22066E0082064E0A16F087AC00701D1DC205EE090000B185B68002B58D0D300F1
:206B00005B18083304931D180835561CB0002B1803931B180693069B1B1802931F180597BB
:206B20002778BF1EBE40B600059B9F19BB190193049B23646564039BA364069BE364029B4C
:206B40002365059B6365A765019BE3659B1906931D182E1837183B18181805900698206602
:206B60006566A666E766236705986067204601F05DFEE16C204602F0FDF9206EE16CA36FC9
:206B8000E26F00920A46F6F737F9E06F400180216050226E656EA16E20462B4604F03AFF4E
:206BA0000146E06F421C284616F02CF9992000E0302007B0F0BD7047F0B585B0374D2C7B3F
:206BC000012103AA204615F0E1FF022102AF20463A4615F0DBFF687B0090AE7B701C304961
:206BE0000D7829460FF07CFCB87801903C888FB20099C8B287420ED001998842214600D00F
:206C000010210C224243254B9A189183401C29460FF066FCEDE700200190204F009CF0B2FC
:206C2000401CE9B20FF05CFCE4B2A14232D00C2060433A18908B102808D10198401C0190B8
:206C4000204602F023FF1749087019E01C32042502232046294610F05DFD1249087000212A
:206C600004AE204632462B4615F03EF930787C2802D0FE2804D10CE07821204611F0ECF8EE
:206C800007480578601C29460FF02AFC0C46BE7BC5E7FEE70198C0B205B0F0BDB46100205A
:206CA000066A0020C0700020F0B585B00446016C0B1D08460491E16F4A1C91005F18039700
:206CC000D1005918029180256251616D304EB047A16D62593846B047E16D6259029F3846DE
:206CE000B0472078801E03218140C81D6051204639463E46F9F718FB606EA36FE16F0091BF
:206D0000244F31463246B847206E626E16F085FB226EA36FE06F00903046039D2946B84729
:206D2000626EA36FE06F009028460499B847A06F616813F0EDFFA16FE26F204601F076FD96
:206D4000216F0122204615F0F9FAA06E226FA36FE16F00912946B847A16EA26FE36F284642
:206D6000F6F7D2F8A16B20462A4614F0C8FEE06E226F16F052FBE16EA26FE36F3046F6F769
:206D8000C3F8E16B2046324614F0B9FE05B0F0BD05CE020055CC0000F0B591B00226002AC3
:206DA0006CD0169D002D69D017460C46089307900EF0F2FE002815D0E9780A06A978090403
:206DC0008A1869780902521829785118826A914201D8521C52D1002C06D00279920703D49B
:206DE00001264BE0142649E0044603910FA8002108220291069215F0CAFD089E301D80B2E2
:206E0000059016F005FD002832D018340490001D1C4B394632461F4698470422049E3046CE
:206E20002946B8473B4609AF1022384621469847069800900FAB384637463146059AFDF7C8
:206E4000C9FA0646002816D10DAC0FA908262046324615F08DF9291D2046324614F0D8F814
:206E6000012807D10798039913F03CFC029E02E0132603E00126384616F0D2FC304611B04D
:206E8000F0BDC04671C10200F0B585B015460F460446062060432030082103AA14F0A8FD9F
:206EA0000026002824D103A8FF21062214F046FA00281DD102952F48807D800016F0A8FC0D
:206EC000002812D005465320800020182949897D890001902A4614F08BFD00282C460AD030
:206EE000204616F09DFC012602E0042014F0CAFC304605B0F0BD204613F0EAFF002F1AD053
:206F00003846214613F0DCFB0028029D08D1002D2CD00020214613F0D3FB002826D00780EC
:206F20008178A942DCD0029981700029114D13D10021018010E00F48807D8006020E00212D
:206F4000204614F0FBF90028CAD10A4DA87D82000021204615F01BFD204613F0B9FFA87D28
:206F600081000198224615F01BF9B9E7204616F057FCBDE7486F0020F0B59FB0059303927B
:206F80000891019028980990279807902598069024980490269F324B0BAD00263022284695
:206FA0000A953146009698472E4B1022284601991546029298471BAC204631462A46284B3E
:206FC00098470725204603992A46264EB047E01D05992A46B047781E8741A7730499481E4C
:206FE0008141E17317AD28460099029F3A461C4B9847281D0595062606993246194B9847E4
:207000000A35284607993246164B98470A9E35461035284608993A46124B98472846214663
:2070200014F005FE304615F0B1FE089034462034284621463A4615F083F82846059914F0D4
:20704000F6FD0A9815F0A2FE054608980543099821463A46034B984728461FB0F0BDC0461E
:207060008FC9020071C10200F0B587B001920291054603462033344934484861022008606D
:20708000296920202A5CAF69E8695B780E26B61A9B00083B0424A3433343002F01D0402492
:2070A0002343039300BA069000200490059003A8401C16F081FB0398234988670498C867F1
:2070C00005982349086006984860002F1BD0686839463A460CF090F93C1A14D00F272146B4
:2070E000B94308D06868AA69121B80180EF0CEFA274001D107E027466868A969C91B4018A3
:20710000394612F06BFBEF69002F17D00198012801D00C2000E008202E580F243946A14337
:2071200006D030460EF0B2FA274007D0E86900E03846C01B3018394612F050FB029815F0DE
:2071400055F907B0F0BDC04618000C403400000198000C40F8B52B48017800294FD10126F1
:20716000067029494A68531E14469C41447089684260816025482030254A132500242946AE
:20718000234607F0B9F8234803210160F70338460A3021490860284616F0CAF91F48204A62
:2071A0002021234607F0A8F81E48066086601E4806601E48C1681E4A0A40C26001680F2213
:2071C00012039143C919016016F0A8FB01467D2080000FF085F90246164D17492846234617
:2071E0000DF04CFC08F06EF9284609F04DFC0A4AD06CF1070143D164104810210160002030
:20720000F8BDC04610720020201003000C700020A98E01001054024058100040E86600204E
:207220002DD1020058200040602002401C11004000F0FFFF10630020454F020000580040B8
:20724000FEB504463648407800280ED002910846214615F052F80028019408D031480168E7
:2072600020460FF0C3FC074602E00020FEBDFF2700242D4E00943178E0B288424CD216F05E
:20728000B7F94179002945D05321890040188179FF2F1FD1029A91423CD10178019A1278BF
:2072A000914237D14178019A5278914232D18178019A927891422DD1C178019AD27891429F
:2072C00028D10179019A1279914223D14079019949791DE0134A12681E237B43D55CA9424A
:2072E00018D10578D1184A78954213D142788B789A420FD18278CB789A420BD1C2780B7996
:207300009A4207D102794B799A4203D140798979884203D0641CAEE70098FEBD0120FEBD2E
:2073200020690020E0690020236A002080B52C480068002801D016F073FA2A48006800280F
:2073400001D016F06DFA28480068002801D016F067FA2648C068002801D016F061FA24485B
:207360000068002801D016F05BFA22484068002801D016F055FA20480068002801D016F022
:207380004FFA1E480068002801D016F049FA1C480068002801D016F043FA1A48006800289A
:2073A00001D016F03DFA18480068002801D016F037FA16480068002801D016F031FA14487B
:2073C0000068002801D016F02BFA12480068002801D016F025FA0EF082FE10F0FAFF80BD8D
:2073E00030740020347400209C69002038680020E4750020206900208C690020D075002080
:207400003C720020087600209069002094690020E0690020DC690020F8B5354EB568002D82
:2074200009D0287900280AD015F0E6FEE96914F0AFFD074604E0042000BF00BFF8BDC8276E
:20744000E879002808D1C72F06DC281D01784322520289180180F8BDE968264C20462A460B
:2074600008F060FA206800280AD080880004000F3DD021482149FB22520000BF00BFF8BD93
:207480000020B060201D282115F086FE2560286915F034FCE9682268304616F035FB18487B
:2074A000874205DC2068012189030EF031FBF8BDD720C700B078022806D2FD21CE00002811
:2074C0000ED0E868806D07E0E868806D716888423E4601D0FD21CE0010F0E4F8002801D0B4
:2074E000BE1978362068C069801B11F05BFAF8BD98680020C0650020200703000504030015
:20750000204E0000F0B595B00E46384C216800292FD015460C90C8880EF03EFB00282AD0EA
:2075200007460A950DA80FF01BF920680578C06E099012F0BFFB0446401E8441002007F08B
:2075400071FE7A7902211140002D0B9615D0002906D015F07AFC0DAE00283BD07A790598AA
:2075600001251540B91D06910DAE08940790099816E012202CE014202AE0002906D015F01E
:2075800064FC0DA900282AD07A790598012111400891B91D07910DA925460690099E0846FD
:2075A00013AC214615F0ECFC11AF3046394615F0E0FC0898009007980190029506980390FA
:2075C0000A9804900C980B9922463B46FFF7D4FC15B0F0BD0695012508940598C6E7012044
:2075E0000890079525460598D7E7C046D8740020F8B580780024262866D80D46800001A155
:2076000009588F46CD760100C9760100C9760100C9760100C9760100A1760100A1760100C0
:20762000A1760100C9760100A1760100A1760100A1760100A1760100C9760100A17601003A
:20764000A1760100A1760100A1760100C9760100C9760100C9760100A1760100C9760100CA
:20766000A1760100A1760100AD760100AD760100AD760100AD760100AD760100AD76010002
:20768000AD760100AD760100AD760100AD760100AD760100AD760100AD760100AD760100CA
:2076A0000C49401814380668002704E0084940186438066804273846314611F04AFA002818
:2076C00002D02E602F7104462046F8BD0124FBE71008030000060300F0B585B0334D2C682C
:2076E000002C60D0E768002F05D1314831499922520000BF00BF15F085FD0490A088000415
:20770000000F0DD02A6800212960D0680368934202D102C012F07AFF15F0BBFE15F0C6FA36
:2077200012F030FE7E6D61690391A169029100257D6513F06BFF3005800F25D01E488768B1
:20774000002F21D0F97900291ED1184909790196CA07019E18D08560FE200140134801719C
:2077600015F097FE019E38790B2149024018B880BB69002B08D0B88A1049084204D0002117
:207780000E4A38469847019E0398304002460499002901D0029B02E0002A029B03D0002B67
:2077A00001D02046984705B0F0BDC046C0650020680C030005040300986800200220000041
:2077C000F8B51C4600920F46064608460EF0E4F9002863D03248406800285FD0A43001682D
:2077E000002901D0342100E018218268002A00D01431002C00D01C314068002800D01731C7
:2078000088B212F033FB002848D005460021182215F0BDF8D02028706E700A20A870AF8087
:207820000098A871284618301D4F7A68A4215158002907D0A8602E4634361C2214F080FC81
:207840007A6800E00646AC201158002907D0EE60374614371422304614F072FC00E0374654
:20786000002C08D02F613E461C361C223846214614F066FC00E03E4609484068A821415856
:20788000002904D06E611722304614F059FC05480078294613F010F80DF074FCF8BDC046AD
:2078A00048750020C1730020F0B587B003930191044606464436069210300290012514F0EF
:2078C000B7FCA06BE16B884242D3039802283FD00698002850D0E80704D02C49086B0490C6
:2078E0004869059014F094FF2849486A401C486214F09EFC3078FF2801D10020307070789B
:20790000FF2801D10020707014F082FF04A806A90CF0D6FE002832D114F08AFCA56BE76BA7
:2079200014F076FFBD420DD10699029814F098F816F098F8FFF74CF800250028BFD114F073
:2079400083FCBCE716F08EF8FFF742F80025B6E720460199039A07F0C9F8616A002903D06B
:207960002434204601F06AFE002801D014F06CFC14F04EFF012007E014F04AFF03E016F0FC
:2079800071F8FFF725F8002007B0F0BD086E0020FEB50346364802681220002A67D014794D
:2079A000062C64D801263746A7405C252F425ED0D08888420BD1062C0BD1186800283CD0EE
:2079C0001078002849D02A488068C06848E00220FEBD0832102410461946224614F0B0FB1D
:2079E000234D28682830214615F0D8F92C68E078000708D420460830224618322834214610
:207A0000FFF780FD0FE0702000212154606FA16F203022461832237A28343340803300924C
:207A2000224600F05DFA1248016808784A7800280BD0032A15D1022016E002AA0C2010700C
:207A40000846114613F014FB0BE0032A0BD00020042A0CD102224A70FEBD0548406840691A
:207A600080470020FEBD0520487011F089FDFEBDD8740020F0B587B002931746039104462D
:207A800001261546354003D11D2F01D01B2F07D104A9204611F04DFE172807D01E2F09D140
:207AA00004A9204611F030FE172803D11726304607B0F0BD019627480078012808D116269E
:207AC0001A2F01D8002DF2D01B2F01D31E2FEED10C9E002E334605D1172011F0BFFF034605
:207AE000002820D01F70039A002A019D009304D0581C02999047009B451C78B23746002862
:207B000009D404A80480042141800593058104F0A9F8064612E01021204612F03DFE002885
:207B200003D019260AE01326C1E7A9B200984218234602F0B7F80646002807D0002FB6D110
:207B4000002EB4D0009807F069F9B0E70C35009BD7E7C0469B750020F8B51D460878022861
:207B600035D114460E46069F48680178407800024018002F05D015214902884201D00B2026
:207B8000F8BD2A49884226D02949884229D0294988422ED0284988421DD01521490288421B
:207BA00015D107980090F06815F0D5F9009980B2C01B884200DB084682B2D1191F292FD87F
:207BC0002880F068C119204614F0BAFA26E0002028800120F8BD01202880F06800782070E0
:207BE0001CE0F0680088022129802070000A607014E0F068002815D008212980017821703E
:207C0000417861708178A170C178E17001792171417961718179A171C079E0710020F8BD43
:207C20000D20F8BD00202880F8BDC046C92A0000012A0000042A0000A62A0000F0B585B0E9
:207C40000091044605464435049224300190012714F0EEFAA66B002E47D10498002857D0B4
:207C6000F80704D02D49086B02904869039014F0CFFD2A49486A401C486214F0D9FA287800
:207C8000FF2801D1002028706878FF2801D10020687014F0BDFD02A804A90CF011FD00281B
:207CA0000AD015F0DFFEFEF793FE204614F072FB00270028CCD02EE0204614F06BFB0028BA
:207CC0000DD00499019813F0CBFE15F0CBFEFEF77FFE00270028BBD114F0B6FAB8E715F052
:207CE000C1FEFEF775FE0027B2E72046009912F0FBFE701EA06320690127002809D010341C
:207D0000204601F09BFC002803D014F09DFA00E0002714F07DFD384605B0F0BD086E0020E4
:207D2000F8B50446314A1078314D2978491D814203D8002013F0A6FD2C4A102C18D801209D
:207D4000A0402C49084213D02878401DD1680022D5B2A8420AD91C236B43CD18AE78012ECE
:207D600002D1CB5AA3421DD0521CF1E71F4A02E02878D168401D92680023DDB2A8420DD9F6
:207D80001C266E438D19AF78002F05D18E5B1A4FBE4209D0954207D15B1CEEE70025284665
:207DA00013F070FD2846F8BDA81C2C80002169606961012101700D4B598821435980187873
:207DC000421C1A701A46002803D0802C01D0402C00D19560D0888142E4D0D1800748C26818
:207DE000002ADFD000699047DCE7C04638680020236A002002010100FFFF00005C71002045
:207E0000F8B5334D696A491C6962E96B00291ED1304B07211F460F40DE1DCA431640002FE2
:207E2000314600D119462C4B002412C32B4B002F02D0284FBE1BF318CB18083B1340EB6392
:207E40001C605C605A1A0B604A606A642A640027002839D0072101400A46113A824233D3DF
:207E6000411A103101292FDB2A6C91422CD80097194F3E6834463B467068884203D2266820
:207E8000002E2746F6D1EE6BB442009F1CD01F6826681E60431A112B06D3601843606160C5
:207EA0000DF024FF60682A6C111A29646A6C914200D2696408370121C90708430021216026
:207EC0006060A86C401CA864FEF782FD3846F8BD086E002060040020F0680020504D000090
:207EE000F0B589B0064608A803700224002E60D00F4600295DD01546002A5AD00E98002889
:207F000057D00690412015F083FC1324002850D00790102015F07CFC002842D005901020FD
:207F2000049015F075FC00283DD000244122029203900798214614F02AFD05982146049A81
:207F400014F025FD20220192079831461A4B9847079E304620303946019A174FB84730466C
:207F6000403008A90122B847039E30462946049D2A46B84700952F463046079E3146029AF0
:207F8000059D2B46FCF726FA069829463A460A4B98470A4F3046B8472846B8470398B84725
:207FA00007E0079803E0079815F03AFC059815F037FC204609B0F0BD71C1020021D80200AE
:207FC000F0B587B00224002863D00D46002960D01746002A5DD0002B5BD006460C98002876
:207FE00057D004930590502015F012FC0690002842D0102015F00CFC00283FD003901024A0
:20800000204615F005FC00283BD020220194069C02902046314616461F4B9847204620307E
:20802000294632461C4EB047204640300499019D2A46B0473346029E304639462A46984723
:2080400000955022304621462746039D2B46FCF7C1F929460C310422059C20460E4B984700
:2080600020680E490EF03CFA2160384615F0D8FB00242846354607E013240AE01324069D27
:2080800004E013240698039D15F0CAFB284615F0C7FB204607B0F0BD71C1020040420F00F9
:2080A000FEB514460290DD2040001518314A1068002859D09088A379984202D02E4B984240
:2080C00052D1207C002802D09079C0070DD16B799079012B04D1800746D50E46022006E04D
:2080E000FF2841D10E46FF2001E00E4601200190202015F091FB002836D0074649208000B8
:2081000020182146743122463A32029B3B70A3797B8012783A712A787A710978B9713E81BC
:20812000008878812089B8822068C0688008B8610198387714F0FAFD00280AD00188B98182
:20814000846815F055FB0146204615F0C3FC800805E00220C043801CB8810020C04338614A
:2081600004480168384688476879012801D100206871FEBD18690020FDFF000082B014F09A
:20818000A3F909F063F8324E70686946082200230DF0F4F80128F7DB019C684600780828C4
:2081A0004FD8800001A108588746C046D1810100F3810100FB810100038201000B820100EA
:2081C00013820100258201002982010033820100002CD9D025686168A26828460CF006FC5E
:2081E000204615F0ADF9002DCED0284615F089F8CAE7204612F048F823E020460FF002F9F3
:208200001FE0204614F0F0FD1BE0204614F0F3FD17E06568204614F059FC204615F090F93C
:208220002C460EE0012000E00220214615F041F807E02168606888476068002801D015F049
:208240007FF9002CA0D0204615F07AF99CE7C046F86800207CB50446012908D0022905D1A5
:208260000121204612F098FA002800D07CBD204611F084FD002801D00CF080F8274D01A83F
:208280000090274A01200223294607F003F8064600280CD0F068016820460FF007F901A817
:2082A000028800233046294604F058F9EFE71D4800781D4D002815D0E88DA04212D12C4611
:2082C0002C342079411C28461430C9B214F01EFC21792846343014F019FC002120222046AF
:2082E00014F055FB0C35284615F0F6FB0646002EBCD03446304615F0F1FB06462089002881
:20830000F5D02846214613F078FC20460C30A17A14F0FCFB204615F083FAE8E7FFFF0000DF
:20832000BE0F03006870002010710020F0B585B004460029049302D00F46164601E0164630
:208340002C4F3420FFF75CFD0C2300284FD0054603943869411E02468A412A740024EC6086
:20836000AC606E610499A961EC612C6239686960AC62EC622C63002808D1012000210322E3
:208380001E460AF079FAA86000282CD01A480669002E03D0416A416A491C41623889820865
:2083A000386800900195154815492B4608F028FE012806D12868294612F0FAFE00232C461F
:2083C00008E0A868002801D014F005FB28460DF059FD0C2303980460002E08D01C46FEF75C
:2083E000F7FA234603E028460DF04CFD3346184605B0F0BD280E0300086E00203BCF020078
:20840000161103007CB5344E3068017900254A1E052A5ED8920001A39A5897467F84010072
:208420003584010035840100358401005384010077840100C27804252A43C270C0880229C5
:2084400000D00121002422460AF0E6FC3068457040E0C17804220A43C27006F053FD0446E7
:20846000306841781B292AD1002C33D111F09EF809F084FD2DE0C17804220A43C270083008
:208480000024102521462A4614F081FA30682830294614F083FC3268506F916F2030134649
:2084A0001833283200932346FFF71AFD11F068F8411E8841C4003068052141700AE0022C3A
:2084C00003D0042C03D11C2102E01D2100E0052141702C4620467CBDD8740020F0B587B058
:2084E000C80301D4002452E00C46012637042E48007806F059F9002848D005460078A028D1
:2085000041D103A8067004A9284608F03FFE0646002829D104A88078C00709D1234803684F
:20852000002B0FD0A88804A903AA984706460AE01E484368002B16D0A88804A903AA984707
:20854000064611E0062604A8002E0DD0407800280AD104A8807801A90870002048800E7113
:20856000A88813F0DDFB062603A80078002804D0A868002801D006F051FC002E0AD0A88821
:20858000012111F035FF284612F062FD7C40204607B0F0BD04A98878122802D1497801298A
:2085A000F1D01B28EBD1EEE7166A002060750020F0B587B011F0E6FE29490A78012A02D1DE
:2085C00013F024F849E0012203920A7013F01EF80024204609F014FF04AD284614F09EFAB7
:2085E000214EF06805902148214A15212B4605F083FE204800782049097882001F4F0294DE
:208600000191884224D833689D58002D1DD4AB0710D4039B83401C43C3B2FF2B12D02E4609
:20862000039F3E400F4FBC373B43144F01991E700D4E07E06B0705D5039B8340029F1F43CE
:2086400002970E4F07239D43D551401C121DD8E70B48046003480299016007B0F0BDC04642
:208660002576002044300240D80E0300B0660020E57402005F070300150903000031004014
:2086800000350240F8B50F4606462E480068804702462D48044680680546002806D0686E62
:2086A0000078B0423AD028680028F5D10026002F42D03046174614F073FF3A462178884235
:2086C0003AD2782015F0A4F80646002D01D1254608353A462E60002E2ED0314646313546BF
:2086E0002035002232607260F262B265304660303276F2752A70F2777284F2643265CA81EE
:2087000032724A800A80142114F046FD0F483821405C002804D07D20800002E02E460BE03F
:208720006078708528462430022111F0A9FEA88C07490140A9843A46064801681046884791
:208740003046F8BDA4750020247400205C710020FF0F0000A8750020F0B585B00446032678
:20876000F043002C53D00F460292019303900B9804906021204614F00FFD2546203528460B
:2087800014F00AF8012000904002A06221460C3124486760049AA260E6606461A061E56115
:2087A0000220224604F08AFE002832D4029D002D32D00A9804907D20C700284639460DF033
:2087C0008FFE002639464143691A174A5143A064E6642165019D284639460DF081FE474306
:2087E000E91B114A5143A063E66321640498002814D022463832582000992154206800210C
:208800000B46FAF72FF9002808D5039C06E0044604E00398C41C01E00398441C204605B0C4
:20882000F0BDC04669B2020040420F00F0B585B00092049003918E68C8680024B51C0746DB
:2088400003460190674128463946324611F002FF14F089FD05460F4602963246019B11F058
:20886000F9FE14F080FD05460F463246019E334611F0F0FE14F077FD14F0B2FD14F073FDC2
:2088800014F0AEFD801C61412A463B46009F11F0E1FE039B03C3B800083BC1184968CA0FB9
:2088A000049D6A70002911D419460831002202243B46002B1ED00D68ED43EE0F6D002C1961
:2088C00056410C505B1E091D3446F2E71946083101233A462546002A0CD00E68F643F61849
:2088E0000E501D436B1E9D41734273412B40521E091DEFE7049803998167C76705B0F0BD63
:20890000BCB5002847D004460568E97801A801702979417014F00AF9A868002801D02349A6
:20892000016029462031E868002801D0204A02602A8820480280204A1288204B1A806A7979
:20894000C270AA7902710A78027649783C228154296981606969C160A9690161E969416193
:208960001749184AC161026217490978282281542921002242544285144A01218B04C262B3
:208980000363A0688068006813F07AFBA16803C913F0F8FE01E015F0B4F806483821002278
:2089A00042540B4941878287BCBDC046C192020051C002005C7100203675002016760020B1
:2089C00060070300E80E03001E76002001000200DC050000F8B504462D486946224610F019
:2089E0005FFA002801D0009D3BE02088002837D06068426803782748022529460BF094F81D
:208A0000002808D1606842680378234829460BF08BF8002825D0A0781825072821D3102843
:208A20001FD81E4F3888012500281AD021881C4A5040401C884214D30C2014F0E9FE0028EF
:208A400021D0064620883A880001002188420AD0531C3B8065686D186A8110311A46F5E7C5
:208A60000225E8B2F8BD0025304620C00822214613F066FB7868002807D00146006800285A
:208A8000FBD10E60EDE71325EBE77E60E9E7C046D58901000E110300121103005875002076
:208AA000FFFF0000FEB51C460E460978012302291ED171680D7849780902491989B20325A1
:208AC000284FB94215D00292089F274A914212D0264A91420DD015225202914208D10190F6
:208AE000F06814F038FA80B2B84208D2072500E01D462846FEBD002F1ED00B25F9E73D19C7
:208B00001F2D2DD8F068C0190299224613F018FBF068A9B240182022521A0025294613F06A
:208B200036FF134800680028E3D00268002A0198DFD00025294611E0022C11D1F368029AFA
:208B4000117852781202511819800949096800250029CED00A68002ACBD001219047C8E71E
:208B60000D25C6E7C92A0000012A0000A62A0000CC750020F8B50C460646314F3868C08814
:208B80000DF00AF8002826D0054638680078002823D0002006F046FB01460622304613F0FB
:208BA000CFFA11F087F8411E8841B0716879800708D52E460C3600210622304612F0BEFBAE
:208BC00000281FD0A91D0622204613F0B9FA69790120084030E01420F8BD6879800708D5EB
:208BE0002F460C3700210622384612F0A7FB00280FD0A91D0622304613F0A2FA6979012045
:208C000008400CE006222046314613F099FA012012E006223046394613F092FA0120B07184
:208C2000002006F0FFFA01460622204613F088FA11F040F8411E8841A0710020F8BDC0467E
:208C4000D8740020F8B505460620C4432E683079022854D10F46301D2A4913F0F9FB307E3B
:208C6000042802D0B06B0F280CD83046203013F003F83246303207CA3B4603F0E5FE0020DA
:208C8000F06312E0686802781F48294611F0C6FA334630330ECB30460AF0D6FBF16B081A3A
:208CA000F0632036304612F0E7FF2E68307E042802D0B16B0F2919D83046203012F0D0FF8F
:208CC00074694820305CC00601D40020F07630460AF078FF307E012811D130464830326C76
:208CE000766C037828462146B04707E0022805D1A11D06480DF0D4FF746900E00024204641
:208D0000F8BDC0462A002A01C5D50100C0620020F0B589B00490002804D00391012903D95E
:208D2000182056E0022054E0029201930E9800900025294E2F46307D87422DD2B06A401918
:208D400006240499224612F063F90399002804D0B06A40198079884220D0012919D1049818
:208D60004079C0210140402913D17C432334A0B2102405AE2146324612F03AFE3046214686
:208D800011F0D6FF049831460CF0F6FD01280BD0114E7F1C0835CEE734201AE00020029902
:208DA000002916D00F7014E0029800280A4A00D007700199002903D0906A4019807908707A
:208DC0000098002804D0916A4919062213F0B8F9002009B0F0BDC046486F0020FEB51F464B
:208DE00002920D4606462C48006880471224002D14D0012F12D8019028480088029988424E
:208E000005D28A200BF034F83024019806E0304614F0C2FB04460028019804D021490968E6
:208E200088472046FEBDF0B214F0E2FB06461C480178002913D0491E0170D9204000305AEF
:208E4000029A904213D23046294605F014FE044600280198E2D1284605F0E0FF0FE00120C3
:208E600012F048FB022014F063FD0724CDE710200090D2B2304629463B4604F003F8306817
:208E8000058813F053FF008800248542BDD1304614F09AFBB9E7C046A4750020FA6900207E
:208EA0002A6A0020A8750020F8B52B4F01243E68BE603E6130041AD56004B860274808F00C
:208EC000F5F90025254829462A4613F0DFF92448786524488068002803D0804721488560AB
:208EE00005E008200EF0D2FF01200FF013FD1E4A0A25354011D0E003B96BA143B963796D8C
:208F00001140796519490A680F231B039A4302430A6006F0D7FA144AFD6030070DD515467C
:208F200011F030FAB96D2940B965B96D6A1C0A43BA6512F06BFB0820F86070050BD57C6622
:208F40000B48016804220A43026010200EF09EFF20460FF0DFFCF8BD4C1000401063002091
:208F60001100038010720020FFFFFF7F1C1100402C000040FEB50D460446022000900290D2
:208F80000298E16F891C884202D213F0AFFCF6E701222046294613F0D1F9A36F08332046A1
:208FA00029462A460CF0D6FF13F020FE02D014F087F801462046803001908020215014F088
:208FC000D7FB14F08BF8E06F800000262E5002962F1F0299E06FC20E12075242914221D2B2
:208FE00081007918012807DB4A68401E4B881204D2184A60091FF5E728680004286013F0A4
:20900000F5FD02D014F05CF801460198016014F0AFFB14F063F8E06F80002E500298401CA3
:209020000290D6E7009902910299801C814204D213F05CFC0290E06FF6E7FEBD70B52D4877
:209040000078052108424ED014F01CF8C00014F0DFFB294E7060002847D00024254614F03B
:2090600011F8854208D27068011900220251032088806D1C0834F2E72049002420460FF024
:2090800029FB00282AD11D49012528460FF022FB002823D1194902200FF01CFB00281DD1A7
:2090A000164903200FF016FB002817D1134905200FF010FB002811D1104906200FF00AFBF6
:2090C00000280BD10D490E200FF004FB002805D10A490F200FF0FEFA002809D0706814F0B6
:2090E0009FFB1E2402E0122400E01324204670BD3570FBE7B0720020407500202D0C0100FA
:20910000FEB504460068018840294DD1E18B00294AD026490978012946D146682548006877
:209120008047054614F064FBA179244A92789142029532D11E4F618E794340181E49451887
:20914000F069294610F0F0F9002829D020463830019013F0EBFD00900121304614F067F967
:2091600000980169284614F0B5FC618E4F4339460DF0B6F9218982B208186081206800694E
:209180007A438018F061019948780870204609F093FF002010F0C6FC02E020680069F06160
:2091A0000748016802988847FEBDC046116A0020C4090000A47500208813000020690020E8
:2091C000A875002070B50E46044640B2002815D428480078A0423AD92748006880472749A1
:2091E0000968A2008B5833438B502549096888472448006813F014FE002432E0082010F033
:2092000035FE002825D00546174828806E60174801781748FF2904D04068164A12785118B0
:2092200040180678FF2E16D0204612F0D3FB0146A81EFF2202700024304622462B4602F00A
:2092400077FA00280DD0284611F002FF08E0032407E0042405E0284611F0FAFE13F07AF948
:209260000124204670BDC046FFFF00006C7400204C7400201B110300A4750020F069002071
:20928000A8750020D0690020F8B504462C482D4D0126B702394632462346A847631CB91CD0
:2092A00027483246A847A31CF91C25483246A847E31CB91D22483246A847231D3946113189
:2092C0001F483246A847631D39461B311C483246A847A31D39460D3119483246A847E31D65
:2092E0003946123116483246A8472346083339460C3113483246A847234609333946183158
:209300000F483246A84723460A33F91D0C483246A84723460B333946143109483246A847F5
:2093200023460C333946153105483246A8470E341C370348394632462346A847F8BDC04622
:2093400055BF0000C9C00200FEB50D4604462C48416A491C41622668314629404842484176
:20936000491B4F1EB9410193002B00D0084601270028029214D0089A002A16D00299002907
:2093800001D02048411C0198002802D0012080060143201D29430DF043FA0026374604E04F
:2093A000002A02D03046A8432060FDF711FB002F24D1002801D112F047FF12F021FF0646FC
:2093C000800118D412F034FF2668314629404A1E084690414A1B51425141019A002A00D0D7
:2093E00008460299002904D0002802D03046A843206013F00DFAFF20000686433046FEBD83
:20940000086E0020FFFFFF00F8B500281CD00C46074600880CF0C0FB002817D0054604209C
:209420002856002814D424480078401E122602280FD3002C02D0A87C08280AD01F4E7068A7
:20944000002808D0112604E0022602E0142600E01C263046F8BDB02014F0DAF970600028C1
:2094600028D00026B022314613F091FA3888134949684880081D391DA02212F061FE0F486D
:20948000436802201870A97C0839484248410C4909783A881B1D02F073FA0746002C03D083
:2094A000284621460AF0A0FA002FD2D00BF06AFE3E46CEE71326CCE7B072002048750020CB
:2094C000146A0020F8B5002855D0002953D01446002A50D005464879C0220240402A17D182
:2094E0000122284603F0DAFD002811D029796A7912025118AA79EB791B029A181204511831
:20950000C0000818801C0622214612F019FEF8BD19480078194909780918C2B291422AD351
:209520002B796E793602F318AE79EF793F02BE193604F318D6009A199B5D57783F02FB18CD
:20954000401CDF07E9D101201843190A51701070901C0622214612F0F3FD28796979090274
:209560000818A979EA791202511809040818815D02220A438255F8BD0B6A00200E6A002094
:20958000B0B52C4C002020702B4D2868826E9521515CC90709D0C16E097903230B40012BEC
:2095A00003D1C17801230B43C370C178090711D401798B1E032B16D2C088022900D001212D
:2095C000002209F029FC2868C17804221143C170427027E00EF096FA01F098FE2968002850
:2095E00010D015200FE0012901D005291AD1022343700830012908D10021102213F0C7F92A
:2096000028680BE0132048700CE0911C102212F097FD2868C17804220A43C270283010218C
:2096200013F0BCFB2078002800D0B0BD0DF078F8B0BDC046336A0020D8740020F8B5C06895
:20964000C56828461830A96AEB692A6A9A602A6A53604B68834200D14A600024AC620A6854
:20966000521E0A60204F796A00290ED01F490A465832CB6DEB619E682E629E68706098608D
:20968000AA62886D401C886524E0281D6969AB68EA689A60EA6853604B68834200D14A600E
:2096A0000A68521E0A60E96ABA69914200D9B96114224A430E498B185F68AF60BE68EE601B
:2096C000BE687060B860084F6B618858401C885011F028F9E86A07490968C96A884201D939
:2096E0000124BC622046F8BD086E0020306D0020205D002000760020FEB50E46054607200D
:20970000C1432F683C4648346078022802D1B068002807D03078800701D00F4647E0F068F0
:20972000102801D9CF1D42E0019302920091384611F02EFA39460746002838D1A07800286C
:209740000F4606D0386812F0D3FE002821D00120B8767E6401982070002001907861381D19
:20976000029E1ECE1EC0019E38462030102132460B4611F0A3FE3C463879082801D0022818
:209780000BD12846F7F78EF80746002807D137460DE03C460098871D07E00098C71DA07E15
:2097A000002804D013F09AF9A6760020E0763846FEBD7047F8B50D460090294800780027F5
:2097C000294B3C46C1B28C421CD21968CA5D002A15D0CE19F188009A914210D1072D03D1F7
:2097E0007188009814F0A8F8002130462A4605F0A8FC30460EF01AFC194800781A4B641C4C
:209800001037DFE7002D00D0F8BD164E3078C1B28C421AD21968CA5D002A13D0CD19697AD2
:20982000FF290FD0E988009A91420BD1284613F06DFA1421284606F039FB28460EF0F6FB65
:20984000094B3078641C1037E1E70424A0B20728DAD8FF2200990EF003FC641CF6E7C04608
:20986000D57200201E6A0020B4690020FEB50E4604460720C5434868810703D11746B1689A
:209880008A0701D02846FEBD23681A7E042A029305D0326912F0C8FD029B002830D03069C2
:2098A00000282DD0184611F073F9002838D102990A4648325078002809D00192086812F054
:2098C00017FE00281ED0012002998876019A0E641770002001904861091D3268A9CAA9C118
:2098E00002987168016331698163C163B1684163F168203000290AD0102213F05DFF0BE00A
:20990000E81DFEBD00200299C876A81DFEBD0199016041608160C16001212046FFF792F967
:20992000FEBD704770B5049C294E3070294D2975AA756B75EC75C80013F06AFFA8620028FF
:2099400042D0297DCA00002113F021F8287D13F05FFF686200282ED02A7D002113F017F878
:20996000287D13F055FF2862002826D02A7D0024214613F00CF82846383013F053FB31783A
:2099800006200CF0CDFB2846303011F091F909F03BFF297D2A6A052012F02AF8002816D0C0
:2099A000287D2146A04212D0CA4382182B6A1A55641C491CF6E7283503E0A86A13F030FFE6
:2099C0002435286813F02CFF042011F05BFF70BDF7670020486F0020F0B587B004460088C1
:2099E000402110F0D9FE00280FD001266088A188E28823890CF0F4FBE17A002807D0002570
:209A0000002907D02846324606E0122538E0481E81414D0000223046A17A002914D003AE45
:209A200030802088324612F047FA3088002822D120886188A288E388268900270096019716
:209A4000029710F057FC16E0208803A98880002A0ED00D480390A18803A801816188C18058
:209A6000E188418121898181012110F037F902E03B2110F075FC2088402100220FF097F855
:209A8000284607B0F0BDC046913E0600F0B585B00446274E7068002802D08047002810D0DF
:209AA000B068E102726913F04AFC00280BD40C20604320490F18F87D41087F2905D30120C2
:209AC00004E00B2530E001252EE0401CF8750002194901430491002504AA04232046294659
:209AE0000DF018FE3070002803D1FF20B875032078760397EA430192FF26204631462B468D
:209B0000274602940D4CA047012338463146019F3A460A4CA0470223029831463A46A047EF
:209B20001020039988830E76284605B0F0BDC046C0700020B4610020FF000F96ED9B020041
:209B4000F0B58DB0002950D00C4606468879002801D0042500E00825002805D113F0FEFE0F
:209B6000002842D000F07FFF0896E0780C90204800780B90E0790A9026460836A388E789F8
:209B8000228A608A217D00930995019502970392049005910C980B990A9A334604F040FEDB
:209BA000E078002801D031201EE008980A28104801D0002201E022461B320378A0880B9014
:209BC000E0790C90E589678A218A172000960192099A02920395049005970691012218460F
:209BE0000B990C9B00F0B8FBE0700DB0F0BDC046C1730020F8B52349087006F0DBFD22489A
:209C000000243022214612F0C2FE204E707900280ED0000113F0FCFD1D490860002807D07E
:209C20007179F170B27932718A00002112F0AFFE3079184909780818174F3870C0B2000185
:209C400013F0E6FD154D286000280ED039780A01214612F09CFE2868093039788C4207D24E
:209C6000FF210170641C1030F7E70020387030710448007813F0EEF9094810F07BFDFFF7DF
:209C800050FEF8BD1F6A002008650020D1720020B8690020216A00201E6A0020B469002057
:209CA000D5890200F0B58DB0022700284FD01546002A4CD00C4606460693081D80B205902E
:209CC00013F0A6FD00283FD0074606980BF064FF00283BD00395856A381D3146224612F06E
:209CE00047FAFD70280A0290B870280C0190787004952E0E3E7013F061FA014607AC102210
:209D0000204612F035FA082000900BAB20463C463946059AFAF75EFB0746002810D1049DF7
:209D2000039805700299417001998170C670001D0BA9082212F01CFA691C069810F0D2FC02
:209D4000204613F06DFD02E0132700E0142738460DB0F0BDF8B51C46154602270A46113AE3
:209D60000C2A1FD8920001A39A589746BF9D0100BD9D0100F99D0100F99D0100F99D010034
:209D8000A19D0100A19D0100F99D0100F99D0100F99D0100BD9D0100F99D0100BD9D010033
:209DA00005270CE005290AD0D22907D0092906D0522903D006291FD1072700E003270F4AAB
:209DC000954203D0D22904D10C3502E010F020FFC51BA8B2C11988B2002688420AD10FF0AF
:209DE0003DFE002806D0002C00D02580794210F0EEF906463046F8BD0127E0E7FFFF000083
:209E0000F0B585B00D784C68022D0DD12578647824026419244DAC423BD10A9C012500943B
:209E2000019509F0B3FF32E002A90DC100251C490A27042D30D00022A35C8E5CB34203D196
:209E4000521C102AF8D102E06D1C1031F0E7E8B2022821D8134C206800281CD00C2013F027
:209E60007BFB1127002817D00646049813F074FBB060002810D0357002997180049AB280B2
:209E8000039913F099FC206831460AF08BFD074602E00A2700E00027384605B0F0BDC046C0
:209EA00048080300D475002002290000F0B58BB006A8FF2101702548007D13F0A9FC0028E2
:209EC0003DD0044607AFFF261025384631462A461F4B98471D48027D204631461C4B0194B0
:209EE0001C46984704A80390062202923146A047184B022029463A46984706460320294697
:209F00003A46144B9847134F054635430420012106AAB84706462E430C48017D0520019C18
:209F200022463D46B8470746374302980146039AA84705463D43204613F072FC03E004205A
:209F400011F0A0FC0A2528460BB0F0BD486F00208FC90200A1C10200F0B585B02748007809
:209F6000002801D0012047E011F0FCFA13F054F80346002420462146224611F0D7FA204E78
:209F80002746307D874235D2B06A0019FF2106252A4611F0D3F9002829D17D432335A8B288
:209FA000102101AA11F024FD002820D101A8FF21102211F0C3F9002819D101A800211022C4
:209FC00011F0BCF9002812D1B06A011988790125284001AA002311F0A9FAB06A0119C87916
:209FE000C00604D4887928402A4611F0E5FA7F1C0834C6E70020707005B0F0BD217600206D
:20A00000486F0020FEB528484078284909680A78012801D1154644E0002301240092029242
:20A020001E460193DFB2C0B2874225D2E5B2854222D2042E20D8C85D495D04F0B5FE01284E
:20A040001AD10296194E3168C85D495DF7F74AFE31684A5D9042224600D0019A641CE3B282
:20A06000CB5CFF2B01D10023DC43029E0290761C0D4840781346D4E7029DAEB2009CA64213
:20A0800005D02046314604F08FFE012804D1FF213046F9F7D9FD04E020463146F9F7D4FDB1
:20A0A0002546A8B2FEBDC046206900208C690020F8B500280ED004460668002E0AD035882C
:20A0C0002048854206D0012D06D1012013F068FA002800D0F8BD3588012D0BD11A4F387863
:20A0E000012807D1194D286813F09AFB002028603870358800272760B770802D01D0402D04
:20A1000004D128460CF052FF002803D110484188A94341800E480178002903D0491E017042
:20A12000090602D187600B490F704188C2889142D0D0C1800848C268002ACBD0006990473D
:20A14000F8BDC046FFFF0000266A0020D869002038680020226A00205C710020F0B585B002
:20A1600004463120C000029025468C352F89AE88B8B2B1B203910CF0B3F931464143049739
:20A18000791A090400D0401C0299621821462E31E081EB88638400272777E78367893818EE
:20A1A000A081608E029086420AD1E78E0498B84206D1A78EBB4203D15C27D75DFF0608D5DA
:20A1C0005C2701911946D35D082018430B460199D0552746823702981080287808706686F4
:20A1E000A3860498E0867D204402204603990CF077F94643B1B2A14200D0401C388002200E
:20A20000B87105B0F0BD7047FEB51446002802D0254A12780270002902D0244840780870F3
:20A22000002C3FD000273E461F480078FDB2854238D2284613F0B0F9002831D1284613F024
:20A24000D7F953218A008118731C0293F5B2675505682D88803D6B1E9D41B31C0193029BCA
:20A26000DBB2E554805CF21C019BDBB2E0544878331DD2B2A0548878721DDBB2E054C878B9
:20A28000B31DD2B2A0540879F21DDBB2E054487933460833D2B2A05488790936D9B26054B9
:20A2A0007F1CC1E70020FEBD236A002020690020FEB50292019107461024204613F0A8FAC5
:20A2C0000546204613F0A4FA04461326002D35D0002C33D03E46002710222046394612F084
:20A2E00056FB304621462A4611F0C8F90646002824D1E857002805D42846019E314610F0D1
:20A3000047FE09E02846214610F042FE11492046019E324612F054F8F057002804D4304618
:20A32000029910F035FE08E03046214610F030FE08492046029A12F043F83E46002D02D049
:20A34000284613F06DFA002C02D0204613F068FA3046FEBD480F0300F0B589B0119E002E16
:20A360000AD01F4615460C46089008460BF014FC002803D011273DE031273BE007951F483A
:20A380000BF00AFC002834D00546149806901398059012980490109803900F9802900E996A
:20A3A0006F71A81D0622019211F0CAFE28460C30002700903946019A12F0E9FA02996C808D
:20A3C0000798287108982870EF620398A874AE820498E8820598288606986886002903D0FC
:20A3E0000622009811F0ACFE2046394610F0E6F900E01527384609B0F0BDC046FFFF00002A
:20A40000F8B50446254A836FC66E25481060207E001F451EA84100910F2901D8002700E021
:20A4200001270740012F10D1616AA26A204635461E46009B09F008F833462E46174AA16F8E
:20A44000091AA167616E081A6066B34206D1E06A8121615C01220AF039FA07E0606B5066ED
:20A46000A06B9066E06BD066206C1067002F04D020460FF0C7F906460EE0606AA16A0026FA
:20A48000009D2A46334602F0DFFAA06F401BA0673434204611F0D8FB3046F8BD2C000C40B5
:20A4A0002A002A01F8B505460620C44308680078022841D10E462F68CA68381D1F49102AEA
:20A4C00000D0891C11F0C4FF387E042808D0F068102805D368680278194829460FF09EFE6C
:20A4E000331D0ECB384607F02BFE2E68307E042803D0316AC9680F2915D874692820305CB0
:20A50000032801D00020F076304609F05BFB307E012811D130462830326A766A0378284608
:20A520002146B04707E0022805D1A11D05480CF0B7FB746900E000242046F8BD28000001F8
:20A540004D180200C0620020F8B50446007812F0ECFE01464220002945D04A6E002A42D01C
:20A56000601DE11C53780A784D782D02AA18DD060CD41D4D2D88AA4213D900224A700A704E
:20A58000C2708270427002700720F8BD202A26D300224A700A70C270827042700270122084
:20A5A000F8BDDD071BD004261E40B508002E01D0102600E00A265F06FF0F7D19AD199B061D
:20A5C00000D51235FF23AB439A4208D900224A700A70C2708270427002703020F8BD0021CE
:20A5E0002046FCF701F9F8BD18760020F8B514460D4606462148007801280AD12048018829
:20A60000491E0180080404D101201F4611F0CAFF3B461C4F3878002810D00C200FF026FC30
:20A62000002826D00146184808804E8002200871CC808D60387810F03FF9F8BD1F46082001
:20A640000FF014FC002814D010490180691F416002220A7041684E70310A3A010A4341686B
:20A660008A704168CC70210A4268117109F02CF8F8BD284604F0D2FBF8BDC046746E0020E6
:20A68000766E0020186A002090FF000001FF0000FEB502463F2047060E06BE4204D10FF0F6
:20A6A00037FF030A040C3CE0214C00237F20002A37D015680195002D33D0BE4231DA7D27D9
:20A6C0003F06BE4207D00127FF07BE420AD110795379D48825E0019880008118805C4B784E
:20A6E0004C881EE04DB2042691578D4219DB0296171D0199491E002907D02E46029D7D5700
:20A70000AE420BDB35463F1DF4E7019989002E468D56AE4205D18918E8B2E0E738787B78CC
:20A720007C882104DAB212028918C0B20818FEBDFFFF0000F8B5154600910446254E374691
:20A740001C373F68002F03D03889A042F9D126E00C2013F05DF81526002825D007460481DC
:20A760000098B87200203860F872002D0AD00821284610F05DFC7860002804D1384613F0A8
:20A780004FF811E07860134EF169002904D0084609680029FBD101E030461C30076012F031
:20A7A000ADF9002802D000263046F8BD0120F872204600992A46F7F7D9FF31460646C86AF3
:20A7C0000028F1D04368002BEED0002120460A469847E9E7486F0020F0B58FB00D4606461C
:20A7E000254F3868406F603000242022214610F0A5FD002803D0082738460FB0F0BD1C2047
:20A8000013F006F83968886508270028F4D005A803A909F009FF0028EED117480068406FD7
:20A82000603007A9019103A9009105AB31462A46F7F760FD0028DFD10F4F3868806D07ADB0
:20A8400010262946324611F07BFC3868406F803010352946324611F073FC3868806D0482B5
:20A8600012300822214612F092F80FF063FB3968896D88762746BFE7D874002070B50C4691
:20A880000546264E306800281FD0C188A9421CD14178112923D0062919D10178002925D093
:20A8A000826EC16E9823D25AD30702D08B89DB0724D1930702D58B899B0721D4520702D5AF
:20A8C000898949071ED4B06811E012F0E9FF204629460BF065FE10F0DBFB012070BD002CAE
:20A8E00000D0322412F0DCFF204614E0706800280AD04068002807D0804705E0072102E0C4
:20A90000092100E00B21417012F0CAFF306840781228E2D100200CF0DFFBDEE7D874002021
:20A92000FEB517460D460646087A44B2810607D4002C25D401072DD480073DD403263EE081
:20A940000293384611F081FF01463046082634400190224605F0E0FA002806D00299487AE1
:20A9600000282CD0087A012829D1384611F0E2FF002823D00346122201982946984707E048
:20A98000384611F062FF01460022304605F0C4FA064614E01C46384611F057FF0146012264
:20A9A000304605F0B9FA002806D00646607A002805D0207A012802D1002600E00E26304612
:20A9C000FEBD7047F0B58B4200D1824204D90B0002000021002040E0002B00D1002A0CD1B0
:20A9E0000B00020000210020002B00D1002A01D0C943C04313F082F82FE01C0015000B003B
:20AA000002000CB4002126002F00FF19764102D2491C4029F9D100201E001700FF1976419F
:20AA200002D2401C4028F9D10E1A21002800320010F02AFC0C0005000CBC00200021A342EC
:20AA400000D1AA4201D3521BA341404149416D08E7073D436408761EF1D5059F002F01D0BC
:20AA60003A607B60F0BD7047F0B587B01C4617460D460646502019460DF0B4FD009701901E
:20AA80001F4806A932462B460EF00AFA002801D0069C07E0039405A930460EF04AFE0446E8
:20AAA000002802D0E0B207B0F0BD002F13D004AC00202080288821460AF04EFE208811F01E
:20AAC000C4FE0146781E42424241304605F024FA04460028E6D1304629460EF0D9F8044620
:20AAE0000028DFD10024039EFF2EDBD0059DAB1C04481E22294612F027FAEE70D2E7C0463D
:20AB000069AA01004D940200F8B51F4869460EF0C7F9002801D0009833E01C4801782820F4
:20AB2000484312F075FE1A490860002828D00026184F1C4C354615480078854215D21448DB
:20AB400001688819002E3A4600D07A1C8A530021817004818172FF22120282840C301822BF
:20AB600011F015FF6D1C2836E5E70B4812F038FB0A4812F02DFA0A480FF0FCFD002000E0C0
:20AB80001320C0B2F8BDC04609AB0100156A002068690020FEFF00004D8A0000F9B702008A
:20ABA00001C70100FFFF0000FEB514460D4607462249002803D0022F31D10C3100E0091D45
:20ABC0001F4E3088096811F037FE012829D1009430881B2100262A463346FFF7BBF80290B4
:20ABE000002820D004461648C019821C15480D2111F026F9002818D0408901AF38807D8035
:20AC0000204600992A4612F0D7FD0D4800883946324604F065FF0446002807D10BE08026E8
:20AC200009E0122607E0112605E00A2401A81B2111F06CFF26463046FEBDC0465C740020DE
:20AC400096750020386A002070B50C460125C8030BD4E0071DD1A00724D4600726D42007C4
:20AC60002ED4E00632D4002434E02E041A48007803F09AFD002813D005460BF0CFF90028D7
:20AC80000BD116480078FF2807D029460FF014FE06E00DF017FF6C401CE0284610F0D8F9A4
:20ACA000744017E00CF012FF022012E00C480068002803D08068002800D08047042008E05E
:20ACC0000EF072F907490870082002E009F0D2FC10204440204670BD346A002022760020B5
:20ACE000DC740020336A0020FEB50C460546084605F0C4FCE81E0221C943884206D809F0FE
:20AD0000F1FA162101600020C043FEBD0020022D32D01A49A3681A4D2A46AD68AB420DDA53
:20AD2000C9184B1CA36042CC0025083C491EAE41029142C491680191083C03E02168029194
:20AD400066680195154682CA029A511ABE416F692A698918774182C4019A9A1AAB69D2188B
:20AD60002260064B083C9A4206DD0020491C4741044BD21882C42260FEBDC046FFC99A3B91
:20AD8000D8720020003665C4F8B524490F78002801D0394601E022490978002800D00027E5
:20ADA000CDB2204B19683A0100928E1839460024A94230D27288002A02D0491C1036F6E7A7
:20ADC00000280BD0202012F023FDF060002822D00021202211F0DBFD124B01E00020F060BA
:20ADE0000020307019687F1E009841188C1C4022009453B2002B0DD4D3B239467F1CAF4245
:20AE000007D2208810349842F8D1521C0F46009CEFE7738034462046F8BDC046D5720020A0
:20AE20001E6A0020B4690020F8B504460078C206970F022F03D0012F05D1221D01E02246BE
:20AE40000832166800E000260125002901D1E94301E00221C94308402070204604F02AFD7E
:20AE60002078C006800F012810D0002811D10025002F24D01348017906220A40042A1ED126
:20AE80001030844219D010F053F818E02F46241D01E02F46083420680025B0420FD0094C65
:20AEA000207906210140042909D100F01FFD0546206839050AF02CFE01E012F085FC284677
:20AEC000F8BDC046C0650020F8B52548007812F02CFA002842D00446406E4078C0063DD4F7
:20AEE00026464736B078022835D3717DC9434018010630D0216E3B2212018F18E17F327806
:20AF0000BB689B18BB60FA70C0B2CC250D40012802D17078F87001E01020054300222046F9
:20AF20002946FAF731F928460DF0CEF8F9784018401C7D7039783F2529403970C2B2072181
:20AF4000204612F025FD606E4078800703D53878284080303870707D401C7075F8BDC04629
:20AF60000A6A0020FEB5002838D004461D4E30780C214143C8B212F0EFFA1B4F38600028BD
:20AF80002ED0019431788A008218CB00C3183C1D0DC400242246144D144E184FC8B282428D
:20AFA00012D26868011930460292B847A86801193046B847E86801193046B847029A521C32
:20AFC00008480178241DE9E70948019901600948094B0D21102202F0F3FDFEBD0220FEBDCC
:20AFE0001320FEBD216A00205C740020FFFF0000D4750020386A002050100300AD74020019
:20B00000F0B585B01C4604920D4606461D4800688047002E08D0009601950A990129039099
:20B02000029403D0194E02E002261AE0164E0024174F0F2C13D0386800280DD115480578B0
:20B04000E0B20F210BF04CFA01228A4028461146049AB04700280AD0641C0837E9E70826E7
:20B0600003980D4909688847304605B0F0BD0098386001987860002602980028F0D004700A
:20B08000EEE7C046A47500209D700200A95C02006C5E00202A750020A8750020FEB50523C5
:20B0A000204C2679002E00D01F4EDD4333460B408B422CD1806843688B422AD954189C42BF
:20B0C0002DD8164096422AD1019500684418002A21D016460FF056F9029014490D6800209F
:20B0E00008601348026813482146904707460F480560029810F08AFA002F0ED1094800788C
:20B10000411E8841C00204193246321ADFE76D1C05E0AD1C03E0002501E0019D6D1D2846E8
:20B12000FEBDC046E474002000F8FFFF244402405800000F8FA0E3B710B523480078052831
:20B1400016D00E282CD011282CD12148007812F0ECF8002826D00446406E002822D0E17A4F
:20B16000007E002927D080061CD5194902201FE0164C2068017F022915D0012916D0002984
:20B1800010D1406A8178C078000240180A21414320200EF057FE206801210177082006E027
:20B1A000FFF70FFC10BD0121017710BD0B20002110F0D8FB10BDC00603D50549002010F062
:20B1C000D1FB0120E07210BD226A0020307400200A6A0020F8B50E4604461D481D49202504
:20B1E0002A4611F00DFF1C48412721463A4611F007FF1A4C204631463A4611F0FBFE184EF5
:20B20000304612F060F81748017F427F12025118827FC07F00028018000440188068306093
:20B220000B4870600C48B060F4600A4F384629460FF07EFD0C4800683146F6F771F80B4C93
:20B240002060384629460FF073FD00202056F8BD4868002074660020A8680020B86800208D
:20B2600098670020C00B0300A0690020C0690020F0B585B00C4605460127C80330D4002CD5
:20B2800032D01E4800688047782304955D431C49491B0D1F00210A460F2927D03E468E405C
:20B2A000491C08352642F7D00390164800884343E818001F0190016800291F4601D0E85905
:20B2C00088470297B6B2049831460CF07FFF002804D100200199086002996850039806E01E
:20B2E00038044440264606E0002604E016460649096888476640304605B0F0BDA475002090
:20B300006C5E00202A750020A875002070B5214E3168002400293BD0486F002838D0896EE4
:20B3200034228A5C002A17D01B480822027035311A4D20242246A8473168486F2030896EC2
:20B3400055312246A8473168486F4030896E75312246A84701241BE0114D6978FF2913D0F2
:20B360002A78002A01D091420ED22030A91C2024224610F0E5FE3068406F4030223529465C
:20B38000224610F0DDFEE5E70DF00EFE05490870204670BDD87400207466002041C10200D2
:20B3A00098630020336A0020F8B50C460546471C02780846394603F0C5FE064628460D3014
:20B3C00010F0A6FF00282CD1687F002829D11A480078864216D12A780023204639461F4602
:20B3E00000F0F0F9064600281BD114483C21405C002816D1384610F045FA8F2012F0FCF94D
:20B400003E460EE02079617909020818A179E2791202511809040818F100425C08231343ED
:20B42000435405480078864205D0E91D01222046134600F0C7F9F8BD0B6A00205C71002044
:20B4400080B5002819D01E49097805291AD006291AD0112921D11B49096800291DD00A7AF2
:20B46000012AF9D14A6E5278D206F5D542228A5C02231343032BEFD10DE0002010F002FAF7
:20B480001E2080BD114900E00F490968897A02220A43032A01D10C2080BD01780C4A117002
:20B4A0004178517081789170C178D1700179117140795071074801210170002080BDC046E3
:20B4C000226A00202C74002034740020307400204069002037760020F8B50446002804D1EA
:20B4E0001F482049D42200BF00BF6668002E0BD12068002805D11C481A49D92200BF00BF6A
:20B5000020680668002E28D02789F589AF4205D3307A022802D13668F5890027AF4217D254
:20B52000F219108A401D03218843C719AF4206D90E480C490092EF2200BF00BF009A1032C2
:20B54000AF4206D3307A022803D13668002700E00022666027811046F8BD0022FBE7C0462F
:20B56000D10D03000E030300F00803008C0D0300F8B506460C274743204800248470204D9C
:20B580006868406800280CD012F04AF96868001D1C490A78944206D200220260641C08302C
:20B5A000F7E7184802787A4390B212F031F9002821D005460096134C22787A43002631465B
:20B5C00011F0E5F90E48406821788E420ED2F10041184D6000218F4205D06A1800236B5225
:20B5E00093600C31F7E7ED19761CEDE70098034988700020F8BD1320F8BDC046687000203A
:20B6000010710020216A0020F8B51C461E4D28701E4E317072701E4F3878C00012F0F8F80E
:20B62000686000282AD02A461A4D7178002916460BD13878800012F0EBF8B06000281ED0C4
:20B64000014628460BF032FF706800213A78914205D2058000224260491C0830F6E7002CC5
:20B6600000D105242046FFF783FF307811F0E6FC09480FF07FF8307811F0CAFDF8BD7068A3
:20B6800012F0CEF8F8BDC0461071002068700020216A0020FFFF000055820100F8B5144606
:20B6A00006460D461E4F3878002803D11E480078002803D01B480078002806D00E2031467B
:20B6C0002A46234604F09EF914E00C3108460EF0CDFB00280ED03B46074614494A1C964252
:20B6E00001D08E4207D110490978002903D00091922103E0F8BD19780091912139700E2173
:20B7000079700121B970BE800C30B86021462A4610F016FD009839460FF0CEF8F8BDC046E2
:20B72000176A002024760020196A002017200000FEB505460220C44305293CD8052D3AD827
:20B7400016460F46029310F00FFF3B011B49CA18516800291FD001921C4611F091F8029928
:20B760000B460C3B1D715F719E711448005B144A904213D10198C268002A1BD01E46002499
:20B7800020460D469047002D15D0002813D0304610F07AFB0FE011F073F80CE00198041D10
:20B7A000206808300EF0B4FC20684068012109040FF06EFA00242046FEBDC0465461002035
:20B7C000F8FF0000FEB50293019206462048077820480078C019FAB2904213D333797479AE
:20B7E0002402E318B479F5792D022C192404E318D4001A191B5D55782D02EB18DD0703D0C1
:20B800007F1CE8E7002720E0012018431B0A53701070901C062210F093FC019B581E83417A
:20B820003079717909020818B179F2791202511809040818015DF5220A4059005118029BED
:20B840005A425A41D20089180155F8B2FEBDC0460B6A00200E6A0020F8B505461F4CA068E5
:20B86000002805D01E490978A9420BD8002426E00DF076FCA0680024002820D01849097856
:20B88000A9421CD90C216943164A55186F68AE680024E1430BF004FA387800280BD13068A8
:20B8A0000E4909784A1E9141C9024A1E024202D17068884205D2094A90680EF0A7FE20465F
:20B8C000F8BD064A1179002900D0074901408842F2D1012038702C46EEE7C046E474002034
:20B8E0009F0B03005C0D030000F8FFFFF8B5224F38794007800F0CD00EF044FD0446387C7B
:20B90000C0060025800F15D0012804D03846183003E000252EE038461430066830460FF04A
:20B9200027FB11F069FC801B1449884202D811F04BFF0325387FC006800F13D0012802D086
:20B940003846243001E0384620300668304610F0AFFB11F051FC801B0849884202D80FF0FB
:20B96000E7FA02253879F9210140081D387120460FF04CFE2846F8BDC0650020FFFFFF1FB2
:20B98000FEB50F4622490968002902D011242046FEBD1E460224002BF9D0019202909C2013
:20B9A000355C042010F034FAA842F0D830469C300578052010F02CFAA842E8D37C2011F0A6
:20B9C00027FF134D286000281DD000247C22214610F0DDFF28684470029901708770019A5D
:20B9E000C2808666C466047100290ED00AF098FE29460546086801214170002DC7D003F02F
:20BA0000C9FF2C46C3E71324C1E701214170BEE7D8740020F0B587B01E460F460446836FAE
:20BA2000C06F0090084611460292F1F713F98020059420580490002101200390C5070A46E4
:20BA4000002D2ED0002A06920DD00598836FC06F009030460C4639463A46F1F7FBF82146C5
:20BA600030463E4607462C4604980440002911D0002C11D00598836FC06F009030460691BB
:20BA80003946029AF1F7E6F806993846039A3746064603E0069A01E00024039A21436D0844
:20BAA000CEE7384607B0F0BDF8B501220092D2070A43026043688268C56801699A608268F5
:20BAC00053604B68834200D14A60002202610868401E08600EF026FF281D6969AB68EA6866
:20BAE0009A60EA6853604B68834200D14A600A68521E0A60EA6A0E498B699A4200D98A61C9
:20BB0000142353430B4EF7187C68AC60A168E960A1684860A0606F61F058401CF0500648FB
:20BB20000068C06A824202D9009801498862F8BD086E0020205D0020007600200888704743
:20BB400070B478C8194A78C2491EFAD170BC7047F0B4F0C8144BF0C3124BF0CBF0C1521E28
:20BB6000F7D1F0BC7047C046F0B4F0C80F4BF0C3521E07D0F0C80D4BF0C30A4BF0CBF0C160
:20BB8000521EF7D1064B1C680F25AC431C60054BF0CBF0C1F0BC7047C046C046C046C046C2
:20BBA0002C000C4070000C4080000C4090000C40820706D18A0704D130B43CC93CC030BC12
:20BBC000704710230A780270491C401C013BF9D170477047FEB5074621480078401E0228E9
:20BBE00001D21220FEBD1C46002B28D00E460292384609F0D1FF002823D00546C06A002819
:20BC000001D011F00DFE1C2120460FF011FAE862002818D00146089A0020002A0AD0AA7C0D
:20BC2000082A07D10A8A0B461233887E009038460EF08AFE2979002E07D0062206E002205F
:20BC4000FEBD1420FEBD1320FEBD042211432971029A002A02D0202211432971FEBDC046AF
:20BC6000B0720020B0B586B004460220002C38D0618803229143042933D16168002930D042
:20BC8000208801210EF088FD002825D0208810F05AFE05462088618811F06CFE002804D0F7
:20BCA00001AD294602F0AFFAAD8820880E4988420AD02189A94207D962881B20062A10D149
:20BCC0000A4A128891420CD809480078002805D0204600F09FF804E0142002E020460DF0AF
:20BCE0000DFC06B0B0BDC046FEFF000012760020D1720020FEB507680024002F39D00190FB
:20BD00000291BE89FD89AE4204D91B481B49882200BF00BFAE4212D3387A02280FD1019DD8
:20BD20002846029910F0FFFA2F68FD89B8890026002804D012481149922200BF00BFAE42AB
:20BD400017D2BC19208A401D032188438619AE4204D9094809499B2200BF00BF1034BE8162
:20BD6000AE4206D3387A022803D10198029910F0DAFA2046FEBDC046A30D03000E03030054
:20BD8000180C0300FEB502920D460646012421460EF002FD002825D0242011F039FD00284D
:20BDA00022D007460195054616480C30009011F02BFD00280AD0134B13480178FF2901D0E3
:20BDC000124A117019780170114804702E810198A8720C370299002908D01822384610F0BE
:20BDE000AFF908E01420FEBD1320FEBD00211822384610F0CCFD0098294610F0C0FA002053
:20BE0000FEBDC04610710020D2720020D37200209B75002070B5054601891B20002903D096
:20BE20001D4A1288914200D970BD1C4E6868042421460EF0CCF90346287A1870687A58707F
:20BE4000A8789870E878D8702889011D2888B04205D189B230461A460AF032FE70BD8AB227
:20BE6000002529460CF08EFB1F2807D002280DD007280DD012280DD00028D5D108480178CA
:20BE8000002901D0491E0170284670BD142070BD204670BD022070BD12760020FEFF00004D
:20BEA000D1720020FEB51E4614460D46074606290AD16188384611F05DFD029000282ED08A
:20BEC000C168498821800BE001960A9A099902AB384607F039FD0646002826D10298019E03
:20BEE0000899017012490A78531CDAB29A4200D001220A700271142D04D141886180218932
:20BF0000C0680181009638462946234602F012FF06460298002E04D00CF088F805E0022617
:20BF200003E01E210FF0F4FC00263046FEBDC0462E76002070B5002400293DD01546002ACB
:20BF40003AD0002838D16879002835D00E460888102805D0022812D11848C068282105E0E4
:20BF6000032011F031FD002808D09D21405C022804D875218900695C88421CD8308801288C
:20BF800007D008280AD0042816D10C480069007E0AE00B48006800685D2104E011F012FDF3
:20BFA000002809D06221405C022805D875218900695C884200D90124204670BD2474002063
:20BFC000D8690020F8B5044605467735A87A002828D02068008880280AD0402822D10429B6
:20BFE00024D010290DD0FC290BD0172909D019E0182904D801208840134A104201D1FC2979
:20C0000010D128781A280DD11A26204676300778FF22204601F016FC012F02D1EE73FD21A8
:20C0200000E03146204604F0F1FEF8BD28780C38C2B20F2AF6D2054BD340DA07F2D040B25A
:20C04000034A165CE1E7C046010020010D450000880F030010B5002808D0044620488460EA
:20C0600060680179002905D0C06905E000200FF009FC10BD11F0BCFBA0606169002901D005
:20C08000204688476068C06910F058FE60688188827912048918FF2212020A4019235B0289
:20C0A0009A4204D1001DCAB2090C81700280208811F0DEFA616808F08DFF41B2002907D4E9
:20C0C0000F2805D8002803D0204611F071FC10BD60680DF027FD012011F02AFC10BDC046AC
:20C0E00038680020F8B506461B4D2027284639460CF020FB194C204629463A4610F080FF9B
:20C10000174D41222846314610F074FF154E304610F07CFF1448017F427F12025118827F91
:20C12000C07F0002801800044018806831C60F4800680C3E3146F8F763FD0D4C206000281B
:20C1400002D000200FF09EFB034820210EF0F0FD00202056F8BDC0467466002048680020C3
:20C160005868002078680020C00B0300A0690020C0690020F8B5044610F05AF8002C01D158
:20C180001D480468251D28460EF0E1FCA06A002803D0204618300EF0DAFC184F7868401C19
:20C1A0007860154E3068844208D0F868401EF86020460FF0A3FA0EF0B5FB0AE010483030A6
:20C1C000294610F029F8B868401CB86020460FF095FA10F01DFB3068844202D020460FF09A
:20C1E000BCF83869002802D03068844200D0F8BD10F02AF8F8BDC04600760020086E002004
:20C20000306D002070B5044610F012F8002C01D11D480468251D28460EF099FCA06A0028A4
:20C2200003D0204618300EF092FC184E3046443029460FF0F1FF6020205C012803D12046E4
:20C2400060300021017010F0E3FA114D2869002805D00FF0EDFF0EF065FB10F0D9FA0A4885
:20C2600001688C4200D070BD2969002902D00FF0EBFF70BD716CEA68914202D10021016090
:20C2800070BD01F0DFFB70BD00760020306D0020086E0020F8B50026002841D00446C06B0F
:20C2A00000283DD00D46226C0026314633460EF0D1F9481E814133D1264644360FF0B8FFC2
:20C2C0002168E06B226C431E50430F180020A0635343CA186160A760E260FF21317071709A
:20C2E000002D0FD021461831C2436161A261E1612162206121462C31A162E262216361631F
:20C3000060620AE010342068002806D02046FDF795F9002801D00FF097FF10F079FA012697
:20C320003046F8BDF0B585B0029000921568280C01931E68F7433F0C1D4CB443ADB22C1980
:20C34000641C250C3E1876193504A4B22C190C60012297B20298C46F651CBD421CD9300C1D
:20C360000390BF000098C5592E0C0198C459E3431B0C084604920E4AA243A9B2039C09193B
:20C3800089180A0C9B199E18320489B252180146C251049A521CDCE7A0000A58521C01D037
:20C3A000002003E0081800210160012005B0F0BDFFFF000000224B1F182B39D8990001A33A
:20C3C00059588F4629C401003FC4010029C401002DC4010029C401002DC4010029C4010037
:20C3E0002DC4010029C401002BC4010029C401002DC4010029C4010029C401002DC40100BF
:20C400002DC401002DC401003BC401003BC401002DC401002DC401002DC4010029C4010074
:20C420002DC4010029C40100001D0268104670475229F9D0D229F7D0F8E70830F5E70C3053
:20C44000F3E7FEB50124062940D30E4607461920C00181423AD81546062A37D3854235D80F
:20C46000B54233D399087C2930D808990A292DD381422BD8C8005A1C114669434900884283
:20C4800024D938469A30007800280CD00B204001381800680A2102920AF022F8C000029989
:20C4A0006943814212D83846294606F02FFE01280CD00C980B990A9B099A009101903046E6
:20C4C000294601F06DFD401E444244412046FEBDF0B587B0059317460C46064606A9204684
:20C4E00009F03AF9002833D00546049706A800880FF0ACF90E2700282BD003964668002E58
:20C5000027D00D9902910C980090019103982946049A059BB04707460298FE2819D0002FC1
:20C5200017D128780027022813D168680178407800024018084988420BD10499087849780E
:20C540000902081882B20398214607F045FC00E00127384607B0F0BD02290000FEB51C4618
:20C560001646074602A8002505807889421C90B2904206D17A683B7802AD009502F08AFE21
:20C5800005467A683B781548022107F0CDFA002807D17A683B781248022107F0C5FA00288D
:20C5A00007D0788910F0A8F8002C00D020802846FEBD7A683B780B48022107F0B5FA002865
:20C5C00008D002A8002D07D00088B04204D16889401EE9E77889E7E73046E3E70E11030036
:20C5E00012110300850E0300BCB5194908601948FEF7B8FC0546002826D1174C20680028BD
:20C6000005D1202010F0A8FF206000281ED013490160EC2181800025E9438160C160057430
:20C620000F49104A45618161C2610F48F7210F4A0FF04AFD2068C2690095019508340C4920
:20C6400020462B46FCF788F82846BCBD1325FBE79C74002005370100786E00200005F00027
:20C66000FFFF010310270000F1B50200480800004DCD0200FEB5019102901B4D8520440045
:20C68000204605F0BDFE10F0F0FE09F0A9FE1749174807F08FFD074601202860154E002536
:20C6A0001548356070601548202110F075FD0198B0620298F06238460B4908F08BFC064674
:20C6C000102803D8084806F029FB064638460CF039F9204605F068FE10F0C2FE102E00D056
:20C6E000ED432846FEBDC0467C200940F80E03002020094080200940D1F0000088200940C9
:20C700007CB5214EB0420BD00446022909D0012914D0002904D120460DF0F4FA00282AD0DF
:20C720007CBD012120460EF037F80028F8D120460DF0E8FA0546002808D1F1E720460DF04E
:20C74000E1FA0028ECD00546701C2880287AFE2809D0FF280CD0687AAB780021009114220A
:20C76000214606F083FB284601F0D4FCFF2028720020A8727CBD701C80B20DF0C3FA0028E3
:20C78000CED004807CBDC046FEFF00007CB5214EB0420BD00446022909D0012914D0002949
:20C7A00004D120460CF03CFE00282AD07CBD012120460DF0F1FF0028F8D120460CF030FEB7
:20C7C0000546002808D1F1E720460CF029FE0028ECD00546701C2880A878FE2809D0FF2803
:20C7E0000CD0E8780021009114221E23214606F03DFB284610F04AFAFF20A870002028719D
:20C800007CBD701C80B20CF00BFE0028CED004807CBDC046FEFF0000F8B5052600291DD0A8
:20C8200017460D46044640B2002801D50FF092FE18480078A0420DD93A462F460C3F3868FF
:20C84000002803D1A81E0178FF2909D028460EF0FFFB03E028460EF0FBFB03263046F8BD9D
:20C860000470012A0AD10D48006880470A490A683A600D600A490968884703E006482946BB
:20C880000BF0BEFC012001042046FCF79BFC0026E4E7C0461B110300CC690020A475002019
:20C8A000A875002070B5002900D070BD09F074F90028FAD0044620791021014321711B4E45
:20C8C00031680029F1D02546886D002805D00A78002A12D0CA7812070FD4C86D00281AD065
:20C8E0000978012917D12C34E96A00290FD0084610F096FF30685C3008E02C34E96A00291F
:20C9000005D0084610F08CFF3068583000681C210EF08EFB206030680028C6D0C0784007C8
:20C92000C3D5287902210143297170BDD8740020F8B500281ED00446C06A1D4F3968C96AAD
:20C94000884212D2A169002904D43968C96A0A22511AA161616914267043164A10188142AF
:20C960000AD03868C06AE06220E0E06C3968C96A88421BD30020F8BD251D28460EF0E7F897
:20C980003868C06AE0620C498A69904200D988614643084B98194168A1608A68E2608A6852
:20C9A00055608D6060619859401C98510120F8BD00760020205D0020086E0020F0B588B062
:20C9C00007930692802202908058020C019280B2009000231F461A460298C06F82422CD243
:20C9E000069820C80690280C05910799049204C90791110C0391ADB2009C21466943BFB286
:20CA0000C91992B28E18320C274647439CB23C19A218140C01994D43039BEB1892B29A18D7
:20CA2000130C48432018C7183B0C10040599B2B28018049A01C1521CCEE7B8B21A0410180D
:20CA4000086008B0F0BD7047F8B505460F271446BC430CD017401009002B01D1002F1DD066
:20CA60002E46024628460D46FFF772F802E02E460D461746002F25D028193119124A13466F
:20CA800044335432002F1DD00C7814701C7804707F1E401C491C521C5B1CF3E7202A08D32B
:20CAA000421E28460E46FFF753F8103C2D19361900E00E46044805490160012228463146FB
:20CAC000FFF746F8F8BDC0462C000C4028002A01FEB50D461D49884212D009F05DF800280E
:20CAE00024D00646801D7279002400940121114002AA2346FCF70CF9002819D015241DE0EF
:20CB000015240026124F387D864209D2F0B202212A4605F0CDFC002800D00024761CF2E783
:20CB2000002D10D00B4809F05BFD0CE014240AE002A8007802212A4605F0BAFC002D02D0D7
:20CB400030460FF0C5FDE0B2FEBDC046FFFF0000486F0020D1C60200FEB501901D48C578F7
:20CB60001D4807780024F8B2A1B281422FD2EEB218488078864221D0002102AF04233046CC
:20CB80003A460FF0B1F93878782817D0FF2801D07E2803D17C2130460BF05EF90D49CD70CB
:20CBA0000C2070430818808BC880019940180B4988420DD3782130460BF04EF9641C064814
:20CBC0000778701C394609F08BFC0D46CBE7FF25E8B2FEBDB4610020066A002001080000FF
:20CBE000F8B513460C460646194800271F2239460FF06AFA0546000628D11648FF4339467D
:20CC00000FF062FA384607F09BF820460CF0C2FE0520064204D01048FB21104A0FF054FA33
:20CC20000A27374008D00E4800900E482921CA001B21FB230FF048FA3007800F01D0FDF7FE
:20CC400063FF002F02D020460CF090FEE8B2F8BD4DFB0100D1AC0200F1B502004808000072
:20CC600068420000D1A20200F0B587B004460079617909020818A179E279120251180904F2
:20CC8000081806902078617809020818A178E2781202511809040E18356870680590374698
:20CCA00008378CCF143643CE009701AF43C728460599069DA8472178627812025118A27886
:20CCC000E3781B029A18120451180860083C20780BF062FA044601200DF0C8F8002805D0EB
:20CCE00001464220087020460EF094FF07B0F0BDF8B501461F4C2068383010220FF020FA1E
:20CD000021684878042803D1032048700020F8BDCA78120707D4084608300A46183228316B
:20CD2000FAF7F0FB1AE0022821D1283110220846114610F033F82368586F996F20301D4699
:20CD400018351A4628329E687027DB5DDE4080273743009581233B40FBF7C2F80CF010FC50
:20CD6000411E8841C000216805224A70F8BD0820F8BDC046D874002010B5024603780020B5
:20CD80001C46903C042C0DD9012B29D0A02B33D0A22B29D0B02B2BD0D02B24D11046FAF789
:20CDA00027FC10BDA30001A4E3589F46C1CD0100C9CD0100D1CD0100E7CD0100D9CD0100FA
:20CDC00010460CF02BF810BD104606F021FF10BD10460CF039F810BD10460DF01FFE10BD4B
:20CDE00010460BF09FFE10BD10460CF043F810BD104606F051FB10BD0FF03DFA10BDF0B511
:20CE000089B01C4615460891064610F0C5FB0746002834D107940E9CF0B210F0E9FB0646E6
:20CE20005B20800037183089397A7A893B460C3306940094079C01900291039204933046E2
:20CE400008992A462346FFF7FCFA002801D012270BE030469030089939807D80BC800699E7
:20CE6000F9800580448081800027306800888038411E88410101FC22304600F0E3FC3846E5
:20CE800009B0F0BDFEB51D4601920290089800901426084631460DF09AF904460027394642
:20CEA00032460FF074FD002D01D0012100E00221029D019A009BA174E27427720320A07358
:20CEC000D800E37B0343E373901DA0816720285C012813D128469A300078002809D0234680
:20CEE0001433101DE07410460A30A081284602F0CFFEA86E21460BF085FD04E0A86E0C305C
:20CF000021460DF03BFB0020FEBDF8B50D4601460220002A3BD0002D39D01446117028784D
:20CF2000507068789070281D10F0DAFDE070287A20716A7B01200090024062716B7B0221FE
:20CF40000B409B1863716E7B04221640F61866716F7B08231F40BF196771687BF026304028
:20CF6000C0196071287B009F3840A0712F7B0F403818A071297B11400818A071297B1940BF
:20CF80000818A071297B31400818A0710020F8BDF8B5022600283CD00C46002939D005466D
:20CFA00040782070A8786070201DE97810F09AFD2F7927726879217BC207D20D51184208EB
:20CFC000D207920D89188208D207520DC308DB071B0D891800090003C9180818A081A979B0
:20CFE000FF2290434018A08104200EF011FF1226B8420ED8257A05200EF00AFFA84208D3EA
:20D000002078042804D86078012801D8002600E018263046F8BD704770B50446456C4820E8
:20D02000265C6069002800D070BD0F2006402079082801D002280ED1012E08D0206B164977
:20D040000860606B4860A06B8860E06BC860204620300FF0CBF9012EE6D0204648300078DB
:20D06000C0060BD4204620306968EA680BF04DF9002809D10320C043606105E068682146EC
:20D080002031EA6810F098FB20340022102120460B460EF013FA70BD90000C40FEB50192A2
:20D0A000029106461C4801781C4802780F46F8B2CBB2D4B2E31883422BD333797479240257
:20D0C000E318B479F5792D022C192404E318C400185DC0071BD01819811C062202980DF0AB
:20D0E00097FF0D4909780D4A127800280FD0307973791B021818B379F5792D02EB181B040E
:20D100001818005D8007C00F019B984202D07F1CCDE70027F8B2FEBD0B6A00200E6A0020DC
:20D12000F8B514460E46054601291BD16079C0210140402916D11A4E30780127C1B2FAB291
:20D140008A4229D81E2151436A5CFF2A08D06818C11D062220460DF05BFF00281DD1307867
:20D160007F1CEBE70E4800780127C1B2FAB28A4212D81E2151436A5CFF2A0BD0B24209D10C
:20D180006818411C062220460DF042FF002804D1034800787F1CE8E7FF27F8B2F8BDC04631
:20D1A0002E6A0020F0B587B014460D4602460026F043896800292FD4184B99422CD802A983
:20D1C0001046FDF791FD06CD039B029F083DC81B01901046984130461CDB79405A400A4370
:20D1E000A968049A02D19142304613DD8A1A01D4114602E009488018411CD017019A801862
:20D200007D22D500454306480818064909F068F94019401C2060304607B0F0BDFFC99A3B4F
:20D220003F420F0040420F00FEB50D4604461B4E1B4FA06E4168002917D00A7A022A14D14E
:20D24000001D8A7B5218D27B032A09D00F228956002905D53178491C31703978491C39706E
:20D260000DF07AF901F0DAFDE3E73078002813D00C490978884205D2012D0DD10A490978A2
:20D28000002909D0A27902A90A8001AA1080012006F03AFE00203070FEBDC046276A002080
:20D2A0002A6A0020296A0020286A0020FEB5002836D00546007810F038F8002830D0024611
:20D2C0006878042815D0194C01921746443702AE022130460DF0D4F8308839880A46424030
:20D2E0002242F4D00F2212031140204008183880019AE8782979090208180DD1506E007D56
:20D3000080210143832907D0D07F800604D4907D8009401E012804D8D07D18210143D175EF
:20D32000FEBDD07DE7210140F9E7C046FF0F0000B0B5002928D00C4605464008194901409A
:20D34000681A1949820808400A408018010940181649014016484843000E022814D2082DF7
:20D3600000D8082508346019FAF74AFD00280FD001466A1E28180A4210D06A42104008383D
:20D3800088420CD228180AE006F0ACFF162102E006F0A8FF0C2101600020B0BD083812C037
:20D3A0000030B0BD55555555333333330F0F0F0F0101010170B504460078C3069E0F022EE3
:20D3C00003D0012E05D1231D01E0234608331D6800E00025002A01D1042300E00823002ACE
:20D3E00001D1012200E00222E15010432070204602F060FA002E0AD1207818210140082922
:20D4000001D0082000E004202058A8420ED0094D287906210140042908D1FEF767FA0446CA
:20D4200028680121090508F073FB00E00024204670BDC046C0650020F0B58BB005920D461A
:20D4400006461D4F3C68002B0FD0A06E01780AAA1170417851709521405C907020781834FA
:20D46000002812D008A806A911E0E06E001D10F037FB3C68E16E0A780AAB1A704978597077
:20D480009870207838340028ECD006A808A907F0CBF800280ED13868406F8030039406A937
:20D4A000029108A901910AA9009131462A46059BF8F7AEFB0BB0F0BDD8740020FEB50C465A
:20D4C0000546C01E0221C943884205D80020C44306F008FF16212DE0002602921660302065
:20D4E000FAF78EFC00281CD00746F143E0683860A0680C4678603E61BE60FE60BE61FE6171
:20D5000024203E54BD620D480090012230463B460AF046FF3862002806D0029807603446C5
:20D5200009E00020C44302E0384608F0ABFC06F0D9FE0C2101602046FEBDC0464593020080
:20D54000FCB5079D1D4C266887681D4C3C40871B80263E40019305D002270F43062F01D1FA
:20D56000012739432F01103F3C430C4303272B46BD0627462F40AF42009306D0BD0EAB4070
:20D580009A180027FF43AF40D2190260A20F022A01D9019B0FE002252943062904D1034612
:20D5A000002E07D18C3306E0009B93400199C9184B1E00E00C3343608460FCBD0860024065
:20D5C00008C0FFFF70B5044605681B48066828460DF0CEFA30072DD5184820210160EA6B15
:20D5E000501E0E280AD82B4630330BCB9B1AC018C9180123FFF728FA0020E8632846203028
:20D600000EF02EFB4820285CC00601D40020E876284606F0D7FA287E022803D108480CF0B9
:20D62000F5FF70BD284648302A6C6E6C696903782046B04770BDC0460C010C400465024092
:20D64000C062002070B588B00C460125C80303D4E00710D100242BE02E041748007801F020
:20D66000A3F8002805D0054602F044F828460DF0EFFC74401CE007F015FE104A117800287E
:20D6800007D0002905D00C4800780121FBF79AFD0DE000290BD05078FF2808D002AB197050
:20D6A0000022009201930649652307F0D7FD6C40204608B070BDC0461F6A0020D172002077
:20D6C000FFFF000070B50C461D490978814233D90FF08EFF0546407900282FD0FF20E63033
:20D6E0002818AF2149006A18294638316B6A23701E0EE6701E0CA6701B0A63706B8E2371C8
:20D700001B0A63710B79A3711288E271120A2272097861720078A07420460A302946623159
:20D7200005220EF00DFD0F3428350322204629460EF006FD002070BD1E2070BD022070BD18
:20D74000236A0020FEB501931446029105460DF05FFA0746194EB08B002804D0F18AA21C23
:20D760008A420CD00FE00921154A00232846FCF7F1FAB06100281FD0A01CF082B08B211850
:20D780003A1F914201D90120FEBDB169421CB283019A0A54100AB169B28B531CB38388540F
:20D7A000B069B18B4018029922460EF0C9FCB08B0019B0830020FEBD1120FEBD1071002007
:20D7C000FFFF000010B51C4800780FF0AEFD1B490A68917C012915D1116A4B78032B11D8B8
:20D7E0000C219B0001A4E3589F46C046FDD7010033D80100FDD7010033D80100526A52784E
:20D80000012A16D00E490968CA7A012A03D14969097801290AD000280AD0416E002907D004
:20D82000007A012804D1887C002801D00C2100E00021084610BDC0460A6A002030740020CC
:20D8400034740020F8B5002811D017460E460546044677341948006880470246FF2F0AD178
:20D860002670A07A002819D10120A07216E000200EF008F8F8BD7720812804D0295CB94256
:20D8800007D0401CF8E7A07A411CA1722918773101E0291877380E70000602D17635002010
:20D8A0002870A07A0A2804D3002014460DF0EAFF22460348016810468847F8BDA47500201E
:20D8C000A8750020F8B5CF214900465A2536B1B21A4CA28C8A422BD2216880791C22424325
:20D8E00088180830164FB84720461C30B847254614352846B8470027102F05D0E01940683E
:20D9000001F08CFA3F1DF7E7A6840026102E0FD0A719A08C05F04EFC7860002806D0A18CBB
:20D920000AF0CEFA796828460EF026FB361DEDE71434204609F076FBF8BDC0463C720020EF
:20D94000F5C50200F8B50D4604461B4847691B4E3068001D0DF0FBF8601C17D1002D15D02A
:20D96000174801464431826C33689A6093683468E36033681B1D9468636033681B1D9360D7
:20D9800032685161416C491C4164F8BD3C19306844600B4805D380683168091D0BF035F943
:20D9A000F8BD40683168091D0BF02FF90249086A844200D20C62F8BD086E00200076002084
:20D9C000306D00201CB504468078082824D0052820D1A0880EF0C9FF0146012004291FD1C2
:20D9E0001649097801291CD1154801680120002916D08969002913D001A888470198012109
:20DA00000170A188C180E18901820830A11D08220EF096FB00201CBDA088A179FCF72EFF34
:20DA20001CBD074909680029FAD0CB68002BF7D0A088A11DE28998471CBDC0463D76002052
:20DA4000DC740020B0B51B4C606A002802D00120A062B0BD18480021A162184D2968096B48
:20DA60000A68824208D14A68824205D18A68824202D1C968814204D02868296834310FF075
:20DA800003FCA069142141430D4A5118401C0A681439401E002AFAD08A6952688A610B46AF
:20DAA0001C33934201D152688A61D1682960A061B0BDC046086E0020A5A5A5A500760020D5
:20DAC000205D0020F8B50446066CC26F900087190837616DA56D30460FF094F9E16DE26F1F
:20DAE00038460FF08FF920463946F2F71DFCA36FE06F0090284631463A46EFF7ABF8A06F4C
:20DB000061680DF005F9A16FE26F2046FAF78EFE216F012220460EF011FCA06E226FA36F28
:20DB2000E16F00912946EFF795F8A16EA26FE36F2846EFF7E9F9A16B20462A460DF0DFFFBD
:20DB4000F8BD7047F8B516480078002826D115480768154D01262E6000248460EE60134823
:20DB6000134922460EF0B3FB12481B2101606E60114D284628300EF03DFDAF610F4838185D
:20DB8000E8616C70AC70064806700CF0FBFB0446E8690DF06DF820460DF038FDF8BDC0463E
:20DBA000377300200421024054200240E866002009E2010044540240306D0020FFFFBFFFD1
:20DBC000F0B585B01C4616460F46054600920193184804A92A463B460BF062F9002801D09A
:20DBE000049824E0002D1DD0039502A807808670FAF7F0FE002C1AD0002818D16D89002D83
:20DC000010D00C200FF004FE00280FD00146002008608D808C60084A1368002B04D01A46FC
:20DC20001B68FAE7022002E0116000E01320C0B205B0F0BDC1DB010004760020F0B585B013
:20DC40000D46064600200090194A012419490223204601F01FFB002827D0074602951D21B4
:20DC60000425002430462A462346FCF773F80490002819D07A8903A90A804D80012202706A
:20DC8000049844700498FF2282700498C27030462246029BFCF7E8FE002806D0054604987E
:20DCA00001F0BCF82C4600E01524204605B0F0BD14110300FFFF0000FEB516460D4604469A
:20DCC000184F387808210AF081FA002801D01620FEBD154A15480188914205D01120A142A4
:20DCE0001DD13978B1421AD128886988AA88EB8808F076FA002813D00027042000A9C1C178
:20DD00000B4B122120462A46FEF7CCF8002806D1064A1188044B994201D114803846FEBD3A
:20DD20001820FEBD146A0020FFFF00004A75002051A70200F0B587B00546194C194E3168EF
:20DD400000290BD118480090184A01200223214601F0A0FA0146306000281FD0124F3A8823
:20DD6000FF200390022002900020019006A8009005AB2846F0F76CFF002808D105A80288A6
:20DD8000002A04D030684189284603F0B5FF30683A8800232146FEF7E1FB306007B0F0BD65
:20DDA000FFFF0000C8750020565F0020BE0F0300B0B50446808807F0EFFE002812D0817CC1
:20DDC000042906D1A28815494B889A4201D1144A4A8009F063FDA07812490978A288A3797B
:20DDE00007F05CFB0D4D2878002805D00DF040F8002801D0002028700B480088A18888422A
:20DE000001D10DF045F96868002805D04088A188884201D107F0B6F9B0BDC04648750020A5
:20DE2000FFFF0000C17300201A76002010B502460078D02811D0A2281AD0002491281CD104
:20DE40005078052820D03E2823D00F2825D00E2813D11046F4F77EFF0EE09078012413282A
:20DE60000DD0122809D150685178FEF7ECFD04E050880C490AF0C0F80446204610BDD078CA
:20DE800051680EF0F1F8F8E71046FFF791FF0124F3E71046F3F78CF8EEE7104600F0D0FB7E
:20DEA000EAE7C046FFFF0000BFB50546448801A8294601F0E7FB029900290CD001A8408806
:20DEC000811F02290AD3042808D0052819D101A803F0CCFB1AE0012818D01CE0011F0C20C9
:20DEE00048430F490A5A002A10D00818807801A908F0F4FC002809D101A8408804280AD1AD
:20DF0000BFBD01A80FF040FD0028F9D0A868002801D000F083FF012120460CF069FABFBDD1
:20DF20000865002070B5044680790FF035FB002800D070BD0B204001261816480068804761
:20DF400005467079012809D1A07908F0D7FD307901280CD000200DF095FC08E03079002890
:20DF600005D1012030711221204602F04FFF707901214140717130684208B3204000231892
:20DF8000054821460FF056F9044801682846884770BDC046A475002025DF0100A8750020DF
:20DFA000FFB50093029203900A9D09980190002718483C460C2F05D0EA5B824200D0641CA8
:20DFC000BF1CF7E70027E2B2FEB2964207D27300EB5A834206D08B4204D87F1CF3E72006D5
:20DFE00002D113E096420FD10398884205D00120009A002A0BD08A4209D802980199081AA6
:20E0000080B20549884201D9012000E0002004B0F0BDC046FFFF0000FE7F0000F8B51C4DC3
:20E02000FF2420460DF000FD2868042188432860E0430DF0EBFC28680821884328601548E5
:20E04000046809F0BBFB0546002C18D0264624680E20375EBD4203DD0C20375EBD42F3DB1E
:20E060000C4831460BF086FD002030750094B4683269284639463346A047009CE4E707F09C
:20E080009BFE034A50680C2101405160F8BDC04648600040E0680020FEB51E4614460D46F4
:20E0A00007460FF0C9FBBA6BF96B8A4201D3022E28D101940290452029463D56ECB2B86BAF
:20E0C0003846324600F012FDFF2C08D01048C0680126A84214D94537601C387010E0786A58
:20E0E000012600280CD024373846FBF7A7FA0199002905D00028029805D001260E6002E0E3
:20E10000029800E000260FF004FC3046FEBDC046086E0020F8B504460546243508300DF0C3
:20E120002BFDA078192801D017281BD1207B012810D12069002815D000260827217D2069AB
:20E140008E420DD2C059002801D000F067FE761C0C37F3E7A069002804D000F05FFE01E0C7
:20E160000FF05EFB0022A270FF2666722A706878FF2804D0218800927D2304F077FE6E707F
:20E180000C340021182220460EF001FCF8BDFEB50C4605460127F94320680078082801D019
:20E1A000022808D102912E683046214609F00CF8002802D0FEBD481CFEBD30460CF0E8FC2F
:20E1C0000028F7D1314628314878002807D0019130680EF08DF9002811D0B77601993462AC
:20E1E0000F70301D029021680195029D8DC98DC50020706101982146FCF754F9FEBD00204F
:20E20000F0760298FEBD7047F8B50126184806600CF0B8F817490968174A56700025957024
:20E22000D4690F1B0DF0F2F9AF4207D32C197F1B3046214603F094FB0546F5E70CF0A2F8C9
:20E2400006460D4FB878012804D10020214603F087FB05460948854200D3054628190CF02E
:20E2600007FD00207870BC6130460DF0CFF9F8BD5420024004210240306D0020FFFFBFFFEF
:20E28000B0B50D46044640680FF04EFBE067A26A8100091D5318591822666366A1660C2131
:20E2A00041430C3110460EF077FF206EA1680EF019F8606E29460EF015F8606EE16F491C62
:20E2C0000EF05CF9002801D0E72013E0236E626EA16E2046FEF726F8012807D1A06EE16FB0
:20E2E00089004058002803D0172002E0E82001E01620C043C0B2B0BD7FB504460020002C1E
:20E300002DD01E460D46002B0AD07168CBB2FF2B0DD0144B1B6DAB420BD0C0291FD008E078
:20E3200000200190C043029001AE0120307280207060A8000C490C5062603068A06025607D
:20E340000A4928460AF09EFE3179284602F064FC307A002802D028460BF06CFB204604B06E
:20E3600070BDC046086E0020B86B0020BD990200F0B585B0164604461D68002D05D02868A2
:20E3800002F094FFAE6028681DE01F4600910C200DF058F900281FD00546019402AC2046E2
:20E3A0000EF08CFF00202070039004950D48019922460DF097FB2860002810D00099696020
:20E3C000AE603D60019C21460FF0AAFA286802F05BFB002005B0F0BD0320C043FAE70EF08C
:20E3E000B9F8C046F9D20200FEB51C46154602910646002A02D100200DF044FA3746C0377E
:20E40000154800688047019030680088402805D0802808D10EF061FA002002E00EF05DFA51
:20E420008020387102E000200DF02CFAD03630460AF098F960190090384602992A4623466C
:20E4400003F02EFF0446B86B401CB86303480168019888472046FEBDA4750020A875002005
:20E4600010B5144C6478002C01D00C2010BD124C6478A40601D4112010BD04461B3CE02C41
:20E4800001D80E4C20800F4C0F48081880B2A04201D20E4801800A4811461B39E02901D83A
:20E4A0000B490A80181881B20020A14201D209490B8010BD20690020E6670020026A0020F9
:20E4C000B8FE000049410000B8FEFFFF046A0020FE690020006A0020F0B587B0059005A88B
:20E4E00081800425002B2DD0002A2BD01C4605A86B4611461A4603F075FB0546002821D166
:20E50000124E7068002802D08047002819D0243630460EF0A1FE6F46002238462146F0F7E1
:20E52000EFFE0546002808D1B989002905D06846007C07F0F5FE05480578304606F08AFF8F
:20E5400000E00B25284607B0F0BDC046C070002080B5032818D002280BD0012820D11548BF
:20E560000079C006800F022822D0032818D131201CE01048007FC006800F401E03280FD2BA
:20E58000C002010A0D4809E00A48007CC006800F401E032804D2C002010A0748C84005E0E5
:20E5A00007480849832200BF00BF8020C0B280BD3220FBE7C0650020383A39003436350086
:20E5C0007C0B03008C020300BFB50546407913280AD0122827D102AA002010806888297973
:20E5E0000DF05EFC01241FE0012420460DF010FC02460F480078082107F056FB002802D08A
:20E600000A200DF03FF9288900280DD0094D2988094842888388C08800903B2008F04EFC43
:20E620000648288000E00024204604B0B0BDC046146A00204A75002010690020FFFF00003F
:20E6400080B5014682881548824220D01448824212D0144882421ED113480088134B9842F7
:20E660000AD0134802680120002A13D01268002A10D00C48904780BD0E4803680120002BD4
:20E6800008D01B68002B05D01046984780BD08460FF06AF980BD002080BDC04644200000F9
:20E6A00019200000132000004A750020FFFF0000FC750020F8750020F0B585B001920E4632
:20E6C000009002AF38460EF029FA80200390114C20462830104A114D14213B46A84740204F
:20E6E0000390204644300E4A17213B46A8470020039060340B4A162120463B46A8470A48B2
:20E700000660009941600199816008480E21016005B0F0BD446C00206DC60200F9E20100BB
:20E7200059C6020045C60200F074002014540240F8B518480578AC0020460FF069F8164E1D
:20E740003060002803D021460EF026FD02E000200DF098F83668002E18D01048002707607D
:20E760000DF02AF90DF0F8FC6C0020460FF050F80B4D6860FF2221460EF0D8FBF843E86073
:20E7800000F06DFC07480168891E016070427041F8BDC0461B110300F0690020CC69002045
:20E7A0004C740020C8690020F8B5074601200404184800688047009017480026354601687D
:20E7C00000290FD008460C38827ABA4203D1002D0A4601D00EE02A46002A00D031460E4662
:20E7E0001546ECE73846214607F05AFF002D05D1002508E038462146FAF7E4FC0648294633
:20E80000324606F003FE05480168009888472846F8BDC046A4750020CC690020A875002078
:20E82000F0B587B01E4617460691044616200BF01DFB00282ED00546119805901098049026
:20E840000F9803900E9802900D9801900C980090D02028706C700520A870EF70281D002E69
:20E8600004D0062231460DF06BFC03E0002106220EF08DF800986881019828730298E8815A
:20E88000039828820498688205982875069829460CF012F807B0F0BDFEB504460C30029031
:20E8A0001A48426A521C426227692068084320600020019002998F421DD0384688CF1A4616
:20E8C00011490A402568294611405E0102D40029F0D001E09142EDD10B49491C0B4000D1E2
:20E8E0001A46019911430191012149060D432946FDF7DAF8DEE72068019988432060F8F721
:20E9000067F82068FEBDC046FFFFFF00086E0020FEB514460D4607460EF08EFFBE6B002E2D
:20E9200017D000940290442038560190C4B2384629460CF0D9F8701EB863FF2C0BD011480F
:20E94000C0680125019A904216D94437601C387012E0002511E03869012500280CD0103754
:20E960003846FAF76BFE0099002905D00028029803D001250D6000E002980EF0CAFF284651
:20E98000FEBDC046086E0020F0B5441C00780023082B30D02578C6070FD166782D013709B7
:20E9A0007F190F253540ED1C122D0BD102256657F5B2002E08D4E61C0CE0641C4E1C0D7008
:20E9C000314615E0A61C06E0261DE4787F221540E20155191235094A97420ED0FC43002D80
:20E9E00005D00A5D4F1C0A706D1E3946F7E7344640085B1CCCE72046C7E7F0BDFF0F000053
:20EA0000F0B593B016460191044602A830210EF0C3FB27683D4684353C46203401212046F6
:20EA200008F080FC002E04D002A8019932460EF0C3FE384688300E9002A80F901090119483
:20EA4000E8681030129028680EA90CF01AFD0026002801D0F6430BE0EA6802A938460F4617
:20EA60000EF0AAFEE8680321884338182EC82EC4304613B0F0BDF0B587B014460691D921CC
:20EA8000490003904018049000260296200425D004980188A0B2884200D30846C5B2284690
:20EAA0000EF03EFD00281BD007460596069E31462A460DF045FB76190696641BA0B24142DB
:20EAC00041410598461CC3B2581E834108010090039839462A46FEF7D5F9D7E7029803E0E5
:20EAE000812005F0C5F9072007B0F0BD70B515460446866B026C002A18D0002D1DD0E0689A
:20EB00000EF05AFE206CE168091AE1602268914203D24042A1680818E060A81E414241417E
:20EB2000701E324682410A40B61A02E02068002811D00020711CA16370BD60680EF03CFEA1
:20EB4000206C616809186160A26800209142F1D321686160EEE7A06802F084FA0021A16004
:20EB6000E8E77047FEB50BF00DFC04461348007800281FD1124FB8683D68A900114A885021
:20EB80006E4630460DF0CAFF78680190012737720D480E4A29463346FFF7AEFB0C4800219A
:20EBA0008164032101600B48016804220A4302600248077020460CF029FDFEBD2776002099
:20EBC000D80F0300C453024094660020556D02000060004000580040F8B51E461746054623
:20EBE0000EF0F2FA022801D1122402E00224032F01D92046F8BD012F02D1002E06D1F8E7E3
:20EC0000032F01D1002EF4D0032F14D10021052230460CF093FB002802D070798006E8D07E
:20EC2000FF21062230460CF089FB0028E1D1707980090328DDD3681EC1B20B29D9D840B29F
:20EC400001490C5CD5E7C046B20F0300F8B5174E00243470164F387801210D03294608F0F4
:20EC6000FDFE3878294607F01BFD124800680AF01DFF0EF081FC05460EF082FC014628469C
:20EC800006F014FE05F08CF90B4D2868FF210170C01D062221460DF07AFE28680D30102299
:20ECA00021460DF074FE05487060F8BD286900206369002090690020E0690020A0BB0D0025
:20ECC000FEB51B480568A804000C0EF0A1FD00281CD004460295A800019000273E4600255F
:20ECE00020462946019A0DF052FE20460299FDF7C1FC00280CD12046EEF7BAFA064600282D
:20ED00000AD0781C092F0746E9D305E007250CE000200CF0B7FD0325002E03D000200CF032
:20ED2000B1FD032520460EF07BFD2846FEBDC046E0100300F0B585B01D4616460F46019080
:20ED400017200AF08BFE002807D004460A9A002A05D0201D2946904702E013251EE0002052
:20ED600027706670A070010AE17002A9019A0A8005224A800394001D08810A4800780028CA
:20ED800003D002A8FDF746F802E002A80AF0B6FB0546002802D0204600F040F8284605B097
:20EDA000F0BDC046D1720020F8B50D46C0B20EF01FFC0446E8B20EF01BFC064661794079DA
:20EDC000002915D0002815D020684068C56930684068C769284639460AF0A6FB00280DD0BD
:20EDE0007720800030580C490840C11928460CE0002801D00020F8BDFF20F8BD77208000EA
:20EE0000205805490840411938460AF08DFB014640424841F8BDC046FFFFFF7F70B50028B4
:20EE200013D005461748006880470446164E306800280BD0284602F0A9FC012806D113486D
:20EE40000168204688473068804770BD301D00220068002811D0114603460833AB42024698
:20EE6000F6D882889A18AA420246F1D30268002900D1311D0A600EF0D3FC0448016820460C
:20EE8000884770BDA475002070750020A8750020F8B50446054644350DF0CAF900956E7805
:20EEA00025462435164F70B201280BDB2868002808D02846FAF7C2FB002801D00120B86218
:20EEC000761EF0E7FF25009E75700DF0A1FC0DF0AFF93678103470B201280BDB206800280E
:20EEE00008D02046FAF7AAFB002801D00120B862761EF0E7009805700DF08AFCF8BDC04654
:20EF0000086E0020B0B586B01A4D2868816E22228A5C002A05D1C26E5278012A01D1022097
:20EF200026E04A78002A11D0806F8A1C02AC009400230146F8F7D4FF2868806E1230102209
:20EF400021460CF065F8012811D12868C16E4978002906D1806E2330002110220DF017FDC1
:20EF60002868283010210DF019FF002000E0042006B0B0BDD8740020F8B5002818D00446A9
:20EF8000C26C8A4200D80A46E06A904210D0216D01290DD1E262A169002902D40A21891AA2
:20EFA000A1616169142670430E4F3818814200D0F8BD251D28460BF0CAFDE06A0A498A69A1
:20EFC000904200D988614643B8194168A1608A68E2608A6855608D606061B859401CB8519A
:20EFE000F8BDC046205D0020086E0020F8B5164604460F7A780707D478060BD4F80612D4AC
:20F00000790002208843F8BD30460DF01EFC0146012204E030460DF018FC014600222046A4
:20F0200000F07AFFF8BD0D4630460DF00EFC01460420074020463A4600F06EFF002801D0F4
:20F040000820F8BD30460DF075FC002805D003460A22204629469847F8BD0E20F8BD7FB5FD
:20F0600000242046F2F7AAFC012006F0B9FB02200BF0BEFF0320FAF7BDFD042528460CF071
:20F08000D3FE0526304607F00BFA06200AF05AFC0720214622463346FCF7B6FA00940820BE
:20F0A00031462A462346FAF73DFC09200EF080F8102003AA02AB214601F070F8E0B209282A
:20F0C00005D803A909780DF02FF8641CF6E77FBDFEB502930E4601900A9C089D206B9700CF
:20F0E000A52239460DF022FF206B3818001F072188432064002E0DD03421402907D0721811
:20F10000343A137863541278491C002AF5D13F2100226254099E092D00D30925E5640021E0
:20F120000A22521B24616161A2616462A162E5620199029A0AF0EAFE2060002E00D03460B2
:20F14000FEBD7047FCB5009200282CD003460078002828D01C795D792D022C199D79DB79AC
:20F160001B025B191B041A190192951C002484421DD0E600019A9719965D7F783F02BE195E
:20F18000F7070DD00027062F05D0EB5DCA5D7F1C9342F8D004E0B207D20F009B9A4205D0F2
:20F1A000641C0835E3E702480078FCBDE0B2FCBD0B6A0020FEB5102813D0022816D008285F
:20F1C0001DD0012826D115480288154B9A4221D10B1D49890180801C062219460EF0ECFA8B
:20F1E00018E04889002810D000220FE089880B4802888A420ED10021C94301800AE08988EB
:20F2000005486A460CF060FF04E001220846114607F0C0FB06B080BDED470200C8680020BF
:20F22000FFFF000010B504461648006800280BD0C08806F0B1FC002806D03421415C2046B7
:20F2400008F018F904461AE00F480078002C09D1022807D30D4910310D4C0020224609F017
:20F260003DFF0CE002210843084C1034022803D120460BF017F902E020460BF0EFF8204661
:20F2800010BDC046D8740020136A00200467002030690020F0B585B0039302920B46049065
:20F2A0000A9800901648041D01912468002C25D000263746A0888742F7D2A1688D19688961
:20F2C000049A90420DD398420BD8039800280BD06868895D029A039B04F026FC019B0028B9
:20F2E00002D17F1C1036E5E70098002803D00146A06840890880284605B0F0BD0025FAE785
:20F3000058750020B0B5144C2178062048430EF07FFA1249086000281BD00021104A144BCA
:20F320002578A9420AD20029154600D0551C0580438000250571491C801DF1E709480DF099
:20F3400055FF09480DF04AFE08480BF013FA0020B0BD1320B0BDC046156A00207C69002094
:20F36000FEFF0000C12E010069B802008DC70100FFFF0000F8B51E4617460C4605460B20F4
:20F380000DF0ABFF002828D008200AF06FFD002823D00146681E2A46824130463843434287
:20F3A000434101201340024600D13A46002B00D130460A4B0B800C238B70CD708C800323D1
:20F3C000042A1C4600D014468C71042800D00346CB71034800780BF06FFAF8BD913E00004A
:20F3E000176A0020F8B5184D6868002802D08047002825D02C46243420460DF02DFF00262D
:20F40000124F3978F0B2884206D2FAF73FFB297801432970761CF4E72D780D4E0020707080
:20F42000491EB170F070B18BF1807E2108F014FDB078FE2108F010FD204606F00BF800E004
:20F440000B252846F8BDC046C0700020066A0020B4610020F0B589B00E9E079007A881806D
:20F460000427002E26D01C46002B23D0154607A802AA214602F0B6FB074600281AD10F4846
:20F48000243001900DF0E8FE0D49C878C9880022009202AA0323F3F7ABF80746002806D15E
:20F4A00002A829462246334605F004FD0746019805F0D0FFF8B209B0F0BDC046C07000204C
:20F4C000B461002070B5164DE86BC0071FD1154C2C66154E316842208847201D286613481F
:20F4E000A8653168062088474020E860A96D01200143A965A96D8143A96529684906FCD5A7
:20F50000A96D0B4A0A40AA65E96B0143E9630124204609F067FEE003E860286170BDC04673
:20F52000481000400D0000809400000F00000380FFFFFE7F1449C871242806D81349414365
:20F54000154881420BD816480AE00246253AD3B2032B07D250B280000E49085870470F48E6
:20F56000401870470246403AD2B2272A04D80749414307480818704740B2002801DA0868AA
:20F58000704700207047C046F060002080841E00807C8A87C00F03007FB14F0180A5688FCA
:20F5A00000214A8F70B512480078400701D4002015E01C200EF02CF90E490860002811D002
:20F5C0000D4A026008680D490D4A0E4B0E4C0F4D0F4E41608260C3600461456186610DF054
:20F5E0004DFE02E004200CF04DF9002070BDC046B0720020E8750020DD68010055FB0000D0
:20F6000081950100FD6501005D9F02007D1F020071D20200FEB514460D461849884212D022
:20F6200006F0BAFA00281ED0831D4079002600960121014002AA18463346F9F769FB002893
:20F6400013D0152617E0152600270D48007D874211D2F8B22946224602F02AFF002800D021
:20F6600000267F1CF1E7142605E002A800782946224602F01DFFF0B2FEBDC046FFFF00006A
:20F68000486F0020FEB50446002747600879012502282BD10E46C988042927D3B06802789D
:20F6A00043781B029B189AB2121D8A421ED1718802918178C278120252180D491140042978
:20F6C0000AD00193009291B202980EF053F900280CD0B068019B009A0299218023816280EF
:20F6E0000321C9430AF073FD60603D462846FEBDFCFF0000B0B504460078902821D1607860
:20F7000001468A3902290AD26088A1880EF034F9002816D061788B291CD005211BE01328B9
:20F720000CD1A2780D490878520000239A4209D0A568ED5C401908709B1CF7E72046FEF7BB
:20F74000B3FBB0BD0006FCD0054800780121F9F739FDB0BD0421FEF7F4F9B0BDD17200206B
:20F760001F6A0020FCB50191FF220632811841239B00C01800900723DB431448002B23D082
:20F780001F460837019AD618002F02D00027FF4300E04778357A3D40CF183D740246C5184A
:20F7A000687C347A04433472687A2040387208480078082802D00878000702D50220009CF8
:20F7C00020705B1C1046D9E7FCBDC046E6670020226A0020B0B5C0B20DF00AFFDD21490010
:20F7E0004318425C042A04D00021022A07D1012206E019794A1E51425141022200E00A466D
:20F800004479002C17D09B7FDB0716D177239B00C5189A30037800241046224607F048FDC0
:20F820000004400B29680122D2070A40801804494018286002E0FF2400E000242046B0BD01
:20F84000581B000070B514460546174802781748FF2A04D04068164B1B789A1880180678D2
:20F86000FF2E0FD008460CF0B5F80146A01EFF220270002D09D0002530462A462346FBF781
:20F8800057FF08E00CF066FE0AE0002530462A46234601F0CBFD002803D020460BF0D8FB84
:20F8A0000125284670BDC0466C7400204C7400201B110300B0B50446007802210140C2071E
:20F8C00004D1E7221040C900081826E0002903D1E7210840083020E00DF08EFC6168421ADA
:20F8E000520F0DD00E4BA268851A9D420DD9121A091A2078182398438A420CD308210BE047
:20F90000217808200843102103E02178102008430821884301E0102140182070B0BDC04652
:20F92000FFFFFF1FF8B517460446006811460DF08DFC05462068002828D0002D26D00DF0FF
:20F940005BFCF969124A8E1831460DF07AFD217901220A4322713979002912D0002810D09F
:20F96000022D04D0032D11D12046103001E020461C3000280AD031460DF068FD05460028EB
:20F9800004D0206802222946F4F704FAF8BDC046A0F1FFFF10B51A4C206800282DD0C16E3E
:20F9A000002902D00EF058F82068816D002902D00EF052F82068C16D002902D00EF04CF852
:20F9C0002068016E002902D00EF046F82068416E002902D00EF040F82068416F002902D05E
:20F9E0000EF03AF82068816F002902D00EF034F820680DF015FF002020600BF049FB10BDF5
:20FA0000D8740020FEB5019314460F460546FF2801D0032000E002200019C2B202A8294676
:20FA200005F0F8FB002823D00646FF2D0BD00299481C0290012008704F703A0AC81C8A7065
:20FA4000019922460FE0019B18780299087058788A1C0292487098788870CF703A0A481DC4
:20FA60000A71D91CE21E0DF0A7FE304603F02CFEFEBDFEB5960800901418241F02910846F5
:20FA80000196002E0DD06778A378E17825782D063F047D191B02EB18591802C0761E241F9E
:20FAA000EFE703200240032A06D0022A0DD0012A14D1009800780DE0009A907851781278FD
:20FAC000120409020818801804E00099487809780902081801998900029A5050FEBD704793
:20FAE000F0B585B016460C4605460092164804A92A46234609F0D4F9002801D0049820E062
:20FB000003A9284609F015FE172801D1172018E0002E12D002AF002038802088394605F0CA
:20FB20001BFE38880CF091FE0146701E42424241284600F0F1F9002803D12846214609F073
:20FB4000BDF8C0B205B0F0BDE1FA0100F8B514460D46042813D001281FD0002826D11F2D54
:20FB600022D8144F103700262022384631460CF00EFF384621462A460CF0E2FA17E0082D22
:20FB800012D1A088E188090408182188628812045118084A9160D06004E0022D04D12088AF
:20FBA00004494880002602E0182600E002263046F8BDC046E0710020F8B500291AD4034633
:20FBC0000020FF2B18D0144E144D02240C40009409D101240F4627402E469C361E43377021
:20FBE0000D4E9C4034609C0001279F404B0705D4103505E00020F8BDC043F8BD2F600835E9
:20FC00002F60072399431143054BE1500099002900D03761F8BDC046103502406430024038
:20FC20000031004070B506461648006880470446154801680D46002D07D06A6E1278B24298
:20FC400005D02A6829461546F5E7422514E02A7A012A01D10C250FE02A680A6001688D4247
:20FC600001D129680160286E002801D00DF0D8FD28460DF0D5FD0025044801682046884713
:20FC8000284670BDA47500202C740020A8750020FEB5029301920D4606460446C03415487E
:20FCA00000688047074630680088402805D0802808D10CF009FE802002E00CF005FE002046
:20FCC000207102E000200BF0DDFDD036304608F049FD20462946019A029B05F02BFE05468C
:20FCE000606B401C606304480168384688472846FEBDC046A4750020A8750020F8B5184866
:20FD0000C1781848067800273C46F0B2A2B2824223D2CDB212488078854216D000216E4621
:20FD20000423284632460CF0DFF830787C2803D0FF2801D07E2808D10C2068430849081805
:20FD4000808B381A0121C9024718641C05480678681C314606F0C4FBD7E73846F8BDC04608
:20FD6000B4610020066A0020FEB514460E46074601AD07232A460CF0B7F8A68127742978BA
:20FD8000880820728907890D6A788918E180AA789200EB789E099219A2809B061B0D2E793C
:20FDA000B708DB19E3816F79B3013E06B60E9B19637203233B40AD79A572000609030818EF
:20FDC00080182060962D01D0012000E004201843E072FEBDBCB50446C2781A2A0AD1A088AE
:20FDE000164D2988884212D109F0EEFAE2781A2A01D10DE00120302A11D1A3880F490D888F
:20FE00003022AB420BD10023DB430B8007E00120A1882B881A22994201D1002803D100280A
:20FE20000BD0A1881046054A0023DB431380E28823896489009407F041F8BCBD4A75002026
:20FE40007CB50546164E3078FF2827D00C200AF00DF8002822D00446D020207065700020F8
:20FE6000A0701048007802210143022904D1A01D0D491031062206E06D4628460AF0EEFAD6
:20FE8000A01D062229460CF05BF90748C18AA180007EE070307821460AF00EFD7CBDC046E2
:20FEA000C1730020136A0020046700207CB504460078801E04282ED80D46800001A108582E
:20FEC0008746C046D9FE0100E9FE0100F9FE010017FF0100D9FE0100002220462946FEF7BC
:20FEE00040FEA61D142212E0002220462946FFF728F9A61D06220AE0207AA61DE18800220E
:20FF00000092019213232A4605F0A8F912223188052008F0A5F87CBD70B515460C46064682
:20FF200005F03AFE002809D00146C26A0520002A10D00B79D90606D40F2070BD1048864238
:20FF400009D0142070BD0D490978002D05D002251D4002D170BD002070BD002900D0102490
:20FF6000907EA04201D20C2070BD980601D5002000E005200029EDD1084670BD2F760020A5
:20FF8000FEFF0000F8B50DF033FB184CA18C002903D0FDF797FC143426E0CF214900405A57
:20FFA0002530A08420461C300CF024FB2546143528460CF01FFB0026102E0FD0A719A08C94
:20FFC00003F0F8F8786000280DD0A18C07F078FF796828460BF0D0FF361DEDE7284607F021
:20FFE00021F82C4600E000242046F8BD3C72002070B518480078022813D1174801680A6844
:020000040002F8
:200000008B888C68CD68AE888E80AE688E602D680D600168C9680A600068C06883808460DF
:2000200070BD032815D30C4D286807F08BFC044629680E4620680069C9680968096909F0EC
:2000400073FAF168002802D028688142F1D1F460E16070BD266A0020D86900207CB50CF0CB
:20006000E7F8144C606B002820D1134803463033024628320021CD43C3620563436383636A
:2000800081620346443306463C36036445648364C364C1630948026246620091084B203329
:2000A000084A1420102107F0D2FD60630CF0B0FB7CBDC046086E00209C6D0020306D00209E
:2000C000C06C0020D8580020F8B504460025EF431649486A401C486215480068002811D051
:2000E000C96B00252E4688420DD04268B242134600D83346BA4200D33A466D1C00681E46A0
:200100001746F0E72E46F6F763FC6660A760E5600CF08EF80549086C2060886C6061C86C2C
:20012000A061486C20610CF073FBF8BD086E0020F068002070B51D4614460E460499002960
:200140000FD06368011DAA6918460DF035FB2868032820D06068AA698018311D0DF02CFBA9
:2001600019E0001D6168491CAA690AF09FF82868032806D16068A9694018401C0DF00CF876
:2001800006E0301D6168AA698918491C0AF08EF86068042101700220207070BDF0B585B0B3
:2001A0001F460492039105460220C4430CF0E8FF04F0ACFC00281ED0064602970194002706
:2001C0000F4C0CF0D1F9062F18D02188002904D0A9420DD07F1C1034F5E7258066600399B1
:2001E000A16004990F707168029A1160002400E0019C0CF045FB204605B0F0BD0DF074FCEA
:2002000054610020F8B501200DF0CAF9002801D00C20F8BD1248006880470446114F3D68C9
:20022000002D16D028683860286E002801D00DF0F7FA0CF07BFD2E1D6968884202D1406831
:200240000DF036F93046F9F733FF28460DF0E8FAE5E705480168204688470020F8BDC046FB
:20026000A47500202C740020A8750020B0B5044600780DF05AF801464220002927D04A6E51
:20028000002A24D0601DE11C53780A784D782D02AA18DB060CD40E4B1B889A4213D900221C
:2002A0004A700A70C2708270427002700720B0BD202A08D300224A700A70C27082704270DD
:2002C00002701220B0BD01212046F6F78DFAB0BD1876002010B507F0C7FF144C20460CF0B2
:2002E00095FB1348017A427A12025118827AC07A00028018000440180178012901D001209E
:2003000000E00220002900D104202070002021460CF062F807490860002802D100200BF082
:20032000B1FA05480CF0B6FF10BDC04618680020C00B0300A46900201066002010B50DF04E
:20034000CEF8144C20460CF099FB1348017A427A12025118827AC07A000280180004401846
:200360000178012901D0012000E00220002900D104202070002021460CF074F80749086091
:20038000002802D100200BF07DFA05480CF013FE10BDC04628680020C00B0300A8690020F4
:2003A00068680020F8B5144808300068002802D000210172F9E71148006880470446104E06
:2003C0003568002D0ED0E868002808D0002806D0A84204D0C7680DF023FA3846F6E7284657
:2003E0000DF01EFA00203060064908700648016820468847F8BDC04624740020A4750020D9
:20040000D8690020266A0020A8750020F0B585B0049316460C4605460A9F05200CF05DFFFE
:20042000002816D00397049F0E2009F01FFD002819D001460D480880062048808D80CC80B2
:200440000E814F8103988881094800780AF034FA09E0002000970190029028462146324698
:20046000049BFCF7CCFC05B0F0BDC046913E0000176A0020024612201B2A1ED3FB2A1CD881
:20048000CB08292B19D30D4B994216D80C4B1B88934212D30B4B1B888B420ED30A484078C3
:2004A000800601D4112070470848028008480180084801800848018000207047904200000B
:2004C000026A0020046A0020E6670020366900203E690020F869002046690020F0B504789E
:2004E000042C02D30B7D497D01E000210B46144AD569DE008619378B2F43D7611569778B51
:200500002F4317615569B78B2F4357619569F68B2E439661042C11D31468C5183626AD5D0D
:2005200025431560994209D013691F24A402A343C9004018408B204018181061F0BDC0463F
:20054000B430084070B50125284607F09FFC044600281DD1114E04F019FD002804D00AF065
:2005600027FC3068A8433060F069E9078843F06100207062EFF31481094D296080F3148889
:20058000084909688847286880F31488FEF79AFF054800218170204670BDC04684100040D1
:2005A000646900204C00000F1072002070B5164C2068002805D144200CF0CEFF206000286F
:2005C0001FD00DF085FA114D114E0028284600D13046401C2168402288520DF079FA00285D
:2005E00000D1354620684221455207F0EBFC002805D021680020202208F04CFA70BD0A20D2
:2006000070BD012070BDC04678690020FF0F0000FF070000F8B500920C4605460DF058FA19
:20062000002801D10B2000E00C202F46C740124801680846403046882E400025002E38467F
:2006400000D0E84332194023C95A8A4200D9781CC0B2FF2805D007F09BFC002801D0FF2081
:2006600008E0F8B23146009A234607F01BFE002800D0E843C0B2F8BD78690020FEB50290CE
:2006800009F080FE12490E6B4D690AF0BFFF7D20C7002846394605F023FF01900D4C2246E7
:2006A00042430D49714349198D182846394605F017FF44436119019A8018084A724300234E
:2006C00080185B41064A4A43029909C10A60FEBD086E002018FCFFFFC976BEFF37894100DA
:2006E00040420F00F0B585B0049315460E460746084605F051FA002824D0102009F0B6FB78
:2007000000281FD004460B9803900A9802900C9801900021102220460CF039F9D020207072
:2007200067700F20A070A6802572049860720298A0720398E0720198E060034800782146DC
:200740000AF0BAF805B0F0BDC1730020F0B589B01C4615460E46074608A908F0D5FF002856
:2007600021D1002D0AD0308802A90880708848800E48888028208871384601E038463146E2
:2007800009F070FD00280ED102AFB81C162231460BF0D6FC3D7008980094054B0922394610
:2007A00006F0AAFB002009B0F0BDC04602030000E37B0200F8B5154C0025204629462A4635
:2007C000F9F722FD2178382048430DF021F810490860002818D02C200F4A23789D420BD2AB
:2007E0000B681E1837462A3F3A80283E002737701F506D1C3830F0E700200649302803D0AB
:2008000000220A50001DF9E7F8BDC046216A0020BC69002038650020FFFF000010B51348D9
:2008200000780CF082FD12490A78002A03D000240C70204610BD0028F9D00CF0E5FE01281F
:2008400009D10C480E4901600C48007801242146F8F7B8FCEDE7074807490160074800781C
:200860000121F8F7AFFC0024E3E7C0460A6A002030760020EC690020F9D50200636900203D
:20088000299C0000F8B50E460746144800688047044602250E2F1AD8F80011490858002840
:2008A00015D000960F4806780F21384605F018FE01278F403046394607F088FC002806D0CA
:2008C00008480078B9B2009A05F0EEF9002506480168204688472846F8BDC046A4750020FC
:2008E0006C5E00202A750020A8750020B0B5184D2968CB6D0724002B27D049780D2924D146
:200900000124018819821233811C082218460BF017FC2868816E9822895A8A0506D562022C
:20092000C36E9B89134201D00E2107E0490508D5A102C26E92890A4203D0102141700024E8
:2009400003E00024204606F0C7FB2046B0BDC046D8740020B0B50446174D2968487817288A
:2009600009D018280DD138311022084621460BF0E7FB17201AE00879052804D18A6E233252
:2009800003E00820B0BD0A4608320846483028310023FCF751FD28683830102221460AF047
:2009A00037FB012806D108F043FE0620296848700020B0BD0B20B0BDD8740020FCB50123F7
:2009C000DD438023C4588030944205D90B68541C9540AB4304601BE0521C161B73091F276E
:2009E00001973E40DBB29B000093CB58F3406F1C3D46A540AB433519212D09D3009D691859
:200A00004968019D2A409740B943A21A9140CB18611EDA0703D15B080160491EF9E7D8B211
:200A2000FCBD704770B516460D46044609F0AAFC13490978012902D1617E002905D00AF0D8
:200A4000E5FD0020C543284670BD012161760AF0DDFD2576022D00D000262660042D04D0D9
:200A6000084803210160042141600025A576E5762577112001F0C4FC102001F0C1FCE2E71B
:200A800067700020105C024070B50546154E09F079FC0446144842783168002A06D0AA6865
:200AA0005118E96001212975817017E082698B1AC2698069101A834206D93068A9680818A1
:200AC000E8600120287509E0AB685818E86001262E75511A8B4201D20AF0CAF820460AF06B
:200AE00095FD70BD04210240306D0020FCB50192920800240092002A0ED00619075D737809
:200B0000B578F67836062D041B02DB195B199B190B51521E241DEEE70322019B1340032B70
:200B200006D01A46022B0BD0012A10D100780BE002784378807800041B029A18101803E0FD
:200B40000278407800028018009A92008850FCBD70B50C460125C80303D4E00711D10024E0
:200B600020E02E0410480078FDF71EFE002818D00546FDF75BF9002807D028460AF068FAF7
:200B80000FE00CF0D7FE6C400CE02878A22801D0074800E005480078FF28EED0294609F081
:200BA0008BFE7440204670BD146A0020C273002022760020F8B5144606460D461348007841
:200BC00000281BD012480078002817D10C31084609F04CF9002817D007460E483880BD70C0
:200BE000BE8038460C30B86021462A460BF0A8FA06480078394609F05FFEF8BDFF2031468B
:200C00002A462346FEF7FEFEF8BDC046176A00202476002091FF0000FEB50D4604460F20E5
:200C2000C043102C00D208300719102C01D3124800E010480290B807C00E0190FF2686400E
:200C4000204607F02FFD0090204608F0DFFE03208743029AD059B043C0210D4001998D4006
:200C60000543D5510098002802D0204608F0E2FEFEBDC0461CED00E000E400E0F8B51546C0
:200C80000E46074607200CF028FB002824D0442009F0ECF800281FD00446942020703E200D
:200CA00060700820A070E770201D002F04D0002140220BF06CFE0AE0202731463A460BF08A
:200CC0003FFA2046243029463A460BF039FA03480078214609F0F0FDF8BDC046196A002096
:200CE000002828D0144A12688A4201D1002104E012498969511A41600121417010494A8BFF
:200D000082700A8802724A8842728A888272CA88C2720A8902734A8942738A898273CA89DE
:200D2000C2730A8A02744A8A42748A8A8274CA8AC274098B017570479C200940F060002020
:200D400072200940BCB514460D46014613481A462B460BF0B9F9010601D0C0B2BCBD079818
:200D6000002808D0069B297800900D4800220BF0ABF90106F1D10998002808D0089B2978DD
:200D80000090074801220BF09FF90106E5D12978044822460BF098F9DFE7C046690A0100E0
:200DA000F5660100D935020010B50446032912D0022922D113492331204606F043F800281D
:200DC0001ED002461048C06A002819D04368002B16D005210EE00B49204606F033F8002877
:200DE0000ED002460848C06A002809D04368002B06D004212046984710BD204605F0B0FB69
:200E000010BDC046A62A0000486F0020F8B5002805D0064607467737B87A0A2803D300200D
:200E20000AF030FDF8BD0D460F48006880470446B87A39460246002A05D00B78521E491C63
:200E4000AB42F8D10BE0301877214554B87A401CC1B2B8720A2902D300200AF013FD0348D0
:200E6000016820468847F8BDA4750020A8750020F8B50446164FB869002828D015460E465D
:200E800011200CF02AFA002821D006200CF0C4FC002C1CD00146002813D0122008704E7034
:200EA000606E0078887000200871CD70226F5279002A00D0207B4871BA69002A07D005202B
:200EC00004E0FA6B002A02D00E2000219047F8BD54630020F8B50024E3430093144D154FCC
:200EE00003685E69964204D2286838421CD1612417E040682E462A683A4205D0986800227E
:200F00001346FDF7C9F806E04004C00F421E98680023F6F7C9FC012807D03068384203D1AF
:200F20000B2403F0DFF90460009C2046F8BDC04604ED00E0FF01000010B5F7F7E1FC1149DB
:200F4000114A124B5020FFF729F9002801D00BF001FBFDF7B5FE002801D00BF0FBFA0C487D
:200F60000068804704460B480CF06AF90BF00CF9FDF7DEFB084801682046884706F052FD46
:200F8000002010BDDDA802002C6A0020D0690020A4750020F5B80200A8750020F8B50E46A8
:200FA00007460CF049FC0446BA6BF86B82420FD245203956C8B2521CBA63FF280ED00F4AD5
:200FC000D26801258A4204D94537401C387000E0002520460CF09DFC2846F8BD786A01255D
:200FE0000028F6D024373846F8F728FB002EF0D00028EED001253560EBE7C046086E00201B
:20100000F0B587B01F461546069105900020C4439000F6F7F5FE002821D0064604976420ED
:20102000F6F7EEFE002817D007460D9803900C9C642138460CF0B0F83E6300940398019093
:201040000297059806992A46049BFEF741F83846F4F7CCFB012402E0304604F013FF204665
:2010600007B0F0BD70B504460020002C26D0216D491E2165E26AE36C9A421FD000291DD163
:20108000251D284609F063FDE06CE0620A21091AA1610B498A69904200D9886114214143D5
:2010A000084842185368A3609E68E6609E6875609D6062614258521C4250012070BDC046F3
:2010C000086E0020205D0020F0B58BB014460390062021222507029501D5154600E022258C
:2010E0004843082B00D01546461904AF00211C2538462A460BF04BFC304629463A460AF004
:2011000077FC00280FD104A8807EC01F09280AD8109801210C400299CA0F009004AB039854
:201120002146FAF757FD0BB0F0BD704770B50446056813480668284609F01AFD70071ED557
:201140001048102606602846FBF766FF4820285C3043112801D00020E876284602F032FD60
:20116000287E022803D1084809F050FA70BD284648302E6C6A6C696903782046B04770BDDE
:201180000C010C4004650240C0620020FEB5054686890120002E28D00C46AA680021575683
:2011A000002F01D4084610E00D2E1ED302910C3EA888B3B2D118009101210191F5F7ECFD4C
:2011C0000028019800D00220029920707806C00F60703F203840A070701EA080000408462D
:2011E00001D0A868401CA0600846FEBDF0B587B002AC20460BF0D0FA0546114F3868006841
:20120000019001A920460BF0D1FA06462E43386842680025204629460CF00AFB074637439E
:20122000012120460BF09EFE06463E430548064A21462B46F7F77AF8304307B0F0BDC04610
:201240007C740020F86800207D8101007CB5134D05CD007A124E31781379124A083D08F0F4
:2012600045F868680068294608310AF09BFA2A68107A3178D268FBF7B3FC2868047A31786B
:20128000502007F0AFF902462868837EC0690090054821460AF018FF7CBDC0467C74002099
:2012A000555F0020051902002D30010070B5054609F068F8044600202875114E707801289C
:2012C00002D10120B07017E0E868F169884213D10C490D68B169691AB269801A81420BD2EF
:2012E0000020294600F03CFB0749884200D30846401909F0BDFCB56120460AF087F970BDCF
:20130000306D002004210240FFFFBFFFB0B586B004466D46294603F069FAA87B042808D069
:2013200008280CD16846417800222046F9F702FA18E00BF0E3FB002803D0112012E00120B5
:2013400010E00948C1794A1E91410279531E9A4192005118807B421E9041C00009182046A3
:2013600001F08CFB06B0B0BD486F0020F8B500281DD000291BD01446002A18D005462088C6
:20138000002814D00F4F38780026012818D17888002809D100200BF005F905E02088798852
:2013A000081878806D1E241D002DF7D108E06C4612202070044801212246FAF76FF926782B
:2013C0003046F8BD746E0020350C0000002100282AD040680278521E082A25D8920001A365
:2013E0009A5897461514020009140200291402001B1402001F1402002914020029140200B1
:201400002914020009140200C178007900024018411D09E0C078011D06E0807803E041784B
:20142000807800024018C11C88B27047FEB505460220C743052925D8052D23D81C460E4654
:2014400001920BF091F831010F4A51180091496802910BF015FA0298002813D00098071D41
:2014600020460C38057146710199817138680830214608F04DFE386840680121090309F018
:2014800007FC00273846FEBD5461002010B504460CF082F8002800D010BDE0B20CF0A8F89C
:2014A0000168098840290BD1FF21063142180146FC310B78012B05D10621D17602210EE0C4
:2014C0000C2010BD1278520703D406224A700D2105E0612189004118034A0A801121FF22D6
:2014E000FCF7B0F9002010BD03060000F8B50546134F7868002802D08047002814D03C46D1
:20150000243420460BF0A8FE0E480678002E11D10D48C0880121C902081A00B2A84205DB60
:20152000002D03D0042605E00B2606E00020E8F74BFE3E78204603F08DFF3046F8BDC04671
:20154000C070002023740020B4610020B0B586B0022827D10D460BF0D3FF0446298812481D
:201560006A460AF0B1FD00281CD168464078FE210140022916D1684608300021062209F0FE
:20158000DDFE00280ED128880AF0A8FFC0B2FF2808D00C2141436018801C6946891C062266
:2015A0000CF00AF906B0B0BDED470200FEB516490D7D0C6A01952B0607D0EBB25B1EE65CCB
:2015C0006D1E8642F7D1019801E001980346401E02901C46E5B20298A84209DD0A48066A7F
:2015E000775D6A1CB15C7155016A8F54641CF1E7DBB20298984205DD0348026A05200199BF
:201600000AF0CEFDFEBDC046486F0020B0B588B003AD14222A8100240394FF22AA720C3506
:201620000790069105F07AFF102103222B4608F082FD029402A800900A490B482246234689
:20164000F3F7FDFB002809D10298002802D00C380AF01AFC0698006808B0B0BD01280AF070
:2016600079FFC046C5D4020088130000BFB504460089042827D3616803AD28460BF064F80B
:20168000688817280ED82189001D884218D103A8017820886268121DC9070CD103A9F0F7B6
:2016A00069FD0BE008480190208803A9497801AA0AF0F6FBBFBD03A9F3F732FB002802D014
:2016C00020880BF0EBFEBFBD01001700F8B500281AD0044605467735A87A002814D0264650
:2016E0007636104800688047A97A491EA97209060FD00821C94300290AD062188123D35C9F
:201700008027D355491CF6E700200AF0BBF8F8BD0935FF21297000213170034909688847F1
:20172000F8BDC046A4750020A875002080B501460088421E072A18D81248920001A39A5871
:201740009746C04665170200771702007517020079170200751702007517020075170200CE
:201760007D170200F3F786FC80BD102802D10CF027F980BD486880BD034880BD0CF01EF93E
:2017800080BDC0461C640020DC630020F8B50446144800780026144F3546002D1FD1C1B2A8
:2017A0008E421CD279683D22D2007243891849790025012911D1F0B20BF01AFF806E011D4E
:2017C000084800780968002907D0A142FAD88A898A181132A242F5D30125761CDDE7E8B261
:2017E000F8BDC046236A002020690020B0B50446144800684178152905D013290DD114214A
:2018000041700020B0BD0BF0A9FC002807D0204607F0F8FE08F0A2FBB0BD0820B0BD0A4DAA
:2018200020222046294609F0F3FB0028EFD02046203020352022294609F0EAFB0028E6D04B
:201840000A20B0BDD87400209C71002070B50446056812480668284609F08AF930071CD5A2
:201860000F48202101602820285C04210143052901D10020E876284602F0A4F9287E0228EF
:2018800003D1084808F0C2FE70BD284628302A6A6E6A696903782046B04770BD0C010C40DD
:2018A00004650240C0620020F8B500920C46054601260220294607F04CF90128304616D1E5
:2018C0000C200BF049FE0746002830460FD03D607C600098B8600120394607F0E3FF002806
:2018E00004D038460BF02CFE304600E00020F1078D4206D0002C04D0002802D020460BF003
:201900001FFEF8BDF8B516460C4605460320294607F01FF9012811D10C200BF01DFE002839
:201920000CD007460560446086600220394607F0B9FF002813D038460BF002FE002C0ED0B1
:201940000120C1078D420AD08005854204D1A069002801D00BF0F4FD20460BF0F1FDF8BDE2
:20196000F8B50C460546144F283700200090C04306463F68002F1DD0397D0029F9D0002DC4
:201980000ED0F968A1420BD13869002802D00019F86001E000983875B969F869884730464F
:2019A000397D0029E5D0F968091B814200D301460846DDE7F8BDC046306D0020FEB508F0FC
:2019C000E1FC04460F4F3878002817D16E4630460BF0A4F80025E843019035720A480B4AD2
:2019E00019213346FCF788FC09480126314607F0C7F80848294607F0C3F83E70204609F09A
:201A000005FEFEBDC3730020CC66002001DB020070620020C0620020F8B5154D2878122469
:201A2000012823D16878002820D0002604270BF029FB864218D26868C15D4A070ED5F0B2AB
:201A40000BF073FC1E24002810D0006F012101700BF08AFD002809D16868C15DE3220A400F
:201A6000C255761C0837E2E700246C702046F8BD40750020F8B506464F1C104C7F1E1BD07D
:201A80003546103520460BF0E9F87068A060B068E06030680A490860F068486061600948AF
:201AA00020600948214608F0C3FD0849086000282E46E3D10AF04EFDF8BDC046AC670020FA
:201AC000006900205C100300758602008469002070B50C4605461A2913D80120A0401249B8
:201AE00008420ED028460BF057FD0646002818D1E8B20BF07DFD7721415C022907D13A26FD
:201B00000FE03B2CEED0292CECD0122609E00921490141180C700026C6830221FF22FBF791
:201B200091FE304670BDC0462000380470B50446002810D0012C21D11149087800281BD18D
:201B4000104800784A680121090304F0ADF8002810D0032070BD0A48007800280CD0094EBF
:201B6000307801210D03294605F078FF3078294604F096FD02480470002070BD122070BDA8
:201B8000286900206369002010B51349134A12681206930D834203D9002807D0024606E02A
:201BA0000F4A1278012A15D10A6808E001220C68A218D41A00D322468C6894420AD08342F4
:201BC00001D8002400E001240831104608F0B2FC0348047010BDC046AC110840C41008401B
:201BE0003A76002070B50B0B01D0052070BD03783F2B01D9092070BD4488A50A01D007202F
:201C000070BD0D4E8588B54201D9082070BD0B480078032801D1032070BDD181002090816E
:201C2000190626030E432E4316609580D48013729621917270BDC046FF0300002374002090
:201C400070B5114C114E0125A8050BF037F8002060653560F1680029FCD060650521316062
:201C6000F1680029FCD00A4908600A490A4A8A600860E5602060E060102009F08AFF0AF0B1
:201C8000AFFC09F00DFE70BD00300840641008400050084000200840FFFF0000F8B50E4635
:201CA0000546632008F0E2F800281FD00446C2202070E87860700021A170002811D1E01C49
:201CC0000B4B202731463A461E46984720462330291D3A46B04720464330243529463A4696
:201CE000B04704480078214608F0E6FDF8BDC04641C1020057730020FEB514460D46134982
:201D0000884210D003F048FF00280BD0861D4079002300930121014002AA3046F6F7F8FF61
:201D200000280CD0FEBD0026094F387D8642F9D2F0B229462246F5F7A7F8761CF5E702A802
:201D4000007829462246F5F79FF8FEBDFFFF0000486F002070B50646124D00241C22284681
:201D600021460AF014FE1048411C024611326960AA6006700D480078022101432846103085
:201D8000022902D108F08EFB01E008F067FB002802D02C70122403E00120287006F0C2FB6E
:201DA000204670BD04670020B0720020136A0020F0B51E23002801D00F2901D91846F0BD2A
:201DC000931E5C425C4126010023022A01D0012400E0DC43455C46541E46102EEED0875D2D
:201DE000102F07D0B14205D0012A05D1AF4203D23F198755761CF0E7022A02D1AF42F7D8E2
:201E0000F8E7002AF6D10F2FF2D9F3E780B510490878002802D00020087080BD0D4A9178D2
:201E20000020FF2912D052683D23DB004B43D11871229200895CC90708D107480749016059
:201E4000074800780749F7F7BDF9012080BDC0463076002020690020EC69002021D6020086
:201E60006369002001800000B0B50446807903F0EAFB12480078C11FC9B2012903D8A17929
:201E8000012207F0AAFC607900280BD0002060710B4D6878002803D1002009F0F3FC687899
:201EA000401E687006480178491E0170090601D1FF21817000202071B0BDC046226A00208B
:201EC00020690020F8B50BF043FB13490C68134A1368C51A7D21CF00BC4217D00026284606
:201EE000314622460093334608F0B4FB3A4633460AF0E4FB05463A46334608F0ABFB224634
:201F000033460AF0DBFB054A009908181060284601F026F9F8BDC046D4690020C46900201D
:201F2000144D154EA868002812D00AF081F9F06BC468201D08F00BFEE868401EE860A86884
:201F4000401EA8600AF064FC204609F006FAE9E706F070F90228E5D3686A401C686206F063
:201F600069F9022802D3A86509F0FAFFF4F730FDD8E7C046086E0020306D00201FB5154C9C
:201F80002168084648302831F8F726FC2168082801D11E201CE00879052802D1886E821CAE
:201FA00001E00A4608320846283048310123FBF743FA21684878172809D138316C46102295
:201FC00020460AF0BDF82046FEF7C4FC1FBD172048701FBDD8740020F0B591B014460D462B
:201FE0000BA902F003FC002821D10BA9881C4978002600960127394003AA3346F6F788FE13
:20200000002814D103A8029001780620484321301C2104AA09F0ECFC0298007808F00FFD19
:20202000012800D12F7004A8807E2070304611B0F0BDF0B58DB00293019206460F1D8800DF
:2020400004A908700020390414D00390BCB2202C00D32024B1B205AD02982A46234609F035
:2020600043FF0398C0B22946224608F0F1FE3F1B3619E8E7C0B204A9012208F0E9FE019920
:20208000401A411E884140000DB0F0BDFCB50746002008701F2A00D9FCBD01930025009555
:2020A000ACB294421DD20198065D002E19D03B46641C3719974214D8075DFF2F05D03846EF
:2020C00017381524E443A0420BD3AC1C701E0870C0B225189F421F46E2D1A0B2019908180F
:2020E000FCBD0098FCBDF8B50E2141580024002924D0058B002D21D001460E31097D1F291E
:202100001CD801461E31C28A0092878B468B084603F064FD012811D1009A3801B100091D1D
:20212000694381420AD2AA4208D81920C001874204D8092F01D8002400E001242046F8BD94
:20214000F8B51D4614460E46017E042901D00F2D05D82A0930462146F9F706FDF8BD0B4F19
:20216000F969012212069143F96109490AF07EFC3046294605F0F2F82046294605F00AF93D
:202180000448082101603960F8BDC04610000C402102020004010C401FB50F4C20600F483D
:2021A00001600F480CC00024009403940820019002900C48012149026B462246EEF7A0F9A9
:2021C000094948600AF0EEFFFFF710F80748214603F0D0FD1FBDC046AC6900209869002072
:2021E0007C740020BA0D0300F868002094650020FEB514460D4606460AF0C2FF05F090FD83
:20220000002819D0074602950AF0AEF9BD68002D15D001942C460C3C2168B9600027276052
:20222000FF21A1720AF02CFB207930706079029908700198056005E00420C74302E00AF038
:202240001FFB02273846FEBDFEB50025EC430190029500290ED01646002A0BD00F463046A0
:202260000BF07AF90290002815D00546394632460BF0A2FA09488069002805D001A9002275
:2022800001F04AFA0446029D002C04D0002D02D0284609F0F9FD2046FEBDC0463C670020DA
:2022A000F8B51D461446069A23230B406E4633700D4901270E4B0B840C4B48C10D604D604C
:2022C00008390B46103385C3CC610A48006809F0BCF80646000404D00021284622460AF038
:2022E00056FB30B2F8BDC04610660020F86700200D040000A4690020F0B5A3B0014601ACB1
:20230000661C4022304609F01BFF042020700F4F202530462946B847204621302946B847F0
:2023200012AF20463946F8F755FF06467C1C20462946064A9047002E00D01F2630462146B4
:2023400000F01AFC002023B0F0BDC04631AD0200FEB514460D46064603200AF0BEFF002843
:2023600021D002A804210C2209F0A8FA00281AD002990E704D702A0A8A70627801922278B7
:202380000092E578A67867792379E279A4794C728A72CB710F724E718D71009ACA70019A99
:2023A0000A7101F091F9FEBD70B5054607F0EAFF0446284606F096FA401EC6B22846314623
:2023C00006F0FAFE002E04D0204609F01FF9002070BDFF200102294001200202914206D0F0
:2023E0000029F1D1E9B2884004490860ECE7E9B2884080B2002109F04FF9E5E720000240E2
:2024000070B5054607F0BEFF0446284606F06AFA0646401CC1B2284606F0CEFE300604D031
:20242000204609F0F3F8002070BDFF200102294001200202914206D00029F1D1E9B288405E
:2024400004490860ECE7E9B2884080B2002109F031F9E5E714000240010C4A424A411101C3
:2024600010224A40D040FF221202024053425341DA0008235340D8405118F02202405342EE
:2024800053419A0004235340D84089180C220240534253415A00022389185A40D0401A1A04
:2024A00040080123DB430343581C104008187047FEB516460F46062444432034082101AA74
:2024C000204609F095FA002500281BD1009601A8FF260622314608F031FF002812D101A8F6
:2024E000C179F8B2009A002A01D0084301E0704008400125884205D001AAD07108212046FF
:2025000009F04EFE2846FEBD10B5E52252008318825A114C2488A24204D9104881785A88BB
:202520008A2005E08A4207D20C4881785A888B2004F020FB002010BD1D2109014418104697
:2025400007F0C8FA2060002801D0012010BD812001F08EFCEEE7C046FA6900202069002038
:20256000B0B50C4600280BD0FF281AD1E5690BF03FF90E494118284606F0D6FF002810D11C
:202580000BF036F90A494018E0610A4800680068416E4978C90604D4C17F890601D50BF04C
:2025A0002DFA0120112109F0EBF9B0BDA86100004C1D0000D8690020F0B585B005460191CD
:2025C0000E46760822D0344601988442F9D2285D0BF00EF800684068C0690490285D029029
:2025E0000394E7B2BE420CD8BC1B285D0BF000F800684068C0690499884202D9285DE8553B
:20260000EFE70298E855039C641CDDE705B0F0BDB0B51C46042806D0022808D190081A2129
:20262000CD43103514E0022906D0022105E0D0081A21CD4311350BE008211A20C54328461B
:2026400048431018064A8018C90000F041F91935002C01D003496D18281880B2B0BDC046EB
:2026600088FEFFFFFCFF000010B5F4F7A4FA114C20460AF03BFA1048017B427B120251188D
:20268000827BC07B00028018000440180078042801D0022800D120700649002009F03CFF69
:2026A00006490860002800D010BD002009F0EAF810BDC04608680020C00B0300A069002049
:2026C000F8B50546104800688047044602260E2D14D8E8000D490A58002A0FD00F180C48BE
:2026E00006780F21284603F0FBFE01228A403046114605F0B3F900263E607E60054801681F
:20270000204688473046F8BDA47500206C5E00202A750020A8750020B0B505460AF026FB6F
:20272000044645620AF022FB0121C161A06A002806D0016802698A62416880688847F5E749
:20274000204601F04BFF207C002806D0204603F099FB0020F9F70EFDB0BDA0680024214636
:2027600022462346F5F7A0F82046F9F74BFDB0BDB0B51824042820D804291ED8104D2A6822
:20278000D3781B070AD5042801D0012806D1042901D0012902D1062010710DE005234B43AB
:2027A0000849C918085C10710AF0DEFC002803D028680079012800D000242046B0BDC04634
:2027C000D87400204F0C030070B590B0124E3068406F20300021202208F0B0FD002801D0D2
:2027E000012017E03068416F20316C46202520462A4609F0A5FC204620303168496F403149
:202800002A4609F09DFC3068C088044B4121224600F0C9FD10B070BDD87400206F830200BA
:20282000BFB50F4802900F480190002400940E480E494C22234601F04FF90D4DE861002813
:202840000BD002F073FE012807D172B6E0432862012028616C6105F071F906480068BFBD5C
:2028600028600020185A0020211F0200C9100300086E002004110300FEB5002825D0144628
:202880000D460646002739462A463B4607F0E2FE481E81411AD1304668435021C9438842B0
:2028A00014D802945030F5F7ABFA00280ED0044602465032462000212154009430462946F6
:2028C000029B08F022F9274600E000273846FEBD1CB5002922D04C08002900D54942421080
:2028E0005440002800D5404200230A00904201D95200FBE790425B41904200D3801A914238
:2029000001D25208F6E71900002C00D54042640000D549420200080011001CBD0100002038
:202920000BF0EBF81CBDF0B585B00E4605460A79062100242346F7F70DFA0490002819D096
:20294000318801AF3980718879800221B9802821B97132793A81711D09F0F2FB28463946CD
:2029600005F090F9002806D005460498FCF756FA2C4600E01324204605B0F0BDFEB50C465B
:20298000054600273E460197A088874216D220688119805D49780902081880B202A902F016
:2029A000DBFE00280CD0014602A802882846FCF71DFB002805D17F1CB61CE5E70198FEBDBB
:2029C000012021688A5D0A7021688A1952784A70FEBD10B50D2A23D0042A24D19C308268B9
:2029E000C3680B710A701C0ECC711C0C8C711B0A4B71130ECB70130C8B70120A4A70026893
:202A0000406808730A72030ECB73030C8B73000A4873100EC872100C8872100A487210BDE7
:202A2000FD300078087010BDF8B505F045F90F4F791C0F4C06200090A047122528463946BD
:202A4000A0470D2630463946A0470C2709493846A047B92001F002F9074C0098A047284691
:202A6000A0473046A0473846A047F8BD00040020D1D2020002200460F58402007CB50D46AA
:202A8000044603F089F8002818D0817C042917D104214056002815D40B480068002801D0D6
:202AA0009921455C01AE304629460BF01BF8074B02212046324600F076FC7CBD14207CBDBE
:202AC00012207CBD1C207CBD4C75002051B10200F8B50F4600900AF053FB02F017F800282E
:202AE0001AD0064600240D4D09F03EFD062C13D02988002902D0641C1035F7E70849298090
:202B00003A4600276E60AF6000990C707168116009F0B6FE3846F8BD0AF0E6FF546100203E
:202B2000F8FF0000F8B515460E4607460D48006880470446384605F015FE0B490B481022C8
:202B400041C10D604A600A4800680839FBF71FFB002802D0002008F095FE06480168204693
:202B60008847F8BDA475002068680020F8670020A8690020A875002070B50D4606460820CF
:202B80000AF0ABFB00281DD0242007F06FF9002818D00446942020703E2060700920A070D8
:202BA000E670201D002E04D00021202209F0EFFE03E02022294609F0C3FA034800782146C3
:202BC00007F07AFE70BDC046196A0020F8B5002820D00446104D2978104E0F46F8B2C9B2CB
:202BE00032785218824210D32179627912025118A279E3791B029A1812045118C000081883
:202C000007F0D6FF7F1C2978E8E70020E072A07260722172F8BDC0460B6A00200E6A00200C
:202C20007CB50C460546114E01A803210AF0ACFC0198FF210A0601469143F5D0B142F3D099
:202C40000B4908404018401C019001A9284603F047FB2070010A6170000CA0700198E070D5
:202C6000010A2171000C60717CBDC046FFFFFF00FFFF3F00F8B50A460F49104B1C68E40544
:202C8000650D0C680326B44365190D4EAD191646002E03D080CD80C0761EF9E79000201869
:202CA0005A681206920D821A00DB104607F042FC044801210170F8BDAC110840C0100840E8
:202CC000003009403A760020F8B501F0A3FB124F0125102428462146B84720212846B84732
:202CE0000225082628463146B84728462146B84728462946B84704212846B847402128468A
:202D0000B84780212846B84728463146B84728462146B847F8BDC0466581020070B50446DC
:202D2000C568002804D10E480E490F4A00BF00BF002D05D10C48421C0C480A4900BF00BF0B
:202D40002C60261DA0880004800E02D00020286004E0281D0021C94303F0A2FF707870BD71
:202D60004F0E030005040300FF020000780F0300B0B50D460446002804D110481049A922E1
:202D800000BF00BF2079012804D1E079002804D0022203E0022229460BE00322E1696B1A50
:202DA0005B0F00D12946002B03D1002801D18620B0BD1C342046F1F733F9B0BD730E0300A2
:202DC0008C02030010B5014600784A78120210188A78CB781B029A18120410180C4A904266
:202DE0000CD10C4C2068203020220AF0E5FC0AF06FFE002805D03B20400310BD0020C043B7
:202E000010BD2068818DC08D0004401810BDC0463DB8F39678690020F8B500920C46064677
:202E200002F0BAFE00281DD00546142007F01EF8002817D00746D02038800B20B870F81CDC
:202E4000A91D062209F07CF97E8100983861012020403873A007C00F787303480078394617
:202E600007F02AFDF8BDC046C1730020F8B5FF2818D016460F4604460093202006F0F6FFB0
:202E8000002811D005460699B02028706E706F800098287128460830002907D0182209F000
:202EA0004FF907E00220F8BD1320F8BD0021182209F06DFD2046294607F0FEFC0020F8BDCB
:202EC000104801218268930008D4520016D5890702688A4302600161032010E0490702688A
:202EE0008A430260016108480421016007480078042803D2C1000648C84000E00020C0B21A
:202F00007047C046440008405C2002401D760020000102047FB5011F0C224A4310498A18E6
:202F20005368002B17D00F4909780124002913D0151D568901A90E804880029310890881F2
:202F40000846F8F767FF002802D02868FBF766FF0020286000E00024204604B070BDC046F4
:202F600008650020D1720020B0B504460546383540892189884201D0401A00E001206978B0
:202F80002A7980B250434018252103F0A9FA38202154EA7820463D301346002B05D00578BD
:202FA0005B1E401C8D42F8D106E00846114603F097FA60183D21415CC8B2B0BDF8B5114E2F
:202FC000B0780AF015FB0446006845680E4FF81C15210AF0E1F8002038807F20B87070785F
:202FE00002280ED30F214A01A358084959180126F607B14333405B18A350A279824200D2EC
:20300000A962F8BD206900205867002040EDFF7F70B51249097803F063FA0020104A89B2B7
:203020000346052816D0155C0024082C09D02E46E640F60703D0DEB2B14204D05B1C641CDA
:20304000F3E7FF2401E0C5002C19E5B2401CFF2DE7D000E0FF24E0B270BDC046306A002030
:203060005E690020B0B5C9214A008118825A0B899A4200D31A460A83438E0D4858430B8AD5
:203080008C89A4013D252D0164199C4200D31C46001B084BC018488280B2904200D3104619
:2030A0008882A9210901884200D80846B0BDC04671020000D4FEFFFFF8B5044607208001ED
:2030C0002618254638353820205C68709620205C012806D12746963778882189491C8142F0
:2030E00004D2316820468847A8700AE021466231204601F0B5F9316820468847A870022122
:203100003970216849682C228854F8BD10B50246104B9C780020240718D5CF2464001219B7
:20312000147F042C12D15B789B060FD50A4848439188128892013D231B01D2188A4200D369
:203140000A4606495118884201D3002010BD012010BDC046E6670020E2040000BC0B0000CE
:20316000F8B5044610480068804705460F4F786806197E60F0087D280CD37D20C1003046FB
:2031800003F0AEF939680918064A521C4243B01A3960786006480168284688472046F2F712
:2031A0007DF8F8BDE7030000A475002078750020A875002070B506460F48864201D90024EA
:2031C00017E0344608340D48006880470546A0B20AF01EFB002807D00446868008484168C6
:2031E00021604460083400E000240648016828468847204670BDC046F7FF0000A4750020AE
:2032000070750020A875002010B5002808D0022805D110480078002801D00AF06BFC10BDB0
:203220000C4C20780028FAD00AF065FCA078022801D30120A070012000BF00BF064C206891
:203240000028ECD009F06CFA2068006909F056FD10BDC04698680020C0650020B0B5044607
:20326000124D286841780F2918D1006E1130611C062208F065FF21782868026E1174816EC8
:203280009922895C49070BD501218902C26E92890A4205D010214170002405E0072403E04C
:2032A0000024204603F018FF2046B0BDD8740020B0B504460007800F04D009F07FFF00218A
:2032C00007F022FA09F0A8FE06F094F80A20044209D0082525400AF043FB002D03D0F9F7B7
:2032E0009AFE0AF031FB0520044209D0042004400AF062F9002C03D00AF062F90AF058F970
:20330000B0BDF0B585B01E46174601910546162100241A462346F6F71DFD0490002815D0FC
:203320000A993A4602AF019B3B807A80BE80324608F006FF2846394605F0ECFC002806D0ED
:2033400005460498FBF76AFD2C4600E01324204605B0F0BD70B50446806E0C3007F0FCF858
:20336000054626469A36002D1CD0307800280FD0A889A97B411ACA1EA97CEB7C1B1DEB7443
:203380002B461433001DA881D2B22046FCF780FCA06E294605F036FBA06E0C3007F0DCF81E
:2033A0000546E0E770BDFEB51D461746044668460480062242800181084606F04FFB019054
:2033C000002811D0064638463146A8470546002806D16846F8F746FC002807D00546019EA2
:2033E0003046FBF71BFD02E0132500E00025204606F004FE2846FEBD1FB50C46014600201A
:20340000009003900290019050BA6A461080012C04D1087869468870012407E06846801C9D
:203420000E2C00D90E2422460AF0C6F900980549086001984860029888600398C8602046EC
:2034400004B010BD90000C40F8B515460E460F211C468C430C490A6801273F06BA430A60B7
:203460009C4201D00A4900E0084909F0FFFA3046214603F073FF2846214603F08BFF054846
:20348000082101602046F8BD2C000C40120301001203000004010C4070B50C460179012081
:2034A000522909D07D2909D07E2909D07F2909D0D22909D105070AE0C50608E0450706E088
:2034C000850704E0C50702E0880006490D5805263046294605F03DFB002801D02560267140
:2034E00070BDC046F4010300FEB5029315460C4607460620002105F02CFB00281BD01020B9
:203500000AF02AF8002816D0064608980190F4800622304639460AF04FF93572029870720E
:203520000198F0600420314606F0BCF9002802D030460AF005F8FEBDF0B50C4D0C4E0D4F86
:203540000D4B104C45608660C7600361054B4361054B8361C461094B036201700849416236
:203560008262F0BD800A0300A40A0300100B0300EC0A0300F0090300380A0300140A030003
:203580005C0A0300C80A030070B50E4611490978491E022901D2122070BD1446002A14D06D
:2035A00002F0FAFA002812D00546002E03D02879022101432971284618301022214608F0E6
:2035C000BFFD2069A862002070BD022070BD142070BDC046B072002070B50546114E3078E0
:2035E000012806D10C46F320C043014203D0182070BD122070BD284609F097FE002804D091
:20360000017A002903D0102070BD342070BD7168EA0089184C71F1212140406E017600207C
:2036200070BDC04640750020F0B589B0044603AD294601F0DBF800281CD1A97B082919D123
:2036400003A9881C4978002500950126314002AA2B46F5F75DFB00280CD102AF387807F049
:20366000EEF90246397803A8837B00962046FDF72BFD284609B0F0BD70B50C4605460F4EB6
:203680003078002813D00E48007800280FD1062006F0ECFB00280FD001460A4808808D7079
:2036A0000120C8708C80307807F006F970BD0F202946224608F030FA70BDC046176A0020DE
:2036C00024760020910F0000B0B500281ED004460F480068002814D00568002D11D020461F
:2036E000FDF774FE01466068A84760680178022903D1FBF793FB00206060204607F0A8FCC5
:20370000B0BD04480078214607F0D6F8B0BDC046E07500201A6A0020F8B50646002400287B
:2037200020461AD00D460F480068C00506D00022304629461346FAF7AFFC0EE017467D20A8
:20374000C100104602F0CCFE0246781C00D13A46002330462946F4F7A7F8012800D0E443B7
:203760002046F8BD04ED00E070B50D460446066806F008FE3178002903D007F047FF00202F
:2037800070BD002CFBD00121317007F03FFF002D09D02978064802780020914200D0044691
:2037A000012903D170BD0348C0687060204670BDD3100300180F0300B0B50E48017800299B
:2037C00016D1012505700C480C4A0421002306F021FA11242046FEF713FE0948FF2181626F
:2037E000856408490968416005602046FEF7DCFDB0BDC0462B76002070670020297F02000F
:2038000004600240F410030070B50025114C2E46207D864217D2062070432030A16A4A19FB
:2038200080B2082108F0E4F8002809D0A06A4019FF21062209F0ABF8A06A40190021C1715B
:20384000761C0835E4E7207C002801D003F0EEFF70BDC046486F00207CB500281FD00D46B4
:203860000646104800683246F9F75AFC0124FF2816D00023009301AA30462946F5F748FAD8
:2038800000280DD101A8007807F0D9F8C00607D501A8007807F0D3F84007C40F00E0002496
:2038A00020467CBDE06900201CB503280BD083280DD00F4A904215D00E4A904216D1887880
:2038C00007F08CFF0CE00846FCF784FA08E0C8788C88CA880B8949890091214603F0D0FA12
:2038E00001201CBD0846FAF76FFE1CBD00201CBDFFFF00001320000080B50E4800784007D5
:2039000003D4002009F066FC80BD042009F080FF09490860002805D0084A0260086809F0A8
:2039200059FC02E0042007F0ADFF05480549018080BDC046B0720020DC750020A938020094
:203940004A750020FFFF0000F8B5002B1BD01C4616460D460746012106F01EFF002814D028
:203960003046F7F711FA002811D0C780002E06D0F57A08490968711A0909C268117705728D
:2039800020600020F8BD0120F8BD1420F8BD1520F8BDC046B8690020B0B5002816D0044625
:2039A000807A09F025FE00280BD0617B8A0708D571229200835C01251D438554FD200140E3
:2039C0006173616E18200856002800D4B0BD607BC007FBD103488268002AF7D001209047B9
:2039E000B0BDC04654630020F0B585B00446114F786800281BD00068002818D00D460888AB
:203A000001AE3080301D89780AF06CF8E8783072686804907868036801212046324698470B
:203A2000002804D069460870608807F021FB05B0F0BDC046D8740020F0B58FB00293019288
:203A40000C4601460F4B03AE102530462A46984730461030082721463A460A4B9847304652
:203A6000183001993A46074CA0472746304609F08DF904462036029831462A46B8472046C2
:203A80000FB0F0BD71C10200F8B50C4605462420285C002700280FD0286A40680B49496906
:203AA000461A7D20C100304602F01AFD084941438A190849514301E0394638462061676145
:203AC000A16108350FCD0FC40020F8BD086E002018FCFFFF40420F00F0B587B004460D9D1A
:203AE0000020002D1ED00E9F002F1BD00E460C980590642138460493039209F04DFB3D6327
:203B0000612002213954029706A801900598009020463146039A049BFBF7DAFA3846F1F72A
:203B200065FE069807B0F0BD7FB514460A4605460020102901D0022A1BD1102B01D0022B7C
:203B400017D19A4202D12846214610E06E46102A06D12046314605F06FF81022284605E086
:203B60002846314605F068F810222046314607F04FFA04B070BD70B50E46002816D0002E26
:203B800019D00546304603F015FF002817D00446281F0268083AB24200D332462046294614
:203BA00009F00AFE284609F069F809E0304603F001FF044604E000F095FB16210160002480
:203BC000204670BD70B504460E4D0F4E007E042808D000202860F060192005F017FF0B481A
:203BE00030210160012030600F202861A07E002803D00020A07608F071FF204608F01EFC7B
:203C000070BDC04604010C4014000C402C60024070B50C464078FF280BD00E280BD00F2879
:203C20000BD010280BD03E280BD005280BD101250AE0102508E0022506E0042504E02025C0
:203C400002E0082500E000250B263046294604F080FF002801D02560267170BD70B5044616
:203C60000620002108F06CFC08261220002108F067FC002E0FD0761E2146F14001252940F9
:203C80000D2008F05DFC1220294608F059FC082009F0DAFDE9E70620012108F051FCAF2094
:203CA000800009F0D1FD70BDF0B585B00C460546084601F071FF002804D00D48854203D976
:203CC000022012E0122010E001AE002710223046394608F05CFE3570280A7070280CB07054
:203CE000F77030462146F3F753FE05B0F0BDC0463F420F00F8B506460F4F387812250028E7
:203D000001D02846F8BD0C460C48864208D1204607F0AEF805460028F3D13C700025F0E786
:203D2000304601F039FF0028EBD03046214608F093F80546E5E7C04648750020FDFF0000AB
:203D40001CB504460E4801A9224605F0A9F8002801D0019812E0E00701D100200EE00948AE
:203D60004178002904D0083001211022002303E01830054B04211022F9F722FFC0B21CBDB0
:203D8000413D0200687000204410030070B504460498002801D00B2070BD022B0AD1059853
:203DA000137852781202D61832468243100403D0802070BD0D2070BDC868056820462946EF
:203DC00008F03AFDB2B2904201D1002070BD2046294605F0A7F870BDFEB514460D4606461D
:203DE00000920E4802A932462B4605F059F8002813D10B4F3878FF280FD00A2006F036F897
:203E000000280AD00146B1200880002008714E80CD800C81387806F04FFDFEBDD93D0200FA
:203E2000357500207FB50D4604460F4803A922462B4605F035F8002801D0039E11E02046F8
:203E4000294604F0D5FF064600280AD102A90D8006480078009100267F2321463246FFF7B0
:203E600005F8F0B204B070BD253E020023760020B0B504460F2009F035FA002819D00D4D33
:203E80002878002812D00C48007800280ED1032005F0ECFF00280CD00146912008701020FE
:203EA00048708C70287806F007FDB0BD204606F01CF9B0BD176A002024760020B0B5114D4B
:203EC00090202872882068720120A8720220E8720020287380216973A8732022EA732874D1
:203EE0006874A974284613300524214609F054F9FF20287068707F20A870E81C214609F098
:203F00004BF9B0BDA9730020F8B514460D46064680000C3005F0AAFF002816D001467000EF
:203F20000A4A0A808E700A460C3213184A608B600026B04205D0AF5B9753A75B9F53B61CB0
:203F4000F7E70348007806F0B7FCF8BD90130000186A0020014610391F2904D80120884080
:203F60000E49086015E00F2808D00E280BD002280FD1094801680122D20708E0064801680E
:203F80000122920603E004480168012212070A430260BFF36F8F704704ED00E000E200E0E9
:203FA000F8B50125104F0F480178E8B2884217D839681E2646438819FF228A55C01D00249C
:203FC0000622214608F0E3FC386880190D301022214608F0DCFC3868801944776D1CE2E756
:203FE0000020F8BD2E6A0020E0690020B0B5002906D00C46054609F0CFFA002802D0B0BDA1
:204000001220B0BDE8B209F0F3FA01680988402907D1EF21DF2906D022784254491E641C41
:20402000F8E70C20B0BDF121012242540521FF22F9F708FC0020B0BD0F4802680F490B88C9
:204040004988194392070BD4002910D00222826002689207FCD5012081430948016006E05B
:2040600001220B469343064A1360002900D07047022141617047C0460C0002406C690020BE
:204080000400084070B50F48457DC48A002D14D06005860E09F0A0FB19384543E817000EC4
:2040A000281800128019012800DC01203F2800D33F20400104490C400443A0B2034908602F
:2040C00070BDC046587300201FF80000AC300840F8B50A460E490F4B1C68E405650D0C6886
:2040E0000326B44365190C4EAD191646002E03D080C880C5761EF9E7900020185A68120602
:20410000920D821A00DB104606F014FAF8BDC046B8110840B810084000380940F8B50646D9
:2041200000240028204618D00D460E480068C00505D0002230462946FAF7EAFB0DE0174613
:204140007D20C100104602F0CBF90246781C00D13A4630462946F3F771FD012800D0E4436B
:204160002046F8BD04ED00E0002810D0104A5161002141707F2383700378DB0709D1118010
:204180005180D180118151818160C1600BE0002070470189118041895180817BD1808189C8
:2041A0001181C17B5181007802210140480870477C2009407CB50D4604465C2108F0ECFF69
:2041C0006E46304609F0F0FA01203070201D0021324600F061F8094E3078002808D102F000
:2041E00023FD08F0B3FC09F086FC08F06FFD3078401C3070A56520467CBDC04698680020A6
:20420000042906D002290CD001290DD10D49498D10E0022A0AD0012A08D10A49CA8D498EE5
:2042200007E00849898D05E0002070470549CA8D098E1143044A126838234343D018418092
:20424000012070475C710020D07500200288114BD2180A2A1CD8920001A39A589746C04631
:204260008D4202008D4202008D4202008D42020091420200914202009142020091420200A6
:204280008D4202008D4202008D4202002D3001707047C046FFEFFFFFBCB50D460346002AFD
:2042A00015D01078002812D003200090012000210A4603F0CCFC0446002D0ED0002C0CD02A
:2042C000002120460A460B46F3F7EEFA05E0044829461A4605F06CFA04462046BCBDC0465A
:2042E000FFFF0000B0B50F4801690F4D002915D0406A0E4C2068002800D12068816D00290C
:204300000DD10420F3F77CFD0028294607D02168002900D121688865014600E029460846ED
:20432000B0BDC046086E00207069002000760020B0B50146002000291DD00C78002C06D07D
:204340000D490A78012A16D1002008700FE04A788B781B029A18084BDA82C97819761D7844
:20436000012D08D10220187090B208F011F92046FBF766FD0120B0BD04670020F8B5009037
:2043800000273C460E488078844214D200984068C15B00290FD0C519A868002801D0FAF73E
:2043A0003DFD00260C222846314608F0F0FA2E80641C0C37E6E7034800990880F8BDC04643
:2043C00068700020FFFF000070B5414000220E4B0E4C0F4D022A13D80E091E401940090121
:2043E00071188E0826402140890071184E082E4029404900711811264E433118521CE9E777
:20440000414088B270BDC0460F0F0000333300005555000080B500211048082904D0421873
:2044200000235370491CF8E7D0214172302181727821C17208210173102242730022827303
:20444000C2730274FF224270827879231343837002790A43027102F048FF80BDE6670020E1
:20446000FCB50A791F2313400B7102463B3200923B240023019003551C461D46052D14D06A
:204480000026082E0ED04F5DF740FF0708D09F19E2B2019882183D201754641C009804704E
:2044A000761CEEE76D1C0833E8E7FCBD10B5002101720E4801680E480278084603681C7A12
:2044C000002C03D15B6E1B78934203D0C0688842F4D110BD074C21780229FAD303F032FA51
:2044E00009F09EF92078401E207010BDD8690020086A0020266A0020F8B50F4D0F48C668A8
:2045000000270F4CF8B22178491D81420BD91C2141437018002282707552001D7F1C1821B4
:2045200008F03AFEEEE705498D800020C880488008708860F8BDC046FFFF00003868002012
:20454000236A0020FEB50191029002F02FFD0446012002F02BFD06460025002C2F4600D052
:204560006768002E00D07568002F0ED0029802F0E1FC002809D0002D07D0F869E969019AC8
:20458000891A04F0D1FF002800D034462046FEBDB0B50C46C0B209F02BF8FF2100281BD0A9
:2045A0004279002A18D0002C09D0012C14D10F21490142580123DB07134343500BE00F21F9
:2045C0004901421843581479F82525400124E407A3434350157100210846B0BDB0B50446F3
:2045E0001048416A491C4162E06A002817D00168E16205696968002901D02A680A602A68E4
:20460000002A00D0516081680968002903D0C068002800D08847284601F034FCE4E7F2F767
:20462000D7F9B0BD086E0020F8B50D460646F4F7A1FA04460E4F3868C08801F0ADFA002886
:2046400012D039680F78408807F056FD0146002F00D035460622284607F072FD05F02AFB67
:20466000411E8841A87100E014242046F8BDC046D8740020F8B5104E00203070402009F030
:20468000C7F8002817D004460C4F3868816F202520462A4607F054FD204620303968896F65
:2046A00020312A4607F04CFD204604F067FC3070204609F0B5F8F8BD326A0020D8740020B3
:2046C000F8B50D46064607F0B3FD0F484269296800244B1C14D037687368006BB84201D035
:2046E0009A420AD2D21A914207D9881A28600649086B30604869706002E0002028600124B7
:2047000008F086F82046F8BD086E0020BFB50446104D686B00280DD000AF16C705290BDCDE
:204720002969002902D0696A00290CD06946002213460BE000200BE0694600241A46234658
:20474000F9F7AAFC04E0089A69460023F3F7ACF804B0B0BD086E0020F8B500281FD00368F7
:20476000012292020093934201D90220F8BD041D00202346220704D004CB04C1401C241D91
:20478000F8E7009AD21E904206D2F0CBF0C1001DF9E704CB04C1401C009A9042F9D3002055
:2047A000F8BD70B500280FD00A4600242146234605F050FF0546481E814101290AD1FFF722
:2047C00091FD8B2101600FE0FFF78CFD16210160002409E0284603F0EDF8002804D006469D
:2047E000294608F0D9FC3446204670BD70B50C4601F0D2F905460120002C1BD0002D19D0A4
:20480000A8882080A01CA91D0626324607F098FC2046083029460C31324607F091FCA87CAD
:20482000A073A88A2082E88A6082288EA082688EE082002070BDF8B5044606463836406A65
:20484000020C4240618990B2FFF7BEFD0546252101F046FE38202154F07822463D320346D0
:20486000002B05D017785B1E521C8F42F8D105E04543280C20183D21415C3170C8B2F8BD84
:20488000F0B513681C0C80254559AEB29BB2F618330C2D0C2C19E3181C04B5B264190C60AA
:2048A00001241B0CE5B2C66FAE420CD9AD005659370CB6B2F618330CDB191F04B6B2BE1961
:2048C0004E51641CEDE71846F0BD70477FB514460A4601460D4D0E20801A00230093039390
:2048E000029301936E463070701C08F065FFF473009868670198A8670298E867039804490C
:2049000008602868C007FCD17FBDC0461C000C409C000C40B0B50D460446C1690D480029CF
:2049200000D0801C0C49086020692021615C0022FFF7CCFF284607F0CFF9284607F0C0F999
:20494000E269002A04D0A068E1680123F8F77CF8B0BDC04628002A012C000C40F8B51446F1
:204960000D4606460E4808F077FC0020214606F05FF9074600280ED0062C05D0082C03D0A1
:2049800038688068304204D0386842683046294690473846EAE7024800F05CFDF8BDC046A6
:2049A00094650020F8B5012400281DD00D460746082008F0D1FD00280FD00646076045600A
:2049C0000820314604F06EFF00280CD0002D02D0284608F0B5FD354601E0002D04D02846F1
:2049E00008F0AEFD00E000242046F8BD10B504460078D02802D1A078002812D0D2B20846AF
:204A00002146FFF7ABFF2078012809D16068002806D00178FE220A40022A01D1FAF7FEF965
:204A200010BD034801680029FAD02046884710BD98690020FEB50D460024019400946946DD
:204A40002846F8F799F90127012814D10C2008F083FD002810D006460560019800997160D1
:204A6000B06000242046314604F01CFF002803D0304608F065FD3C462046FEBDB0B50446F9
:204A8000002818D01D46002B00D10C4D68682061A260A161A868E06100202075F9F752F8B9
:204AA00007482830214605F069FD2878002802D02046FBF7E9FF2046B0BDC046E40F0300E4
:204AC000306D0020BCB50C460546502003F08AFD03460C4801A92A4604F0E2F9002801D0A2
:204AE00001980CE008488168284607F0A5FE800701D4012003E028462146F9F79FF8C0B2C2
:204B0000BCBDC046C54A02001071002070B50646002407F029FD05460D482146242912D07C
:204B20004258002A03D0B2420CD00C31F6E7441846500020A06008F0E7FC6060002802D14C
:204B400008F0D2FF4418284607F09AFE204670BDEC6500207CB504460420C64308F010FB84
:204B600003F0DEF8002817D00546002C0BD0601C01D1341D07E001A9204602F0EBFC064650
:204B8000002809D1019C6868012109040022234601F01EFF4642464130467CBD10B50C4807
:204BA00010210170FF200024214603F093FDFBF7F9FB08F0EDFC0748047007480078202194
:204BC00002F04CFF0548047005480470204610BD546300200A6A002063690020106A0020F2
:204BE0000F6A0020F8B51C4615460E460746022008F073FB002813D00C2005F037F9002805
:204C00000ED001460698074A0A8003228A70CF708E80CD800C8148810348007805F04CFEE5
:204C2000F8BDC046913E0000176A0020F8B507460D480078C00716D01C4615460E460C2098
:204C400005F014F900280ED001460698074A0A8083228A70CF708E80CD800C8148810448B1
:204C6000007805F029FEF8BD1C6A0020913E0000176A0020F8B51C4615460E4607460620A4
:204C800008F02BFB002813D00E2005F0EFF800280ED001460698074A0A8007228A708F80E9
:204CA000CE800D814C8188810348007805F004FEF8BDC046913E0000176A0020F8B5154655
:204CC0000E460746102005F0D1F8002814D004460A4820800520A070A780A01D0822314643
:204CE00007F02EFA2878697809020818E08104480078214605F0E0FDF8BDC046923E000000
:204D0000196A002070B50D46064608F045FC0446002819D1F0B208F06BFC0646FF200630F5
:204D2000315C490708D430180F2101770721FC223046F8F787FD07E03046FCF7C7FC0F2158
:204D400030462A4602F050F9204670BD70B53024002816D00C49884213D87D21C900414323
:204D60000A4841600078002401280AD1084E307801210D03294602F071FE30782946F4F79E
:204D800021FA204670BDC046B8A10000286900206369002070B506460F480078112814D10B
:204DA00014460D46D00701D0F6F7C6F9E00601D5F6F78AF8600703D5E80501D508F0F4FBDE
:204DC000A00701D508F024FC70BD304608F070FB304604F0A7FE70BD226A0020B0B50546A0
:204DE0000E480078072812D11446D00606D50C48807808F0FDFB0021F8F716FA600701D52F
:204E000008F02EFCA00701D508F006FCB0BD284608F04EFB284604F085FEB0BD226A0020DF
:204E20002069002080B5002817D00C494A880C4B1A404A800A881A400A800A49CA687F2346
:204E40001B029A43CA600A6878239A430A600A69054B13400B61E8F785F880BD28680940E6
:204E6000FF80FFFFE83008400FC0FFFFB0B50A4A0A4B00210A4C0B4D0CC0016041608160FC
:204E8000C46001614561084A084B094C8161C161016224301EC0B0BDD9A60000ED14020064
:204EA00055F40100D9E4010033BB0200E5F30100FDFC0100F8B51C4600920F4606468089DC
:204EC000F189451A727A337CA8B2FDF7B2F8002800D0F8BDE81981B2009BC818B2899042FD
:204EE00004D9F089984207D30620F8BD307C224606F0FAFF0020F8BD0520F8BDB0B50C4664
:204F000005460C480078002801D104F03FF90A480078A8420BD9002C00D1084C0C20684394
:204F2000074908588269284621469047B0BD0020B0BDC046287600209F0B0300D4100300D8
:204F40005C0D0300F8B50F4C0F277D060520460605F018FA216D2940B14210D1E26F390354
:204F60008A430121CB03D218E267074A2260226D2A40B242FBD02268C9078A43226006F017
:204F800045FBF8BDA010004012000180B0B5104801687F230B40C90BFE240C40E11A002227
:204FA0009C4200D21146406B0004030F01201029044600D81446032B054600D815462C403B
:204FC0006242082B00D310460A2900D31046B0BDE810004010B50C4601466079421E8B208E
:204FE0000F2A14D30B4A1268A24210D00A4A9268A2420CD0E1600848224606F017FA0028C8
:2050000004D0241D08F045FA607800E08020C0B210BDC046C06500209868002080B50146C6
:20502000F939052912D88820890001A251588F464F5002004950020051500200555002004E
:205040005D50020061500200872080BD802080BD892080BD0320F9F77BFA80BD822080BDA3
:205060008A2080BD70B588B000260196009668460690079602AC204606F05CFB06A8214642
:20508000FEF772FB00280AD005460749A02207F0F7FA0446284608F055F8002C00D0F44337
:2050A000204608B070BDC0468467002070B50D4604465820205C012802D1204605F04EF841
:2050C0007D20C6002846314601F00AFA2246383200214643AB1B064D5D432346383323C3A4
:2050E0002346483323C320680B46EDF7BBFC70BD40420F000D4941430122D243904201DCF3
:205100000C4800E00A484018C117890A41188A15FF21CB439A4200DC1A46074B984202DCFE
:20512000D005C00B704708027047C0463C553D00F2FF8600F2FF4600FFFFFF3FB0B50446EA
:205140000E4D1C352D68002D17D02889A042F9D1E87A01280BD105F0ABFE002806D008484A
:2051600000780421F4F72EF8E87A00E00120401CE872C1B22046FBF717FEB0BD486F002044
:20518000F767002010B5104C606800281BD0A4214158002903D0084608F042FB6068A82127
:2051A0004158002903D0084608F03AFB6068AC214158002903D0084608F032FB606808F082
:2051C0002FFB0020606010BD487500207CB50D46088849880124884217D8002815D06E1DC0
:2051E0002B790B4802213246FEF79EFC00280BD0288869882B79002400943246FAF74AF8E3
:20520000002802D10A2400E0102420467CBDC0460E110300F8B517460E46054610460B3050
:2052200004F024FE044600280CD00B482080204608306060042020726672A77220460B3071
:20524000286006E000202860102E02D00720FEF70FFE2046F8BDC04601FF0000F8B51E46CD
:2052600014460F460090202004F000FE002818D0054607990698A2222A706C706F80287162
:205280006E7128460830002903D0182206F058FF03E00021182207F07AFB0098294605F060
:2052A0000BFBF8BD10B50520FDF734FE0124002817D10620FDF72EFE002812D10420FDF785
:2052C00029FE00280DD10720FDF724FE002808D105480078002803D008F058FB044600E02E
:2052E0000024204610BDC046D5720020F8B50C46C0B208F07DF905464079002815D028686A
:205300004068C669EB2040002F183046214604F00BF9002807D0688E0549484304193888A4
:20532000401C3880F1E70020F8BDFF20F8BDC046C4090000F8B50B460446DF2045006219FE
:20534000C9204600A0190090DD204700E119184605F06AFAE15D042901D0074800E0054828
:205360000088A053009AD080A079625DFEF748FFF8BDC04646690020F869002010B5036879
:205380005C69944201D9612412E040680C4A1268D20504D098680022F9F7BAFA05E040040F
:2053A000C00F421E9868F2F749FC012805D00B24FEF798FF04600020C443204610BDC04613
:2053C00004ED00E010B50D4C20680D490160EC2181800021CA438260C2600174094A0A4B42
:2053E00014300EC008F0E4F90834204607F0CEFE002802D0204604F0B1FE10BD786E00208B
:205400000005F000FFFF01031027000070B515460C4606460D48006880473168A14207D069
:20542000002D09D021460C3909680C3D296003E021460C39096831600C3C00212160FF21DC
:20544000A17203490968884770BDC046A4750020A875002070B505468068012806D1E8685C
:2054600003F048FB441E601E844111E00948416A491C4162E8680024214622462346F2F7C7
:2054800013FA06466C60F1F7A3FA012E00D0024C204670BD086E0020D1070000F8B51D4604
:2054A0001646009107460E4C2078082102F08EFE002803D02078082102F0D0FA082004F085
:2054C000D5FC00280AD00146D02008704F70062088708E808D71009805F0EEF9F8BDC04632
:2054E000146A0020B0B504460F4D2868002816D0406E002806D1142008F08AF929684866CA
:2055000000280ED01022214606F01AFE2868406E0024E1430161204601F0DEFD02E00724B7
:2055200000E008242046B0BDD87400201FB5FAF795FD0B4C606B00280FD00A4802900A486A
:205540000190052000900948094964220023FEF7C3FAA063411E884100E0002004B010BD5B
:20556000086E00208C6000204857002091310100A810030070B500281ED0017A427A1202C6
:205580005118827AC37A1B029A18120451180022D3B2994210D9047945792D022C19857903
:2055A000C679360275192D042C19DB00E55CF7262E40E654521CEBE770BDF8B51E2400280B
:2055C0001CD00E46002919D01546002A16D007460D3006F09DFE002400280FD1787F0028A8
:2055E0000CD1791C3A78304600F03EF9102805D002463046294600F07BF904462046F8BDE7
:20560000F8B51C4615460E4607460B2007F06AFE002817D068460C210822FFF7FBFD0028CB
:2056200010D00699009A531C009317705670330A9370D5701471230A53719171090AD171B0
:20564000FEF742F8F8BD7047B0B50C4605460C480C490161002141678167C1670A4A116004
:205660000168C907FCD1204606F01EFB204602F09DFA012D02D1204602F098FAB0BDC04662
:205680001C000C40280000019C000C40F8B50446800718D01F200D468543014000910027D8
:2056A000AF4209D2E619304607F0F0F91036304607F0ECF92037F3E70098002802D0E01975
:2056C00007F0E4F9F8BD09092046F6F739FAF8BDB0B505460D4807F0BFFD082007F03CFFE2
:2056E000002810D0002405604460094A1168002904D00A4649680029FBD1121D10600348CC
:20570000FFF7A8FE00E001242046B0BD946500209C750020F0B513460A460B4D0B4E0C4F71
:205720000C4C002145608660C7600461044C4461044C8461C1610162027041628362F0BD83
:205740006009030084090300CC090300A8090300180903003C09030070B50F4A131D1B6824
:20576000002B16D09D686C898442F8D89A8816198642F4D90A35561C2A461032761EEED0ED
:205780002D8885421546F8D11A3A002902D00C8000E00022104670BD5875002080B50146A0
:2057A0000E4A13781220012B12D15278002A0FD1084607F0BAFD00280BD0017A00290AD074
:2057C000006F0021017007F0CFFE002800D01E2080BD342080BD112080BDC04640750020B7
:2057E00010B509490870094800240470084804700848047008480470FEF760FB07480470D2
:205800000748047010BDC0461A6A00201B6A0020176A0020186A0020196A00202476002009
:205820001C6A002070B50C46C80318D5012006040C480078F8F7B8FF00280FD0054600782C
:20584000012804D0032806D128460C3000E0281D0068F9F7E3FA284605F0FAFB74402046D3
:2058600070BDC0461A6A0020F8B5102700281BD00D46002918D014460097461C0027102F3D
:2058800011D03078C0070BD0711C0622284605F0BFFB012804D130788007C00FA04203D05A
:2058A0007F1CF61DEBE7009FF8B2F8BDF8B50D4601461E200091002919D0002D17D06F209F
:2058C000C743002F0FD00098C4192046723000260622314607F05BF8712026541020287051
:2058E000FF1D6D1CEDE71020009908700020F8BDF8B514460D46074606F0CBFF06461E2028
:205900000F2C16D8002F14D0002D12D007276743F019401C00210091062207F038F8009866
:20592000F055022228462146FCF742FA002800D01E20F8BDF8B523240C406D462C700A492D
:205940000A4C01260A4F0F849F1830C10B604B608860CF600E614A6106480068083905F003
:2059600082FD00B2F8BDC04610660020F86700200D040000A4690020FEB50C460646C11CBA
:2059800002AD032728463A4606F0DAFB01A831463A4606F0D5FB02980749084002900198B2
:2059A000084001902046294600F09AFC0199411A48424841FEBDC046FFFFFF0010B50446DE
:2059C000FDF704F9002C0BD00A4800780A4909784018401C0021E172A1722072000A607288
:2059E0002046FFF7C7FD05480068214602F000FA10BDC0460B6A00200E6A0020E069002016
:205A000010B5022810D0012813D10C4806F05CFB04460B4806F058FB0146064800788C4248
:205A200004D306F047FD10BD02480078024906F0D7F910BD2D6A0020F810030059C9020002
:205A40001DD2020010B50C4C2046FFF741FE002800D010BD0C342046FFF73AFE0028F8D113
:205A6000064C0749204603F031FF0028F1D12078044906F0B5F910BDF47300202D6A00207D
:205A8000140E0300F8100300B0B50D460446002804D10B480B49BE2200BF00BF002D04D1D0
:205AA00009480849BF2200BF00BF256028686060002801D0808900E000202081B0BDC046FA
:205AC000D10D03000E0303003C0E0300B0B502460020002A1BD0137A012B01D1D38903E0D8
:205AE000012313720023D3605C185589AC420DD9002B0CD0022313721268002A07D0538979
:205B00008B4204D3012010720020D0601046B0BD70B500280AD00D46044604F033FC0646F8
:205B20006079801E0E2803D3002402E000240DE001240D2807D8064881680D43202129435E
:205B4000816007F09CFC304605F060FD204670BDC065002010B5022A11D3034608784A78D5
:205B600012021018188082B20020022A09D0012A11D18A78C97809028918598010BD012035
:205B800010BD8A78CC782402A2185A800A79497909028918998010BD70B501460C4A0D484A
:205BA00003780D4800685B1C5B1E0ED04588914204D1941CA6B2B54201D005E02C463830DB
:205BC000A4B28C42F0D1383870BD002070BDC046FDFF0000216A0020BC690020B0B5017925
:205BE0001F220A400271002211461346052A0BD0845C002C00D05B1CDDB2012D0CD8002CAB
:205C000000D02146521CF1E7180607D0481E0840C0B2411E8841B0BD0120B0BD0020B0BD42
:205C2000B0B5044608460F38052802D20020E083B0BD042902D00929F8D0F9E725469C351A
:205C40002046A430082105F073F80421284605F06FF8A320C5219B28EAD0225C6254401EDA
:205C6000491CF8E770B514460D46064605F096FE002801D0446070BD142007F0C9FD002856
:205C80000DD00673002132C04160064A11680C38002902D00A460968FAE7106070BD002093
:205CA00070BDC046F4690020F8B514460D4606460B480068002801D1FCF704F90948006830
:205CC00080470746304629462246FFF7CBFF444244410548016838468847E000F8BDC046FA
:205CE000F4690020A4750020A8750020B0B50E4A114612688242FBD34C680D194368854245
:205D000002D11B194B600846C418944207D1074CE46BA24203D05468E3184360126802606A
:205D2000814200D00860B0BDF0680020086E0020F8B505460D4E7469B06E84420BD20C4FA1
:205D4000386A0168002908D0C06800680021C94300F0C6FCF4E7002003E0796A3962786292
:205D600001202860B4662046F8BDC046086E0020306D0020B0B50446002900D10D4908687D
:205D8000A0600025E5606560496821600221C943084201D0042000E0012006F006FB002814
:205DA00001D0E06003E0204606F0D8FF0C252846B0BDC0462C100300F8B50F4FFF26350204
:205DC00004F0E0FA04463F68002F0CD00C20385E36B2864200DB06460E20385E2DB28542F6
:205DE000F1DC0546EFE730B229B201F0B1F9204605F00CFCF8BDC046E068002070B5044668
:205E00000E4E3068417807250C2915D1C06D002806D11C2007F0FCFC3168C86500280BD06E
:205E20001022214606F08CF904F084F83168CA6D90760D2048700025284670BDD8740020F7
:205E400080B5017A0F2908D80C490968896E3322895C012901D1062080BDEAF773F9182897
:205E600008D0002808D1064800780421F3F7AAF9002080BD032080BD082080BDD874002043
:205E8000346A002010B5002803D0011F0A68002A00D410BD08380368002BFAD10123DB0780
:205EA0009A430A60074C626A521C62620968226C51182164FFF71AFFE06C401CE064F0F77B
:205EC00087FD10BD086E0020F8B515460E4604460746443706F0ACF94420205CFF2801D1F9
:205EE000002038707878FF2801D10020787006F08FFCA06B002805D12046243031462A46BE
:205F000000F06EFC2046F8F7C3FFF8BD08887047EFF309800E4B1A6820381060F0C04446CC
:205F20004D4656465F46F0C008B572B6F7F78AFD62B60CBC116808681030F0C8A046A946ED
:205F4000B246BB4680F309882038F0C81847C04600760020FEB500AC0EC400242146A6B225
:205F6000C76FB74216D9B600019A97593D0C029A93591A0C9BB2BFB289B27918CB18190C39
:205F800052195218110C12049BB2D218009B9A51641CE4E788B2FEBD70B5062B1BD31D4655
:205FA0001446049E107851780902081830809078D17809020818708002223271701D211DBB
:205FC00006F0BEF8A91F88B23181002800D0A01DF060002070BD042070BDF0B591B06C4626
:205FE0004121204607F0D8F82046F6F77BF80646651C20272846394604F09AFE2134204604
:20600000394604F095FE002E00D01F26304629462246FAF733FE002011B0F0BDB0B505468A
:206020000078A0280BD0942813D00024922814D168783E2811D12846F7F7C4FC0CE0284645
:20604000EFF7E8FFA8680124002806D0F8F7E6FE03E02846ECF748FC04462046B0BD70B5B3
:2060600004461E20002C19D02178002916D000252E468E4210D22079617909020818A179D8
:20608000E2791202511809040818401904F090FD761C21780835ECE70020607070BD7CB598
:2060A00014460A4605460020019001A9104604F0CFFD012812D10C2007F04EFA00280DD0FE
:2060C000064605800198706034720320314603F0E9FB002802D0304607F032FA7CBD7047EC
:2060E000F8B50446002901D00D4600E00B4D2878002601280FD0276804F044F939780029BC
:2061000002D005F083FA06E00121397005F07EFA2878787026463046F8BDC046C80E03001F
:20612000B0B5054602200E2D14D80C460A498C4210D00E2D07D0022D08D13C20604380B2C8
:2061400005F048FA02E0E0B205F0E2F9680003490C520020B0BDC046FFFF00003873002056
:206160001CB504460D4801A9224602F099FE002805D12078B02802D16078002800D01CBD2A
:2061800020791B2804D01228F9D1607C0128F6D16088012104F02CF91CBDC04661610200B9
:2061A00080B502460C480078022801D1122080BD1820012A06D0002A0CD100290AD0074899
:2061C000401C03E0002905D004481130102207F0F3FA002080BDC04604670020B0720020AF
:2061E000B0B504460020062C17D31925ED01AC4213D8062911D3A9420FD8A1420DD394086B
:206200007C2C0AD80A2B08D3AB4206D8D800521C4A435100884201D80020B0BD0120B0BD37
:206220001CB50820014606F0A1FC0C4CA061002812D00021CA436946FDF770FF002809D1E6
:2062400001980099002804D08847019805F01CFE00E08847A069ECE71CBDC0463C6700206C
:2062600070B504460B4800680B4E0836804700253668002E09D0012C02D0002CF8D102E0F6
:20628000317A0129F4D16D1CF2E7044909688847E8B270BDA475002024740020A875002080
:2062A000F8B516460D4607460C2003F0DFFD002810D00446084820808220A070A780A67108
:2062C000E01D0522294605F03BFF04480078214604F0F2FAF8BDC046913E0000176A0020C6
:2062E00010B588B00022079206920592049203920292019200928B7804AA53734B78937393
:206300000978D1736C4611462246FCF70BFC607B0004A17B09020818E17B401808B010BDEE
:2063200070B50446481D85B22046294606F036FCFD2207F0F5F90C20604308490E18707E1D
:2063400000280AD0193602252046294606F026FCFC2207F0E5F90020307070BDB4610020C3
:20636000F8B515460E4601460320C0438F6899197A68914211D81C4608498A68C11C104635
:2063800000F08EFC386881192846224607F014FA0248806804F03AF90020F8BDE4740020C8
:2063A000002817D00C4A53698B4201D1002104E00A498969591A416001214170118A817060
:2063C0001188018151884181D1888173118981815189C1737047C0467C200940F0600020FE
:2063E00010B50A4C207800280ED109480021016041608160C16007480749084AF8F75CF938
:2064000007F0EEF90120207010BDC0462A76002098680020D9760100197401004DF9000016
:206420007FB50B780222D243042B01D0154600E000258C6801267604B44200D82A46B44243
:206440000BD8042B09D14968E20000230093019302930123EDF752FB0246104604B070BD0A
:2064600010B503F08FFF0C49CA68930853405A005A408B68CB604B688B600B684B605A40B9
:206480001B0153400B600A69044C12190A61D41805F0BCF8204610BD84670020C587050065
:2064A00010B50B4C20700B490A78FC2313400B7006F0D6FD2078062103F0ACFF064804F005
:2064C00059F90648FF2141700021017010BDC046346A002056730020AD9F020098630020D6
:2064E0001CB50A0017D000230124E407A04200D20400944201D95200FBE790425B419042CB
:2065000000D3801A914201D25208F6E719000200080011001CBD0100002007F0EEFA1CBD4B
:20652000F8B500260D4D37462C7DA7420AD2A86A8019FF21062204F001FF00280BD17F1CBD
:206540000836F1E72878002806D0286A04782046EEF708F900E03C46E0B2F8BD486F0020AD
:2065600010B50E490B461C33002422461C68002C12D0238983422346F7D12068002A01D01C
:20658000114600E01C3108606068002801D007F047F9204607F044F910BDC046486F0020D3
:2065A00070B50C4605460846FFF7F6FA002814D0062003F05BFC00280FD0064600210622CD
:2065C00006F0E5F9D020307075700E20B070B48002480078314604F06FF970BDC1730020DA
:2065E000F8B5002814D004460A48017800270B4D3E46C8B286420BD207480068C019428851
:20660000AA4202D0A04703480178761C3837F0E7F8BDC046216A0020BC690020FFFF000090
:20662000F8B50C4606460C48006880470546204603F092FF002807D0074607F0ADF83046F9
:20664000394605F099FCF2E7204605F0D3FF0348016828468847F8BDA4750020A87500200F
:20666000F0B50D494B780D490A68012B04D11178814201D1FF210DE05C1E0025EEB2FF2109
:20668000B44207DD975D6D1C8742F7D1701C984200D0115C0846F0BD206900208C690020B6
:2066A000B0B505460A480078A8420ED90C4609480068804708490968AA008B58A3438B50AD
:2066C0000649096888470020B0BD0320B0BDC0461B110300A4750020F0690020A8750020EA
:2066E00070B50D4606460D48006AC068C468201D04F02DFA2820205C410705D421462831C6
:20670000FE221040087004E0204631462A4603F0E9FB216A2046884770BDC046306D0020D9
:20672000BFB50C4D286800280AD06C46204600F017F828680178C088002903D0074B02E062
:20674000012004E0044B07212246FCF72CFE04B0B0BDC046D874002081CF020073CF02000F
:20676000B0B504460D480068002810D0816E00290DD00D469835088895312080201D0978DC
:2067800007F0B0F9287920722868E060B0BD00211022204606F0FBF8B0BDC046D874002068
:2067A000B0B514460D46FFF7F7F9002805D0817C082904D109498A6803E008210BE0074956
:2067C0004A680521002A06D01368002B03D029462246984701460846B0BDC046D87400203E
:2067E00070B543680D4C2568EB619D6826683562256818359E687560256818359D60236856
:20680000986203685B1C0360002A01D00020C14308461146F7F796F870BDC0460076002030
:2068200070B50B460121CC071C430C4B1D68AC6144681D68EC61A5681E6835621D6818352B
:20684000A66875601D681835A5601B68986203685B1C03601046F7F775F870BD0076002048
:20686000B0B50A7802704A7842700A88022A06D0012A11D1821C8B1C0421032407E08A7830
:206880008270CB78021DC3700B1D062105241D7815705A78025500E002210846B0BD70B5D3
:2068A0000E46044606F062FA05466068A168A84203D1022901D12D2070BDE068012903D151
:2068C000314602F0E1FE02E03146EEF773F8012802D16560002070BD912070BD70B50E4662
:2068E0000446102003F0C2FA00280AD00546A0202880281D002E06D00C22314605F020FCBB
:2069000005E0012070BD00210C2206F040F82046294603F0D1FF002070BD70B5C0B206F055
:2069200067FE0024002815D00546C089082811D346081421FFF7D4FD04460A213046FFF7EE
:20694000CFFD002900D0641CC3204000285AA04200D80024A0B270BD70B514460E460146D6
:2069600005682A66EA656A6640680278084803F055FC012E06D10021012328462246E8F745
:20698000D3FD70BD28462146F3F73AFD70BDC0466D1E0100F8B5828801AB1A80827B9A723F
:2069A00000290AD0C18801AA5180018991804189D18080891081012000E0002001A9C872BA
:2069C000024805F081FBC0B204B080BDD99901007CB515460C4606467D20C1001846FFF74A
:2069E0007FFD00900122304621462B46F2F7ACFC2040002D01D1014600E00021A04200D12F
:206A00000146002800D1014608467CBD7CB514460D4606465020114601F0E4FD00900948C4
:206A200001A932462B4602F03BFA002801D0019805E00022304629462346F9F787FEC0B2CE
:206A40007CBDC0460D6A020070B50023DC4355091F231340EAB292008958D94080254559B9
:206A60002646AE40B143ED18212D09D3006C10184068203DAC40A0432022D21A90404118DA
:206A8000C8B270BDB0B50B4D2C1D204606F0E6F8022001218902E860296107486860074808
:206AA000214603F0C5FD2860002801D00020B0BD05F050FD3C670020A50F0300216202006B
:206AC00070B514460D4606460C2003F0CFF900280DD0014607480880022008714E80CD80D8
:206AE0008C600548007803F0E7FE002070BD132070BDC04690FF00001F6A002010B5044613
:206B00003D2006F0EFFB002811D0172006F0EFFB00280CD0062003F0A9F9002807D0014613
:206B2000034808804C800348007803F0C5FE10BD90570000176A0020B0B50C4605461320B3
:206B400006F0CBFB00280FD0082003F08FF900280AD0014605480880142088708D808C717B
:206B60000348007803F0A8FEB0BDC046913E0000176A0020F8B505460C4F3878002810D0CB
:206B800014460E46062003F071F900280CD00146902008704D704E808C80387803F08CFE8D
:206BA000F8BD2846FDF764F9F8BDC046186A002080B5012006F0F4FC09490968897C491E99
:206BC0004A424A41104307490968C97A491E4A424A411043044989684A1E9141084380BD76
:206BE0003074002034740020D0640020F8B50C4605460C4F38780026C1B2F2B28A420ED871
:206C00001E215143625CFF2A07D061180D312846FEF7B2FE002803D13878761CECE7FF26E3
:206C2000F0B2F8BD2E6A002010B5094C6078002803D1084804F08CF96078401CC1B2607017
:206C4000814204D004480549054A00BF00BF10BD9868002009320200580B0300050403009A
:206C60006F020000B0B50546232003F0FFF8002812D00446C2202070E87860700121A1709D
:206C8000002804D1E01C291D202205F059FA03480078214603F010FEB0BDC04657730020A3
:206CA00010B504460C480068C00505D0002120460A46F7F72DFE09E07D20C2000846114692
:206CC000FFF70EFC01462046EDF774FE01460020012900D0C04310BD04ED00E070B505463F
:206CE00003F050FB04460A4E7561F068012D0AD1002808D03078002805D10648006DFDF728
:206D000029F901203070204604F080FC70BDC046306D0020086E0020B0B503F033FB044664
:206D2000094D287800280BD1F7F71CFF07490C2004F0B6FB06480168C907FCD00120287023
:206D4000204604F063FCB0BD297600201DE0010034600040B0B50B4805680B4CA068284090
:206D600003D0E168002900D088472068284003D06168002900D088470448006806F0D4FB62
:206D8000B0BDC0464C6000408C740020D80F0300B0B505460A4800680A490C1D8047246851
:206DA000002C07D021460831A942F8D8A2888918A942F4D30449096888472046B0BDC04692
:206DC000A475002070750020A8750020020A53425341FF2800D802460F2A01D8114600E073
:206DE0001109D8000F2A00D8001D032901D80A4600E08A08032900D8801C022A01D30021EB
:206E000000E00121401870477FB50446FEF7C4FE417901220A4002ADAA71811D0622284607
:206E200005F08EF9A9790023009301AE28463246F1F76EFF3078EDF795FC05212046FCF778
:206E400059FF7FBDB0B586B004460B4800906B460220187159712A209871084D2A78204600
:206E60001946FFF7D3FD162803D12978204602F06FF806B0B0BDC0460100FFFFF7670020D5
:206E8000F8B51C4615460E4607460C2002F0EEFF00280FD001460698D0220A704F7018228B
:206EA0008A70CF708E80CD800C8148810248007803F002FDF8BDC046C1730020F8B51C4616
:206EC00015460E4607460C2002F0D0FF00280FD001460698D0220A704F7007228A70CF7050
:206EE0008E80CD800C8148810248007803F0E4FCF8BDC046C1730020F8B5069EFF2E16D0D9
:206F000017460C46054600930346083308481E22294606F019F86E72AF7000986860002CCF
:206F200005D00C3518222846214605F009F9F8BD7772020070B501460B480078421D0B48AC
:206F4000C36800200446E6B2B2420BD91C2575435E5B8E4203D15D19AD78012D01D0641CBC
:206F6000F1E7012070BDC046236A00203868002010B50B4801780B4842680B4800290ED090
:206F800075239B00D3181479012C02D11C78032C03D01433491E1A46F0E71068008810BDFE
:206FA000236A002020690020FFFF000070B501460B480078421D0B48C36800200446E6B267
:206FC000B2420BD91C2575435E5B8E4203D15E19B678012E01D0641CF1E7581970BDC046E2
:206FE000236A00203868002010B50346FD331C7A640702D41A700D2105E061239B00C31878
:2070000019705A701121E6F715FC002800D010BD0348007801218903F2F7D4F810BDC0463F
:2070200063690020F8B50446002508260A4FE8B206F0DEFA4079002806D0206839688851A0
:2070400060683968891948606D1C044800781C368542ECD3F8BDC0463C720020236A002022
:2070600010B50B490B48086006F072F801F02EFF06F06AFA084CA168086001F0CBFAA168E0
:20708000486003F0D5FEFBF7CBFB002010BDC0466C750020C9BD020014750020F8B515469D
:2070A0000E4607460A48006880470446384631462A46FEF7D7FD002802D00561002500E0D1
:2070C000082504480168204688472846F8BDC046A4750020A8750020F0B585B004460C4882
:2070E0000068002812D00178C288C37807465837E0CF406E00950196029703902046EFF743
:2071000001FAF8F747FC204602F03CFF05B0F0BDD8740020B0B504460C4D286841780E2959
:2071200012D1006E002806D1172006F071FB29680866002804D01022214605F001F8296853
:207140000F2048700020B0BD0720B0BDD874002070B50C460B4D00210B4E715E814205DDFE
:2071600004F062FC28680421014329600220305EA04206DA204604F049FC2868082101432D
:20718000296070BD48600040DC71002070B50A480A4C84420CD00A4D0A4EB54208D02A6865
:2071A0006968501C12789200A25890470835F4E700BF00BF70BDC046281403001C1403006A
:2071C0004014030060140300B0B50A4603460720C4434868810702D191688D0701D02046E6
:2071E000B0BDD268E41D002AF9D00F251540F6D11B7E042B03D005F017F90028EFD00024F9
:20720000EDE710B5062B03D0142B15D1102300E002230298037111785478240261180180F1
:207220009178D478240261184180401D111D1A4604F086FF002010BD042010BDFCB4020C99
:207240000B0CFF242402FF34204021400C00444315005D4306005E430F005743320C3B0CBD
:20726000A818C01832043B040025A1186841C9186841FCBC7047BCB5002818D00446007A3C
:20728000FF2814D0607A2188A378002500951722FBF7ECFDA078182804D101A90D7020887B
:2072A00004F04AFDFE2020722046F6F733FFBCBD10B55C1EA3419B00022805D0012807D127
:2072C000D01880002C3010BD002905D0022004E0D018C000503010BD0820D118C9002B31EE
:2072E00041432F20C000081810BD7047B0B50446006802464932002900D109494B78492500
:2073000043554B680364012353700B788A681946F9F788FB002800D000242046B0BDC04698
:20732000980E0300B0B50D460446102104F0C4FF06CC0020083C491942410346434106C408
:20734000083C012B05D1A168E268491C4241A160E2601021204604F0AFFFB0BD7CB5044648
:207360008E08084D0849284605F020FD00960121064B28462246F6F7E3F8054810210160CB
:207380007CBDC04640040020008000EA24000C40286002407CB504468E08084D0849284681
:2073A00005F004FD00960121064A28462346F6F7C7F80548202101607CBDC04650040020AA
:2073C000008000AE28000C4028600240BCB50C4605468878411E0220012910D821880029CE
:2073E0000DD06268002A0AD00221104602F0EFFE0090034905222846234600F0FBF9BCBD53
:20740000B1BA0200B0B50446006803222146FDF7A5FA20680125A905884206D1606880691B
:20742000002805D006F08CF82068E907884204D06068002801D006F083F8B0BDB0B5044671
:20744000002901D000250BE009491046FFF748F808462146FCF728FC002806D0054601210D
:20746000204603F0D4FE2846B0BD0025FBE7C04640420F0010B5002809D1022907D309494A
:207480001031094C0020224601F028FE04E0C80701D0034C00E0014C204610BD38690020C3
:2074A00040690020046700203069002010B50B4CA04207D003F03AF9002802D00480002125
:2074C000817010BD0020064A13789842F9D20C8000238B70401C091DF6E7C046FFFF000041
:2074E000216A0020B0B50B48046804610A4D002C0FD02046FAF7B0FF1F2141400120884046
:20750000844368688A008258002AF0D0C8B29047EDE7B0BD54300240D80E0300F8B505F0A3
:207520002FFE044600250A4E05F01EF8FF27062D0AD03188002907D071680968A14202D061
:207540006D1C1036F2E72F4605F09AF9F8B2F8BD54610020F8B50D467D21CA00002421465F
:20756000234603F077F806460F4606F0D7F9024630463946234605F0A1F8C20F0A4302D0B5
:207580000220C44300E028602046F8BD70B508CAC46F641CA34200D323460C461D46002D92
:2075A00003D040CA40C46D1EF9E79A0089181A46C46F641CA24203D2002410C1521CF7E737
:2075C000184670BD0F2806D00E280BD1094801680122D20603E007480168012252060A43E9
:2075E0000260704710381F2803D80121814002480160704704ED00E080E200E0B0B50C46F9
:207600000546082002F032FC00280AD0014607480880002088708D808C710548007803F0DD
:207620004BF92846214606F0C1F9B0BD91050000176A0020B0B504460B4D0621204605F054
:20764000A3FF2068411C05D0002808D1A0880028F3D002E0A088A842EFD0000A00E0607944
:20766000C02101436171B0BDFFFF0000B0B514460A4601461220012C0FD801290DD8002AD3
:207680000BD0074D2868F5F74BFDFF2806D029681E224243881844770020B0BD0220B0BD2D
:2076A000E069002010B5014601200B4A54680B689C4202D0002B00D010BD94684B689C42AB
:2076C00001D0002BF8D1D2688868824202D0411E884110BD002010BD5873002010B5C1B220
:2076E00000247F290ED008484068F2F7D1FF010C064A914201D1012404E0054A9082D18270
:20770000FCF7C0FC204610BDD4680020FFFF000058730020F8B50E4607460B4948680028C8
:2077200007D014461D46804707492B462246002808D08868F90289190424009405F07EFB0E
:20774000C00FF8BD0B20F8BDC070002003220A40022A04D0012A07D1B02104220FE00422F7
:20776000114004D0062203E00522910107E00822002902D0E721C90001E02D2189019040BA
:207780004018704770B50A4D2A6D002482420DD2032082432A6507480668B11A064880181B
:2077A00001F062FD002800D070BD2E65204670BD485B0020E81003003466002008480068FE
:2077C000C1034A1507485043074A914201DC084900E006490818C117890A401880157047F4
:2077E000306000401CB21000FFFFDF007785B4FF778574FFF8B51E461546044606980090FC
:207800002046F0F737F9074600280AD106480268002A06D0012D01D13078451CE9B22046D9
:2078200090473846F8BDC046C475002070B503F08BFE00240A4D2646287D86420FD2A86AF7
:207840000019FF21062203F079FD002804D1A86A0119887903F04CFA761C0834ECE770BD2D
:20786000486F0020F8B5009316460C460546102002F0FCFA002810D00746D02038800920BA
:20788000B870FC70381D0622314604F059FC0098F8602846394603F00FF8F8BDB0B50028FE
:2078A00013D004464088012102F088FFE06A002801D005F0B5FF002538222046294605F003
:2078C00066F803486080257100E002252846B0BDFFFF000070B50C4605460A4E30680028CF
:2078E00008D1094801780620484305F091FF3060002805D0062255434019214604F020FC92
:2079000070BDC04680690020216A002010B505F06FFE0021002810D071229200835CDB074A
:207920000BD08418064907220A70052102F062FA2078FE21014021700121084610BDC0469E
:20794000226A0020B0B50146C0680A680A4B1C68A04200D1196003680B608B888C68858846
:207960008D80838083688B6084600260C268CA600021C160B0BDC046D8690020B0B50C46BA
:207980000546002028720A480078002802D0281DF2F78EFB2846FBF7FFFF432C01D03C2C61
:2079A00004D1FF2228462146F9F762FAB0BDC046266A002010B5002804D004460720C04358
:2079C000844205D3FCF78EFC16210160002010BD08342046F0F714FA002803D00060446071
:2079E000083010BDFCF77EFC0C21EEE7B0B5054608480068804704460748C068A84203D165
:207A00000648006805F00CFA0548016820468847B0BDC046A47500206C740020D0690020C5
:207A2000A87500200024204603F039FD0848C268084B083308490120F6F79AFC002801D060
:207A400004F088FDEAF784F8E043FDF783F8F9E76C7400204C740020ED79020070B50D461E
:207A600006460A480068804704463046294603F095FF002802D00025856000E00625044828
:207A8000016820468847284670BDC046A4750020A875002010B541600061914206D90A4C62
:207AA00020349A4208D2994206D30BE0D11A8269914207D2044C2434011D206801F0A5F8BF
:207AC000002010BD012010BD306D002010B50C4C2068002812D00078002801D0A06800E006
:207AE0006068002803D04068002800D0804720684078122802D10020FFF7EEFA10BDC0463E
:207B0000D874002010B50C4C2068002813D0806F002801D005F084FE402005F079FE216895
:207B20008867486F002801D005F07AFE902005F06FFE2168486710BDD874002010B50B489E
:207B40000168FF2213040B430360016812060A43026002F08FFA06480024046000F088FBDF
:207B6000F5F770FF04F01CFF204610BD20ED00E00C760020F0B5136880240459E443DD4371
:207B80000023651B1C465C410D600125EEB2C76FB74209D9B6009759E7191C465C417F1EBD
:207BA0005C418F516D1CF1E7E043F0BD70B500228156002A09D0102A0CD08418835CDD097F
:207BC000641E26787519257000E003785B008354521CEEE7C90987220A40C17B5140C173CC
:207BE00070BDF8B50424002914D01546064607785780022F0ED3481E009080B2B9B2FEF7DF
:207C00006FFC47430099C91B090403D12880701C686000242046F8BDF0B500280FD008C85A
:207C2000102B00D310231C46002C0DD060C855400F46083760C1641E00303946F4E70023F7
:207C400002E00A6008315B1C102BFAD3F0BD7CB505460020002D06D01C46002B03D000294B
:207C600002D1002A00D07CBD002901D0002AFAD0069B4620012626540094284602F045FF30
:207C800020467CBDBCB505460879022807D10C46C868002805D0072102F099FA02E00220D6
:207CA000BCBD002000900349062228462346EFF7E1FEBCBD55980200B0B506240A492046DB
:207CC00005F006FB0021204604F03AFC0125284605F0BAFD2046294604F032FC2320000182
:207CE00005F0B2FDB0BDC0460104002070B5044600250A4E04F038FC062D07D03188002948
:207D000004D0A14206D06D1C1036F5E704F0B8FDFF2501E004F0B4FDE8B270BD546100203C
:207D200070B504462F20C64304F01EFC0849324600250C3208D08B191B6B002B04D0A3425C
:207D40001646F5D18D18243504F09AFD284670BDEC650020082A15D10A784B781B029A1840
:207D600002808A78CB781B029A1842800A794B791B029A1882808A79C97909028918C18061
:207D80000020704701207047F8B514460D4606460827384602F06AF800280AD001460548F7
:207DA00008808F708E808D71CC710348007802F083FDF8BD923E0000196A002070B50C461F
:207DC00005460826304602F051F800280BD00146054808808E708D808C710120C8710348AD
:207DE000007802F069FD70BD923E0000196A0020F8B50C4605460A4E30780127C1B2FAB282
:207E00008A420BD81E2151436A5CFF2A04D068182146F3F7C9FA30787F1CEFE7F8BDC046B5
:207E20002E6A0020032907D002290DD001290FD15043083000097047504306494143012063
:207E4000C0040818000D704750431030400970470020704755550000B0B50C460546002103
:207E6000224604F04DF807480078002800D0B0BD7C2C01D10448C5700C20684302490818F8
:207E80008475B0BDC0700020B4610020F8B505460A4807680024002F0DD0B868284207D0AD
:207EA000FB683A690026284631469847002801D13F68F0E7F4432046F8BDC046E868002092
:207EC000B0B50D460446084611380749884204D3064807496C2200BF00BF103D658100201B
:207EE0002072E060B0BDC046FFFF0000340C03000E03030010B5094C6078002806D10848A7
:207F000008494F22D20000BF00BF6078401E6070000600D010BD04F0BFF810BD986800200E
:207F2000580B03000504030010B504280FD111242046FAF765FA0748FF21816201218164BA
:207F4000054A1268426001602046FAF72DFA002010BDC04604600240F41003000A498A6DED
:207F60000020002A00D07047084A936A002BFAD1D36A002BF7D1486CD168491E884201D0CC
:207F80000120704702207047306D0020086E002080B50A49097801290CD109494B68C10205
:207FA0000120C202184605F0CAF9002803D00020C04300E0FF20C0B280BDC0462C76002032
:207FC0003874002070B50A4E307800280DD1094C012528462146FCF791FF6060002804D01B
:207FE00035700834214605F0AFF9307870BDC0462C76002038740020B0B514460D4604F02D
:20800000B4FC042801D1084800E0064801680120002905D00A68002A02D028462146904792
:20802000B0BDC046F8750020FC750020B0B50446C568002D0CD0E868002801D0F6F7EEFEA8
:208040006869002801D0F6F7E9FE284605F0E8FB00211022204604F09AFCFF206072B0BD9B
:2080600010B5001F0C2343430948C318588988420CD15868002809D0FF2A02D001789142AB
:2080800004D11C1DF6F7CAFE0020206010BDC04608650020B0B501460948026809480378EA
:2080A000002004469C420AD2002A04D015688D4204D0D26800E00022641CF3E71046B0BD25
:2080C000D8690020266A0020012101404A4206211140820700D5891D020700D5891CC206D9
:2080E00000D5C91C820600D512314006C00F0918C8B2002800D0481CC0B2704770B5014685
:2081000009480078421D0948C36800200446E6B2B24207D91C2575435E5B641C8E42F6D11C
:208120005819807870BDC046236A002038680020B0B50A484168491D0022094B1C78A24282
:2081400007D24C1E00252580521C3D24E4000919F4E700210180FF218170B0BD2069002099
:20816000236A002010B5072813D84A0855231340CA1A332394081A401C4012191309D21899
:208180000F231340012B04D1024A101842788A43427010BDE667002080B50C210A4A102983
:2081A00006D0535CFF2B07D0834206D0491CF6E704F0D0F9FF2004E050540C397F20C04311
:2081C0000843C0B280BDC0464C74002070B50D46064609480068804704463046294603F059
:2081E000DDFB002801D0456800E000250348016820468847284670BDA4750020A875002002
:20820000B0B50C46054609480068804721460C3900220A602968002902D00D460C3DF9E79C
:208220002C60034909688847B0BDC046A4750020A875002009498A6909480068C36A0020F2
:20824000002B00D07047074B1B68012BFAD8002AF8D1086A4969401A7047C046086E0020D5
:2082600000760020205D002080B503F011FD80BD0B4A13681868203080F30988022080F31F
:208280001488BFF36F8F3FBCAE4608BC04BC62B61847C046C046C046C046C046C046C0467E
:2082A000007600201CB50A4C2478012C0DD1094C6468C002411804200090204604F0BEFD55
:2082C000002803D00020C04300E0FF20C0B21CBD2C7600203874002010B5042B13D3029834
:2082E000117854782402611801809178D4782402611841801B1F99B28380002900D0111DA5
:208300008160002010BD042010BD83B00290019169460020087082420AD00299095C019BC6
:208320001B5C4B40009919436B461970401CF2E7684601784842484103B07047FEB50193EC
:2083400002920E460746099D089CF7F787FE2F6000206861AE610198E8612C620298002872
:2083600004D02820295C04220A432A54FEBD70B505460220002D12D00C4600290FD0601C39
:208380000C21217020262946324603F0D9FE2134203520462946324603F0D2FE002070BD21
:2083A000FEB5029315460E4604462C20EFF728FD074600280BD00898282100227A5400906C
:2083C0000197204631462A46029BFFF7B7FF3846FEBD704710B50446084809490160E06A23
:2083E0008121615C0022FCF771FA4434204603F073FC204603F064FC10BDC0462C000C405A
:2084000028002A0110B504460068002900D108494A6842644922012383540B788A681946B5
:20842000F8F700FB002800D00024204610BDC046A80E030010B504460068002900D1084982
:208440004A6842622922012383540B788A681946F8F7E8FA002800D00024204610BDC04686
:20846000B80E0300BCB50C4605460988022000290DD06268002A0AD00121104601F0A7FE90
:2084800000900349072228462346FFF7B3F9BCBDEFD40200BCB50C46054609880220002936
:2084A0000DD06268002A0AD00221104601F08FFE00900349112228462346FFF79BF9BCBD31
:2084C000CDCD0200BCB50C4605460988022000290DD06268002A0AD00221104601F077FE8C
:2084E00000900349092228462346FFF783F9BCBDDBCD0200F8B5FF2810D0044604F016F809
:20850000074E3068A700C159204604F0E1FE00252046294602F0E0FFB068C551F8BDC046C0
:20852000D80E03001CB501AA00241470064800885070000A907005480078D0700448042118
:20854000F3F7ACF820461CBDFA690020246A0020022000007FB5044608AE61CE0090019572
:2085600002962046F4F74BFC03AA10705470200A907003480321F3F791F8002004B070BDCD
:208580002020000010B50C46014609480078012801D13A2010BD1220002A08D0FF2906D818
:2085A000002B04D0084619462346F0F717FC10BD24760020B0B504460120C5432088FFF7AF
:2085C00095FB0146681CFF2909D00901044A511805D089680029284601D020468847B0BDAE
:2085E000546100207CB50C46064603F005FC00280AD06D462E8000206880AC7104480168A6
:2086000028468847002801D0FF207CBDE8797CBDA0750020B0B505F081F9094C0025294640
:2086200022462B4602F016F87D22D2002B4604F045F8A04200D32046002900D02046B0BD67
:20864000FFFFFF7F00200949242805D00A1800230B5093600C30F7E700200549602803D095
:2086600000220A521030F9E77047C046EC6500205461002070B50668446803F075FF054668
:2086800004F07EFDFCF742FA002806D0284604F0F7F803482146B04770BD05F025FAC046FD
:2086A000F00F03000F2805D109480068022101404808704710381F2805D804490968C1405C
:2086C00001200840704700207047C04600E100E010E000E0FF2803D00F280AD9122070470F
:2086E00007490878091D002807D0002204C1401EF9E78000024A1018416000207047C046EE
:20870000546300201221020A0E2A0DD8074A1278824209D9064949683D22D200424388184F
:20872000407941424141490008467047236A0020206900201FB50A4601466C46204604F060
:2087400059FC074800682146FDF76AFE0446000602D0022003F096F8E0B204B010BDC0466C
:20876000E8690020B0B504460748006880470546064840681022214603F0E2FC04480168FB
:2087800028468847B0BDC046A4750020F8670020A8750020074800210180074805218160ED
:2087A00001600648032181600160054801218160016070470420094000100840002008400F
:2087C00000300840002810D0C217034653409A1A2032920951430122D2048918090D002857
:2087E00000D5494202480840704700207047C046FF0F000010B50A4949680A0C030C1C4695
:20880000544380B25043400889B2594349080818012189034018C00B2018401C400810BDF2
:2088200080750020084909680A18084841680906890D006880001018054BC0188A4200DBC2
:20884000401A00687047C046AC110840C010084000200940F8B504460026094F3978F0B24B
:2088600088420AD200216D4604232A4603F03CFB2878A04202D0761CF0E7FF26F0B2F8BD84
:20888000066A0020F8B514460D460646084FB8680021C943FEF704FA304629462246F2F7D5
:2088A000FDFB0446B86801F0B1FE2046F8BDC046E474002010B5044608480461007BC00618
:2088C0000BD401F05FFD06490A683F239B061A409C4312190A6002F099FE10BD10720020E2
:2088E000A4100040FF210902014001221302994206D000290AD1C0B2054908183C3003E0FC
:20890000C0B203490818143000787047D04370470C70002010B5044601F034FD07490A5DB8
:20892000521E0A55110605D10121A140044AD3688B43D36002F06AFE002010BD54690020CA
:208940001072002080B50A4A1178491E1170806D5368984201D100205060080600D080BD3C
:2089600005F0C8F804F0EAF8FFF7C4FA80BDC046986800207CB50D780124022D0ED14D68B7
:208980002E786D782D02AD19054EB54206D1069C022500940195FBF7F9F9044620467CBD76
:2089A00002290000074901220A705107064A1161064B1860106808431060054804210160B6
:2089C0007047C0461D76002044000840282102405820024010B504460948844209D001292D
:2089E00008D0022905D10121204601F0D5FE002800D010BD00212046F0F7DCFE10BDC04672
:208A0000FEFF000070B50C460546084800688047064601CD214603F0DFFA2846214601F005
:208A2000ADFD034801683046884770BDA4750020A8750020B0B5034601240025814208D954
:208A40008A42204600D928469A4200D82C462040B0BD9A42204600D828468A4200D92C460B
:208A60002043B0BD10B5084C2079C0070AD10748016A0748FBF79EFB2060217901220A43B4
:208A8000227110BD206810BDAC7400205C7100201462002080B513460A4601460748007872
:208AA000012808D10648406804F053FC002803D00020C04300E0FF20C0B280BD2C760020ED
:208AC00038740020B0B5094C094D2888A04208D0FDF762F8002803D0017980220A4302712B
:208AE0002C801720FEF7F8FAB0BDC046FFFF00001A76002010B58168094A1268914201D06C
:208B000000240AE0C168491EC1600124002904D100210A460B46EEF7C7FE204610BDC046CE
:208B20000076002070B50C46406801788A1E50425041042901D0450201E0012005020E26BA
:208B40003046294600F005F8002801D02560267170BD70B50C46054600263046294602F042
:208B600067F8002809D00121062D07D0082D05D0026892682242F1D000E03146084670BD04
:208B8000BCB50D46034603200090012000210A46FFF75DF80446002D07D0002C05D00021C8
:208BA00020460A460B46EEF77FFE2046BCBDB0B515460C46FCF7F0FF002804D0002D04D07C
:208BC0000179214303E01520B0BD0179A14301714088022101F0F2FD0020B0BD70B505469A
:208BE0000220002D10D00C4600290DD0691C20262046324603F0A4FA203421352046294635
:208C0000324603F09DFA002070BDB0B50C68621C07D002460832134652681568A542FAD90B
:208C200001E003695A684A6091608B60596008610168491C0160B0BDB0B505460020002DE4
:208C40000CD00C46002909D005491022204603F077FA28782073687860730120B0BDC04620
:208C6000380F0300BCB50446002100911E220B46EEF700FF0546002806D104480268002A9E
:208C800002D01E21204690472846BCBDC0750020BCB50C4605464868002803D0032101F07C
:208CA00096FA00E00020009003491D2228462346EEF7E0FEBCBDC0469DCA0200BCB50C46C4
:208CC00005464868002803D0032101F080FA00E00020009003491B2228462346EEF7CAFE72
:208CE000BCBDC0469DCA020010B5022B10D3029C2072617210785178090208182080991EE1
:208D000088B26180002800D0901C6060002010BD042010BDBCB50C4605468868002803D0FD
:208D2000052101F054FA00E0002000900349162228462346EEF79EFEBCBDC046F1BC020034
:208D4000BCB50C4605468868002803D0052101F03EFA00E0002000900349172228462346DF
:208D6000FEF748FDBCBDC04609BD0200BCB50C4605464868002803D0012101F028FA00E0A4
:208D80000020009003490D2228462346FEF732FDBCBDC0463DBB0100BCB50C460546486877
:208DA000002803D0012101F012FA00E00020009003490F2228462346FEF71CFDBCBDC04628
:208DC0000D5F0200BCB50C4605464868002803D0012101F0FCF900E00020009003490B225B
:208DE00028462346FEF706FDBCBDC04619D9020070B506460124084886420BD00D46172915
:208E000008D304F039F9A84204D33046294602F08DFD0446204670BDFEFF000070B50C46DE
:208E200041780A46573A50425041132901D0C50100E040250A2630462946FFF78AFE0028A2
:208E400001D02560267170BD70B50C4641780A463E3A504250410E2901D0C50000E0022509
:208E60000C2630462946FFF774FE002801D02560267170BD70B50C464079800006494018DA
:208E800006494558092630462946FFF762FE002801D02560267170BD740D030080FEFFFF3A
:208EA00082B07CB50C4606460692079302F0A4FF0546002805D006A901913046F8F7A6FB5B
:208EC000206028467CBC02BC02B0084780B5EEF741F901F065FB0748016801220A4302607E
:208EE000EFF766FBFAF768FCF9F79EFDE9F741F980BDC0461400004010B5074807490180B5
:208F0000074C2046FCF7E4FB002800D010BD0C342046FCF7DDFB10BDC8680020FFFF000075
:208F2000C473002070B514460E46054601F0FEFB002806D10548314601F0F8FB002803D030
:208F400005808470002070BD112070BDFFFF0000BCB50C460025019501A900F0D5FB0228DD
:208F60000BD0172809D001982521415CFF2901D01520BCBD253004702846BCBD10B504461C
:208F800000200749FAF778FB064840222146F9F75BF9401C01D03A2010BD072010BDC04654
:208FA00026200000F922020010B5002407492046FAF762FB064821462246F9F745F9401CBA
:208FC00001D03A2010BD072010BDC04625200000DB5F02007CB514460D46014601A82A46E0
:208FE000FCF718F900280AD00646002D04D0019821462A4604F0E0FB3046FAF765FB7CBDDF
:20900000F8B50520019006480290064800900648039068460121F8F72DFDFDF733FD8FBDF5
:20902000DC0500004DA0020014750020B0B588B0044603F099FA054601A8F7F745F82846BD
:2090400003F01EFC01980349029A21606060A26008B0B0BD504D000010B502460023D84332
:20906000052A07D81201054CA25A002A02D0044CA24200D110BD0A80184610BD546100202A
:20908000F8FF000070B5084B1C68084A944208D01C6800258C2D03D0665956512D1DF9E718
:2090A0001A608000115070BD08ED00E000000020B0B50C460546F4F785FB002800D0B0BD61
:2090C000012C01D91220B0BD03480068012329462246ECF705FBB0BD9069002080B5034655
:2090E0001220012B0CD800290AD0002A08D005480068C11D062310461A4603F021F800208B
:2091000080BDC046E069002007480121C16200220260C26205488165026082650448C1607E
:209120000260C2607047C04600100840002008400030084010B5074901220A60064803685B
:209140000324A3430360886A00234B6103490A7010BDC046A0110840B41008403A76002070
:20916000B0B5094D01202870287101F00BF90446A868002803D1012000F088FDA860204693
:2091800002F044FAB0BDC046E4740020B0B507480478074D002C05D0286800698047641EED
:2091A0000C35F7E7034801210170B0BD9F0B03005C0D030028760020FF22120202400123D3
:2091C0001B029A4206D0002A09D1C0B2044A10183C3003E0C0B2024A101814300170704733
:2091E0000C70002010B5044601F0CCF80121A140054AD3680B43D36004490A5D521C0A5580
:2092000002F004FA002010BD1072002054690020B0B504460848C0897F2501060AD50321FC
:20922000C901084000F00AFD2188081A801E01D42018057968B2B0BDF0600020B0B505468A
:209240000848C089FF24C1060AD51F210901084000F0F4FC2988081A801E01D42818047937
:209260002046B0BDF060002080B50A46014607484078012806D106485430ECF799F801F0A1
:20928000E4FF80BD0720C04380BDC04621740020485B002006484178032900D88030007896
:2092A000FD2804D30348044901600449416070472F03004E18110040E3887F09E3387F4955
:2092C000B0B50C46022809D001280BD1049D1046194622462B46F0F73DFDB0BD204600F0BC
:2092E000BDFBB0BD2046F9F765FFB0BDB0B51A460D4607480024214602F0E6FE502029467B
:20930000FFF770F90146034802F0DEFE2046B0BD2161020031D00200B0B5C80301D400240B
:209320000BE00C460120050405480078F5F73CFA002801D0F3F798FC6C402046B0BDC046E3
:209340001D6A0020BCB503F034FB0446C06900280AD1206A0025E943009103212A462B46EC
:20936000FBF7D4F924202554216860688847BCBDB0B5014608486030006800280BD0026A75
:209380000B4614781D78002C03D05B1C521CAC42F7D0AC42F0D1B0BD086E002080B5FF21BB
:2093A0004140074802780A40027007D105480068002803D04068002800D0804780BDC04675
:2093C00021760020F475002080B5064800880649884201D1182080BD04490A780449F4F7DB
:2093E0006BFC80BD4A750020FFFF0000146A00201069002010B5094C6060FF21102201F098
:209400009DFF012803D16068102103F0C7FC606804F082F8012002F0C1F810BD04670020AA
:2094200008490978084A13684A1C9B1F521E05D0991DDB8883420B46F8D100E000210846E1
:209440007047C046156A00207C6900201CB500280ED00446807840087E2809D8E0782188C2
:209460000022009217221E23F9F700FD014860801CBDC046FEFF0000074800214161012297
:2094800002600160054801685207914301600448042101607047C046142102404400084033
:2094A0005C20024082B0084901910090FFE701980099884206D2FFE70198011D0191034914
:2094C0000160F4E702B07047008C0020A5A5A5A501460848027808480068002A08D0438811
:2094E000002B02D003798B4203D01030521EF4E7002070471E6A0020B46900204188091F1B
:209500000C224A43074989184A68002A01D0162070470A1D4368136002890A810088488159
:20952000002070470865002070B5421A084D6E1C01230024B2421A4600D322460E1AAE4278
:2095400000D82346884200D81A46104670BDC04600E07072E0B5094A1268927E002A0BD006
:209560006A461223137051705080000C908002200621F1F719FB8CBD00208CBD786E0020D9
:20958000BFB5084D296818316C461022204602F0D7FD2868C088044B11212246F9F703FF65
:2095A00004B0B0BDD8740020F1B00200BFB5084D296828316C461022204602F0C1FD28683E
:2095C000C088044B11212246F9F7EDFE04B0B0BDD874002031B10200B0B586B013460446D0
:2095E00001AD2980A81C0822194602F0A9FD044B0B2120462A46F9F7D6FE06B0B0BDC046F1
:209600008797020070B50446084E3068806F202521462A4602F094FD3068806F2030203414
:2096200021462A4602F08CFD70BDC046D8740020BFB5084D296818316C461022204602F05A
:209640007FFD2868C088044B11212246F9F7ABFEBFBDC046D874002011B10200B0B50446D3
:20966000084D68690019296A884207D102F0E0FDE86A401CE86203F0CBF8641E686900198D
:209680006861B0BD086E002010B504468068084A1268904206D02046EBF78CF9002802D1CB
:2096A000002010BD0120E168491CE16010BDC04600760020F8B51D4613460E460446069F98
:2096C0000868421C184603F09DFB6069A169E66222463032A3C2204601F07AFBF8BD1CB537
:2096E00003460024009401AA084619462346EFF70FFB002806D101A8007801F0A0F9C00648
:2097000000D4012420461CBD10B50C4600F0FAFA002807D0002C00D02060017AFF2903D025
:20972000162002E0022010BD0020FE2900D1172010BD10B50C46FFF773FE002807D0002C5D
:2097400000D020608178FF2903D0162002E0022010BD0020FE2900D1172010BD10B50620B7
:2097600002F056FB044600060CD0022000F07EFB002807D001461020087000204870E0B297
:2097800001F09AF810BD80B5022200290ED000280CD007220A7002784A704278CB1C8A70A3
:2097A000811C0822184602F0CBFC0022104680BDBCB5002500280ED00C4681420BD8134629
:2097C00002210091002529462A46FEF740FA002801D0846305462846BCBD704710B50A46C4
:2097E0000146064CE068C007FCD10120A060044803F0E2FF0320206010BDC04610000C40E1
:2098000090000C4010B50446007E02280AD1EFF30580002804D104480021C943FDF740FACF
:20982000606910BD002010BDC062002010B504460068002900D106494A6842650B788A68D5
:209840001946F7F7EFF8002800D00024204610BD880E030010B50C46097801706178417059
:20986000A1788170E178031DC170611D0222184602F066FC2089801D80B210BD10B5022BA9
:209880000ED30298117854782402611801809B1E99B24380002900D0911C4160002010BDDD
:2098A000042010BD1CB5024607484068431C08D06C4622700191082201232146F7F70AFBF2
:2098C00000E01020C0B21CBDF8680020BFB50446C8680B690A884D680989009201950291B7
:2098E00003900348F3222146F7F72CFA04B0B0BDA918020010B50749C862074C21780620C5
:20990000FCF70EFC207800F009F8207803F032FC10BDC046486F0020F76700201CB50446C5
:2099200050202146FEF75EFE0246044801A9FFF7B7FA002801D1024804701CBD1D990200D1
:209940003575002010B5074C207003F067FC401C054908702078042100F05CFDF5F7D2FC5D
:2099600010BDC046166A0020156A00201CB5044650202146FEF736FE0246044801A9FFF786
:209980008FFA002801D1024804701CBD6D990200507500201CB5044650202146FEF722FEB9
:2099A0000246044801A9FFF77BFA002801D1024804701CBD959902002376002080B5074800
:2099C0000068C0B2800006490858002804D041688068884702F038FC80BDC04604ED00E0E8
:2099E000B86B00201FB5044601A8FFF71FFB0298001B0549884203D3204601F023FE00E052
:209A0000002004B010BDC046E90300000F2804D1074801680222914305E010381F2803D8A8
:209A200001218140014801607047C04680E100E010E000E00F2805D10748016802220A4395
:209A40000260704710381F2803D80121814001480160704700E100E010E000E0B0B5084DF4
:209A60000024A8420AD8001D80B203F059FD002804D0691C09B200F0AAFB04462046B0BD70
:209A8000FBFF000010B50446C06C002804D0A066F3F70CFC0020E064206D002805D0E06669
:209AA000A06EF3F703FC0020206510BD10B50446FBF760FD2046F9F789F8002C06D00448BA
:209AC00000780021E172A1726172207210BDC0460B6A0020B0B5084D0024A8420AD8401DB3
:209AE00080B2F9F767FB002804D0691C09B200F06EFB04462046B0BDFAFF0000B0B5084D7D
:209B00000024A8420AD8183080B2F9F753FB002804D0691D09B200F05AFB04462046B0BDFE
:209B2000E7FF000080B5002801D001798180044804490160044800780121EFF743FB80BD55
:209B4000EC690020899000006369002080B507490A6880001018064A12681206920D821ACF
:209B600000DB104600F0E6FC80BDC046BC110840BC100840B0B50D46044600F003FC06CDB2
:209B8000083D002902D04A606A6800E06260002A00D01446216001F039FDB0BD010C074AA0
:209BA00013464B4380B25043054A4A438018C009DE30400AC018400A7047C04612830000F0
:209BC000986E000007480178074A18320020814205D01378FE2B03D0401C0C32F7E7084617
:209BE000C0B27047066A0020B46100201CB5074C019401ACA17022809900091D89B204233D
:209C00002246FDF787FD024908701CBDFFFFFF96C070002010B504460220C043002C09D0AC
:209C2000002A07D0204608300EC00348214600F0A5FC002010BDC046E868002010B5C10685
:209C4000C90F8206D20F4306DB0F0406E40F5118C9180919020700D5C91CC00500D5091DA4
:209C6000084610BD014603200A460240032A01D1822070479200034B9A58034B9A61998140
:209C80007047C046CC0F0300F0600020B0B50546012000210322F8F7EFFD0446002D07D079
:209CA000002C05D0002120460A460B46EDF7FCFD2046B0BD80B507480068002806D0C08899
:209CC000FBF76AFF002801D0343000E00248007880BDC046D8740020136A0020BFB5044620
:209CE000808800290AD0E18822896389A4890025009401950295FEF72DFCBFBD3B2100F060
:209D00002FFBBFBD01460748027807480068521C2838521E04D0038D28308B42F9D170478E
:209D200000207047156A0020686900201CB50B4608884988012488420AD8002808D05A1DF1
:209D40001B7900240094F5F7A5FA002800D10A2420461CBD1CB50B46088849880124884254
:209D60000AD8002808D05A1D1B7900240094F5F791FA002800D10A2420461CBD01460748CB
:209D8000027807484068521C0838521E04D0038908308B42F9D1704700207047216A0020CC
:209DA00010710020064902220A7001214907054A1161054B18601068084310607047C0462A
:209DC0001D760020440008402821024006481521016001208002054908600548016809229A
:209DE0000A4302607047C046B82008400C0008401C210240B0B500280CD00C460546807905
:209E0000FDF7FCFB284603F0EBFBFE2C01D0DFF73BF9B0BD002001F035FDB0BD10B50748DA
:209E20008078FF2806D0064800780124E103EFF7C9F900E00024204610BDC04620690020D0
:209E40006369002010B50A46002400290AD0014605480078FBF728FF002803D08E20FAF71B
:209E600007F80D24204610BD63690020B0B5002500280DD004460C3080B203F0C9FC00286C
:209E800006D0002101600481FF2181720C3005462846B0BD07480168002909D0064800293F
:209EA00007D04A68824200D3024609681046F6E700207047F46900208EC2F52810B5642884
:209EC0000BD807494C6840036421FCF709FB01214903081A80B2A04710BD042010BDC0466F
:209EE0009464002070B514460D460646B0694119304622462B46FDF7CDFD002805D0B06996
:209F00004519316A30468847F0E770BD10B5031F012424061C600346083B196001460C39BC
:209F2000034B0B60014620390A60403810BDC046A1C90200084802681020002A0BD0D16E79
:209F4000002908D0926E002A05D0087A9C21515C884200D308467047D874002080B5F8F7E3
:209F600033FC002801D0082080BDFAF783FB04480078002801D0002080BDEEF743FA80BD6C
:209F8000326A002010B508494A78FF2A0AD00C78FF2C07D0D31CA34200D32346002800D19B
:209FA000531C4B7010BDC0469863002080B5084A1268002A0BD0012909D1D188814206D18C
:209FC000F5F7E8FC0120FFF7DDFFFFF7C7FB80BDD8740020BCB5134604466D462970681C79
:209FE0000622194602F0ACF8034B082120462A46F9F7D9F9BCBDC046F5A1020010B504460F
:20A00000032001F005FF002807D0024603480480034800780121FBF747FE10BD1A76002079
:20A02000346A002080B5022200280DD000290BD0427883781B029A180A808B1CC11C082244
:20A04000184602F07DF80022104680BD80B50268054B1A604268054B1A608068044A106003
:20A060000846F6F769FF80BDA0750020A4750020A875002006480121017001710172054842
:20A08000002101608160044941600721016070472C75002010E000E07FBB0000084880F3A1
:20A0A000088800BF00BF03F00DFD002801D0FDF76DF80020FCF7D4FF012003F015FDC04631
:20A0C0000090002010B50C460978017061784170A1788170E178031DC170611D2279184612
:20A0E00002F02EF82079001D10BD1CB504460F2003F0F8F800280AD001A810210122FBF7A7
:20A1000089F8002803D001990C70F9F7DDFA1CBDB0B50C46054602F027FA21460C3900222A
:20A120000A602968002902D00D460C3DF9E72C6002F0A6FBB0BD70B51C46154606460846A5
:20A14000FDF7D4FDFF2806D0014630462A462346F1F7EEFA70BD0020C04370BD70B588B0FD
:20A1600004466D462021284603F016F82068002631462A463346E8F775FC5820265408B02A
:20A1800070BDBCB50C460546088801A9FBF7E4FA002807D0014601A8028828462346F0F743
:20A1A000BFFBBCBD0120BCBDB0B50546006E002800D0B0BD7D20C400204603F029FB2866E3
:20A1C0000028F6D00021224602F0E1FBB0BDB0B50D460446FCF7DCFD002809D00146601B3C
:20A1E0000A460832904203D389885118884200D92046B0BD80B5022200290CD000280AD0DD
:20A2000009220A7002788B1C4A70411C0622184601F096FF0022104680BD7047B0B514462A
:20A220000A460146054802F052F819252846214601F0FAF92846FFF7FDFBB0BDCC660020EC
:20A24000E0B50B460979102901D0022906D10021009103491022EDF70DFC8CBD02208CBDB9
:20A26000C5A00200E0B50B460979102901D0022906D10021009103490822EDF7FBFB8CBDB8
:20A2800002208CBDC5A0020010B50446006802222146FAF763FB20680121C907884204D083
:20A2A0006068002801D003F04BF910BD10B50B4613439B0709D0491E002A08D0531E441CB8
:20A2C000007888541A462046F6E7F5F7D2FB10BD1CB5F4F7C5F8044601AA212010700420AE
:20A2E0005070947002480321F6F764FC20461CBD21FC00007FB508AE70CE00940195029699
:20A30000EBF7FAFA04460349F9F7B6F9204604B070BDC046132000001CB50446F7F7B6F8FB
:20A3200001AA10705470200A907003480321F1F7B5F900201CBDC0461B2000001CB50446AA
:20A34000F9F754FE01AA10705470200A907003480321F1F7A3F900201CBDC0461A20000076
:20A36000BCB50446FAF7CEFC054601AA10705470200A907002480321F1F790F92846BCBD3D
:20A380002120000080B507480068C00505D0EFF31080012181F3108880BD01F049FF0020C0
:20A3A00080BDC04604ED00E07CB50C46054601AE69463046F8F78CFB3078287000010249E5
:20A3C0000818C46000207CBD54610020F8B51C4615460E466946FDF7BDF80746002805D1AA
:20A3E000009831462A462346F3F7C2FF3846F8BDE0B501AA108068460180054800780128AA
:20A4000004D1012001A96A46F6F7B0FF8CBDC0462D76002003220B469343042B08D10C22BC
:20A420004A43044BD218303A11809070002070470220704708650020B0B5F5F74BFFF5F797
:20A440007DFF044C044D10222046294602F0D8FD6560B0BDF8670020F872002007490A7804
:20A4600002704A7842708A788270CA78C2700A7902714979417100207047C046406900207E
:20A48000B0B505461220002D0BD00C46002908D0002C05D002F044FF2870641E6D1CF7E7C8
:20A4A0000020B0BD07490A7802704A7842708A788270CA78C2700A79027149794171002065
:20A4C0007047C0463869002010B5074801688A0105D40122520611430160782400E000244D
:20A4E00002F08AFE001910BD70340840074A526812094A430121CB03D218120C8903401881
:20A50000C00B5043C018000C7047C046807500200648017E7E2906D1417E408B0004090243
:20A5200008187E30704702487047C046587300207F00FFFFB0B50C460546FFF723FF0549BF
:20A5400069220A800A880A88256068220A8001F05DF8B0BD08200940B0B50546FFF712FF4E
:20A560002C68002C06D021682960002900D00D460021696001F04AF82046B0BDB0B50C4640
:20A580000546FFF7FFFE002121606968616000292A4600D00A4614606C6001F037F8B0BDC3
:20A5A00080B5064906484864022088660120886382020A60FEF716FE80BDC046581000401F
:20A5C00080841E8010B50146064C6069002802D1086802F02BFB606100F006F8F7F7D4FAC4
:20A5E00010BDC046F0600020002807D0017A012906D10168002905D04889704700207047D7
:20A60000408970474189C089081A7047E0B507490968C90503D001A9F6F7C0FC8CBD00211A
:20A620000A460B46EDF740F98CBDC04604ED00E0BFB5002203920C684B688A68C968890836
:20A6400003AD009201958AB22146F6F7D9FC039804B0B0BD30B514004C4325001C004443B1
:20A660006419050010002900FCF7E8FD001904000D002100280030BD70B55B420024C56FCD
:20A68000AC420AD20D6816686E401E40754020C11568754020C2641CF1E770BDB0B5002439
:20A6A000064D2046297D8C4206D2002804D1E0B2EAF758F8641CF5E7C0B2B0BD486F0020C3
:20A6C000074A927D521C0B1F521E05D0191D9B8883420B46F8D100E0002108467047C046F9
:20A6E000486F002010B50C46FBF756FA002808D0846204490B784179821D18462346FDF760
:20A70000B1F810BDC173002010B5074CA060E1600021102200F012FE012803D1A06810218D
:20A7200002F03CFB10BDC04604670020074A1278521C0B1F521E05D0191D9B8883420B466B
:20A74000F8D100E0002108467047C046216A00200A7802704A7842708A788270CA78C270A9
:20A760000A7902714A7942718A798271C979C171082070473321CA430649131D08D08A18CA
:20A78000526B002A1A46F8D1C9180863002070471320704738650020B0B50D4601240649B3
:20A7A000884207D0FBF7F8F9002802D00079284200D100242046B0BDFEFF0000F8B50C4674
:20A7C00005460026054F302E07D0BA59002A02D0284621469047361DF5E7F8BD3865002023
:20A7E00010B504460548007802F09FFD408D6107090F034A515A081880B210BD0A6A0020FF
:20A80000280F0300074982894089824204D2801A884204DA01207047101A8842FADC00203C
:20A820007047C046AA10000010B5032809D8C000054BC34081246404C4400B70147001208C
:20A8400010BD002010BDC0460102040410B5064C2068002800D010BD04482060CC21FDF71C
:20A860002FFB206810BDC046D8750020545C0020E0B5FEF70FFD72B601A8FEF713FE03485E
:20A8800003490860FFF70AFC8CBDC0460061000008ED00E080B5022807D10648016800296C
:20A8A00004D004208847002800D080BD01F0C0FE80BDC0469C74002080B50B46014640B2BB
:20A8C000002805D4002208461946F1F7A5FF03E001201A46F4F7B6FFC0B280BDB0B50546B9
:20A8E0000320C4436888002801D0A41C06E0A879FDF752FCE871FF2800D000242046B0BDF5
:20A9000010B50023102B0CD0934201D2C45C05E09A4202D180248C5401E00024CC545B1CBC
:20A92000F0E710BD064841680968002903D04068C068006801E00020C04302490862704767
:20A94000306D0020086E0020BCB5074CA5680224002D06D0AD68002D03D0069C0094A84770
:20A9600004462046BCBDC046D874002080B52020EDF746FA00280AD00021016002460C3299
:20A98000CB438260C360026142614160017780BD10B502F051FF0446EBF736FD002803D0E7
:20A9A0000120000702490860204602F0B2FF10BD04ED00E01FB51C460123DB43009301AB5E
:20A9C00007C30448406B694600232246F3F764FB04B010BD086E0020042B0CD100981178EF
:20A9E00053781B02591801809178D2781202511841800020704704207047042B0CD1009896
:20AA0000117853781B02591801809178D278120251184180002070470420704770B50C4619
:20AA200040783E3841424141CD000D2630462946FEF78FF8002801D02560267170BD1CB56F
:20AA400006214843203008216C46224600F0D0FF002802D00020C04300E0E079C0B21CBD51
:20AA60001CB50446088801A9FAF776FE002806D0014601A802882046F4F7B8FA1CBD0120A7
:20AA80001CBD70B50446468EB1B27D2045022846FBF726FD4643B1B2A94200D0401C82212A
:20AAA000605270BD80B588B002460023009301930293039304930593069308461946EAF737
:20AAC0004DFA08B080BD10B500280CD0002303720324C481012A00D1091DCAB2921D82811D
:20AAE00003828474C17410BD10B5026C002A0BD0C3689B18C3608468A34201D30368C3606B
:20AB00000846194602F058FE10BDB0B51C46049D00292B4600D013462B60E86329640121C3
:20AB20002846F1F7B7FB4C202C54B0BD80B502460220002A0AD0002908D0931C5078087021
:20AB4000481C0622194601F0FBFA002080BD0169436882689A60826853604B68834200D1E8
:20AB60004A60002202610868401E08600868704780B5054900220A6004490A600F220A61E7
:20AB800001F05CFC80BDC04620000C4004010C40B0B50546FFF7F6FBE97E0024002901D050
:20ABA000E44301E00121E97600F030FD2046B0BD80B5002808D00021417001700222082A4E
:20ABC00005D08154521CFAE7002000F05BFE80BD80B5002809D00549097801700022C2720A
:20ABE000827242720172FBF73AFA80BD0B6A0020E0B50B460988172906D3002100910349B4
:20AC00000322FCF7F7FD8CBD02208CBDC3CF020080B50649884202D102F02EFA03E001F0D1
:20AC200092FE002800D080BD172080BDFEFF0000002801D1054800E0001D0068002803D037
:20AC4000026812788A42F7D17047C0469C75002080B5072807D8054A125C0A600720114696
:20AC6000FDF777FF80BD002080BDC046B0100300B0B50446044D0120A8622020FCF7A2FC0B
:20AC80002C600248C461B0BD20210240306D0020E0B500220192054A1268D20503D001AAA4
:20ACA00001F0C0FD8CBDF3F7F7FD8CBD04ED00E01CB50446044801A92246FEF7F1F8002826
:20ACC00001D1024844601CBDB1AC02005075002080B5C00701D1002080BD0348034B0B21A7
:20ACE0001022F2F76DFF80BD086B002038100300E0B5024608461146FEF7DAF901AA10703D
:20AD000002480121F0F7CAFC00208CBD11200000B0B504C9002303604360531C0830012459
:20AD20009C4203D220C9641C20C0F9E71046B0BD10B54A1E4908D2B28218002907D003785D
:20AD4000147804701370491E521E401CF5E710BD04490968044A1268920040188018034940
:20AD600040187047B8110840B81008400038094005480721016005490A68202313431022C1
:20AD800093430B60006B7047A0110840B410084010B5064C2046FAF79BFC002800D010BD81
:20ADA0000C342046FAF794FC10BDC046DC73002010B506490A680B680F242403A3430003EE
:20ADC0002240101880B2C018086010BD1C11004010B50446EBF776FE992808D12046E0F701
:20ADE000F9FE992803D12046EBF75EFF992010BD04480068044901400448006D091A4842F4
:20AE00004841704704ED00E0FF010000086E002010B50446EBF756FE992808D12046E6F769
:20AE2000FBFC992803D12046F2F74CFE992010BD80B5044B1A46083203480449F7F7ACF91E
:20AE400080BDC04664720020FFDA020061C2020010B5064B002A06D0521E0C78C0B260409D
:20AE6000185C491CF6E7C0B210BDC0464CFF020010B504460548FAF78FFE002804D04088EC
:20AE8000214600F0E9FF10BD122010BDFDFF000010B5054C2078012805D10448406802F018
:20AEA00049FA0020207010BD2C760020387400200648C0690021002806D00068002803D04B
:20AEC000C27A002AF9D1704708467047486F00200649897D002908D00288D243028082783E
:20AEE000D2438270491E001DF4E77047486F00200649091D0968002905D08A6852898242E9
:20AF0000F8D1081D704700207047C046587500201CB5044601AB19705A7004480078009351
:20AF200000227E232146F7F7A1FF1CBD23760020054800214161012202600160034801681D
:20AF40009207914301607047182102404400084070B50446044D054E012102F0C5FB143535
:20AF6000042102F0C1FB70BD446C0020ADBB0200044903220A7001214907034A116003492F
:20AF8000086070471D7600205400084028210240B0B50F22002354B2002C08D4D4B2055D09
:20AFA0006D001D430D55035DDB09521EF3E7B0BDB0B5002808D00446001D044DA8472046F5
:20AFC0000C30A8472068A847B0BDC046F5C5020010B5002A0AD003780C78A34204D1491CB9
:20AFE000401C521EF7D11C46181B10BD002010BD80B505490A88FF2A05D108800348002166
:20B00000782201F0C4FC80BD2A7500206C5E002010B5002A0AD0521E431C00784C1C097806
:20B02000884218462146F4D0002010BD012010BD70B50C46054688B202F0EAFB064600289B
:20B0400004D030462946224601F07AF8304670BD80B5002805D0811E0978FF2903D0042058
:20B0600080BD052080BD0C3802F0DAFB002080BDB0B50C46054B02212246F8F794F9054670
:20B080002078FCF729F82846B0BDC046E9C1020080B5044800780121FCF7E0FC02480349F7
:20B0A000018080BD346A00201A760020FFFF000080B503460220002909D0002B07D0481C5E
:20B0C00006220A701022194601F03AF8002080BD80B503460220002909D0002B07D0481CB5
:20B0E00008220A701022194601F02AF8002080BD80B503460220002909D0002B07D0481CA3
:20B1000003220A701022194601F01AF8002080BD80B503460220002B09D0002907D0481C97
:20B120000D220A701022194601F00AF8002080BD80B503460220002909D0002B07D0481C7D
:20B1400004220A701022194600F0FAFF002080BD10B50C4601460220002C08D0002906D0F5
:20B160000B202070084602F0BBFC6070002010BD80B503460220002909D0002B07D0481C58
:20B180000A220A701022194600F0DAFF002080BD02460220002A08D0002906D050780870A7
:20B1A0000F2803D8002801D00020704718207047B0B50C460546002801D10448056801F018
:20B1C00037F86C6501F024FBB0BDC0460076002010B50446002801D10448046801F028F884
:20B1E000646D01F015FB204610BDC0460076002004290AD101781170417883781B0259186A
:20B200005180C07810710020704704207047BCB50D460446FAF7C0FC002805D001A90D7013
:20B220002046FFF725FFBCBD1420BCBD1FB503AC2270120A6270FE220023009301920223D7
:20B240002246F1F745F904B010BD811C03290AD30146113101D0103002D10420C0437047EE
:20B260000420C043001D704780B5016C002906D1816BC26B0A4302D158210022425441681E
:20B280008068884780BD704718B520239B1A04D8010000205B42994004E004009140DC40F6
:20B2A0002143904018BD10B500280AD004464088002806D017212046F4F7F8FD2046FCF7D7
:20B2C000B5FE10BD70B51C4615460E46FAF764FC002804D0868205864486002070BD0120A0
:20B2E00070BD012809D0832805D0032803D0022801D1012002E0022000E000200870704751
:20B3000070B504460D898E88A8B2B1B2FBF7E8F84643A91B090400D0401CE08170BD002847
:20B3200005D0410705D4C10705D001207047002070470420704702210840704710B50346C0
:20B340000020002B06D0002A05D01C78521E5B1C8C42F8D010BD012010BD10B50446612071
:20B36000205C012804D0002805D1206BFAF78AFD2046FAF787FD10BD80B502460220002AE2
:20B3800008D0002906D0531C10220846194600F0D7FE002080BD80B502460220002A08D0C5
:20B3A000002906D0531C10220846194600F0C8FE002080BD80B502460220002A08D0002963
:20B3C00006D0531C10220846194600F0B9FE002080BD80B502460220002908D0002A06D0A5
:20B3E000531C10220846194600F0AAFE002080BD80B502460220002A08D0002906D0531CFB
:20B4000010220846194600F09BFE002080BD80B502460220002A08D0002906D0531C102226
:20B420000846194600F08CFE002080BD8168002902D02320830202E0826001204302484228
:20B440004841117919439180704780B50A681278082A01D0022A03D10222E6F7C9FD80BD7D
:20B460000020C04380BD80B50A681278082A01D0022A03D10122E6F7BBFD80BD0020C04320
:20B4800080BD80B50A681278082A01D0022A03D10122EEF7EBF980BD0020C04380BD7047FB
:20B4A000B0B50C460546FEF76DFF03490D604C6000F0ACF8B0BDC0468C74002018B5009040
:20B4C000002908D0002B06D0491E5B1E0098441C00940270F4E718BDFF2807D0044A5268D6
:20B4E000800013588B4201D0101801607047C046D80E03001CB5044601A81A210122F9F782
:20B5000089FE002803D001990C70F8F7DDF81CBDE0B500F0DDFC01AA107003480121F0F719
:20B52000BDF800208CBDC04674FC00001CB5E5F75FFC01AC2070034801212246F0F7AEF8D0
:20B5400020781CBD27200000E0B500F089F801AA107003480121F0F7A1F800208CBDC046A6
:20B56000102000001CB5F8F71BFD01AC2070034801212246F0F792F820781CBD2920000086
:20B580001CB5EAF745FE01AC2070034801212246F0F784F820781CBD282000001CB5F6F7CA
:20B5A000C5FA01AC2070034801212246F0F776F820781CBD2D2000001CB5FCF757F801ACE7
:20B5C0002070034801212246F0F768F820781CBD4E2000001CB5F9F7B9FB01AC20700348E3
:20B5E00001212246F0F75AF820781CBD2E2000001CB5F4F73FFF01AC2070034801212246BD
:20B60000F0F74CF820781CBD2420000080B505490968C90502D080F3108880BD01F0F8F88D
:20B6200080BDC04604ED00E070B50C460546FEF7A9FE0646E1B22846F5F7EEFA3046FFF70B
:20B64000E5FF70BDB0B5044600F08EFF05462046FCF7B0F90446284601F012F92046B0BDD9
:20B6600010B5F2F7AFF80446002803D102480068FAF7F5FC204610BD9069002080B50346D1
:20B680001220002B07D0002905D0002A03D01846F7F748FA002080BD80B5012904D849000C
:20B6A000034A535A83435352F8F7C6FC80BDC0466C69002080B5012904D84900034A535ABE
:20B6C00003435352F8F7B8FC80BDC0466C690020027C437C1B029A18837CC07C0002C01883
:20B6E00000048018006848436421FFE782B00094014C019410BD00BFE164020080B5002878
:20B7000001D104480068806D002801D0FAF7BAFB80BDC0460076002010B50322002A08D052
:20B7200083B20007C00E0C5A641C0C525809521EF4E710BD70B50449024678C978C20349C1
:20B740000978017070BDC046180F0300D310030005484178002904D10178012901D1012119
:20B76000417000207047C0462174002080B501220A40400011180348C069C9B2EEF788FF20
:20B7800080BDC0465C71002010B5FEF7FBFD04494C6900224A61FFF739FF204610BDC04691
:20B7A000306D002010B50C46EDF76EFD002C03D00248214600F088FC002010BDF5980200C6
:20B7C00005491C310968002904D00A898242F9D1C87A704704207047486F002080B51A281D
:20B7E00006D8012181400348014201D0FDF7ECFD80BDC0460010020410B50C46FEF782FA6B
:20B80000002806D0817A4A1CA24202D180221140817210BD801EC1B2162904D840B28000C1
:20B8200002490858704700207047C04648050300801EC1B2162904D840B280000249085830
:20B84000704700207047C046A405030005490968002904D08A888242F9D188687047002085
:20B860007047C0460476002010B50C46FDF7D8FD002806D001794A1CA24202D18022114009
:20B88000017110BD80B50549002803D14A78012A00D180BD4A680978904780BD68750020AB
:20B8A00010B504242046FDF735F8204600F0B6FE002800D010BD01F0A9F910BDB0B50D462D
:20B8C00004463E21F9F7A6FC002804D04168CD704168091D2160B0BD07220240C0088900D2
:20B8E000034B5958095CD140012008407047C0460875002080B50146801F0078032803D17E
:20B9000002480078FEF7D8FF80BDC0461D6A002010B504467D20C2004A43234609330248C5
:20B92000214601F087FC10BDA7B2020010B50C46FAF732F901460120002904D0CA8AA24234
:20B9400001D0CC82002010BDFF2806D08000044908184068411E8841704700207047C0468D
:20B960005463002080B5FF2806D08200034B9A185268002A00D0904780BDC0465463002097
:20B9800080B5044A9080044A1170FBF70FFBF0F761FB80BD38680020226A002002460548C8
:20B9A0000068002805D083688B42F9D1037B9342F6D17047F469002080B50448002101604F
:20B9C00001F0C6FD0249086080BDC04674690020C469002010B580244440042C01D300F092
:20B9E000B9FD02480019007B10BDC0464C7400201CB50B460004001D03494C690092002109
:20BA00000A46A0471CBDC0469464002010B50446801EF9F76FFB024908600248448010BD63
:20BA20005C600040DC71002010B50446801CF9F761FB024908600248048010BD5860004060
:20BA4000DC71002080B502460220002A07D0002905D052780846114602F044F8002080BDE1
:20BA600010B50C46044909681831FDF7CEF801212046F1F767FF10BD0076002080B51378F5
:20BA8000082B01D0022B03D11023EDF735FE80BD0020C04380BD80B5002808D00F210170E4
:20BAA0000022C272827242720172FAF7D8FA80BD8A7802708878012801D0122000E0042071
:20BAC00009884143481C80B27047B0B50023002A05D010C820C965402B43521EF7E75842C1
:20BAE0005841B0BD70B514460D4606462020FBF761FF31462A462346F8F7C0FF70BD10B5A0
:20BB0000C36F08C10024C36F9C4203D208CA641C08C1F8E7184610BDE0B501AB1970012110
:20BB200059709A70110AD97004211A46FDF752FA8CBD10B50024002806D0C01D80B2F1F7E2
:20BB40000BF8FF2800D10124204610BD0B7825464C782402E3188C78C978090209192C46DB
:20BB60000904C918ECE2012B04D1009811780170002070470420704710B5002808D00446B5
:20BB8000007841087E2903D8F6F79AFDFF20207010BDB0B50446FEF7F5FB054601212046FB
:20BBA000FFF77AFD2846FFF731FDB0BD80B5002A07D0042803D0012803D1022000E00020C5
:20BBC0009047002080BDB0B50446FEF7DBFB054601212046FFF76EFD2846FFF717FDB0BD9E
:20BBE00010B5130607D0521E4B1C0978441C017020461946F5E7084610BD0CC90839002A6B
:20BC000002D053604B6800E04360002B00D018460260704780B50A46014640B2002801D43C
:20BC2000012002E00020F3F70DFEC0B280BD10B500220F2A07D803780C785C400470521CC1
:20BC4000401C491CF5E710BD04490A6802604A6842608A688260C968C160704790000C404C
:20BC600004490A6802604A6842608A688260C968C160704790000C400168044A11604168C5
:20BC8000516081689160C068D060704790000C4080B5F5F793FEF7F78FFD02480121017025
:20BCA00080BDC0466770002004490A6802604A6842608A688260C968C160704770000C403C
:20BCC00004490A6802604A6842608A688260C968C160704770000C400168044A1160416885
:20BCE000516081689160C068D060704780000C400A7802704A7842708A788270CA78C2700E
:20BD00008888001D80B270470A7802704A7842708A788270CA78C2708888001D80B2704727
:20BD2000E0B50B460021009102490122FBF762FD8CBDC04679C40200E0B50B460021009186
:20BD400002491822EBF796FE8CBDC046E7D40200E0B50B460021009102490422EBF78AFE69
:20BD60008CBDC0468DC40200022B07D1009811785278120251180180002070470420704781
:20BD80000420042B07D30121194004D1009859088180026000207047022B07D100981178CD
:20BDA00052781202511801800020704704207047E0B50B460021009102490C22EBF75AFEBE
:20BDC0008CBDC046A1C4020081B00B2806D1684601210170684600780028FBD101B07047AF
:20BDE00010B504460A784B880248214600F06CF9C0B210BD5D38010080B501F0C1F90349D8
:20BE00000968401A411E884180BDC046846900200E2803D840000349085A7047004870472A
:20BE2000FFFF00003873002010B5044C207001F00BF920780521FEF7EDFA10BD146A00209A
:20BE40000C30491C491E05D0036810309342F9D11C3870470020704710B5F5F739FE0446A7
:20BE60000249F7F709FC204610BDC046060400000348016803480840411E88417047C04615
:20BE800004ED00E0FF010000B0B5044600F06CFB0546204600F0F2FE284600F0F1FCB0BD82
:20BEA000E0B513460A46034900910121F2F742FF8CBDC04661680200E0B513460A46034977
:20BEC00000911321F2F736FF8CBDC0466DD002000721014003D003480170002070471E20E4
:20BEE0007047C0462076002010B5044CA468C0024118204601F02DFA10BDC046C0700020F2
:20BF00001CB501AC227001232246FBF703FC014908701CBDC070002080B504488068FAF74F
:20BF2000BFFE002801D00220C04380BDE47400203179727912025118B279F3791B029A18F9
:20BF400012045118C000704780B5C98802480022024B00F0B9F880BD3D74020040E20100F8
:20BF600080B504494868002803D04978002900D0804780BD1072002080B5FEF7FFFA0348C6
:20BF8000006801210904F9F7C3FD80BDC0650020421A081A0349884200D30846510F00D1F2
:20BFA00050427047FFFFFF7F80B50346002901D1032200E0022200201946E8F731F880BD56
:20BFC00080B50449C968091800200222E8F728F880BDC046C065002080B5FEF7CFFA034884
:20BFE000006801214904F9F793FD80BDC065002080B504488078022801D27F2080BD01F025
:20C000004DF880BD9868002080B50449282008562922895CFFF7AAFB80BDC0465C7100205B
:20C02000044908704A78FF2A02D0824200D948707047C0469863002080B50246582001213A
:20C0400011541068383200210B46E6F70BFD80BD80B5012804D10846114600F057FD80BDAC
:20C060000846F2F7DBFE80BD10B50C46F3F7DAFD002C04D0002802D1204601F0D1FB10BDB0
:20C08000002800D10248034A506051707047C04605DB02006875002010B5044C204600F098
:20C0A000BDFD1434204600F0B9FD10BD446C002001218907024A1160024908607047C046F6
:20C0C000540008402C21024083B0C0B503AF0EC703A90091F5F79AFA88BC02BC03B0084745
:20C0E00010B50C46F9F758FD002803D034214454002010BD012010BD0146044800680028FE
:20C1000002D006224A4380187047C04680690020014604480068002803D04B22825C8A422D
:20C12000F8D1704720670020034A5268034B1B78181811547047C0464C7400201B1103008F
:20C1400010B5002A07D0521E4B1C0978441C017020461946F5E710BD03480021018003484A
:20C16000012101707047C046FC6900203476002010B5491E002A06D0531E8A5C441C0270CB
:20C180001A462046F6E710BD10B5044C2046F8F76DFE21680020884710BDC04694640020F7
:20C1A00010B513460A460004001D0249CC690021A04710BD9464002080B5002807D000212E
:20C1C00001608160C1600A460B46EBF76DFB80BD04480168002903D001680A6D521C0A6566
:20C1E000006870470076002002460220002906D0002A04D00520087010784870002070476F
:20C200000449086880690A68D26A0A239A1A09688A6170470076002042684A6093688B6006
:20C2200093685960916008610168491C0160704772B604480168491C0160BFF34F8FBFF325
:20C240006F8F70470C7600200120000703490860BFF34F8FBFF36F8F7047C04604ED00E0DD
:20C2600080B50020F0F7C0F9FCF746FEF9F7EAFBFEF78EFD80BDB0B50C460825002128468D
:20C28000FCF767FC002800D02571B0BD70B514460D460646FEF776F8B561F461FFF7B6F9BC
:20C2A00070BD0022002904D003781A43491E401CF8E75042504170470918491E884205D2B5
:20C2C00002780B7803700A70401CF6E7704770B514460D460646FEF755F87560B460FFF745
:20C2E00095F970BD10B504C91346002B03D010C910C05B1EF9E7104610BD012806D14879B4
:20C30000C02101404039484248417047002070470021102905D0425C491C002AF9D000209C
:20C3200070470120704710B50C46FEF715F9002C03D001462046FEF721F910BD04C10122E4
:20C34000C36F5B1C9A4203D2002308C1521CF7E77047022A06D10A78497809028918018021
:20C36000002070470120704780B501200002FAF71DFE002801D0406880BD002080BD00224D
:20C380000A6042684A60002A034600D0134619604160704710B50446FFF74AFFA06B444293
:20C3A000444100F035FA204610BD10B5024601200021F6F761FA0446FFF7FEFE204610BDA0
:20C3C000B0B50023102B05D0C45CCD5C6540D5545B1CF7E7B0BD704780B5C000024A1018CC
:20C3E000FDF724FA80BDC0466810030080B503490A68D207FCD1FFF757FC80BD1C000C40E6
:20C4000080B501F068F802480121017080BDC0462676002080B5002141761120F5F7C4FFCD
:20C420001020F5F7C1FF80BD0348824201D30020704701207047C0460110000080B5017F85
:20C44000002904D0002101770120FCF763FA80BD10B50C4600F0FAFA0148046010BDC0461D
:20C460002C000C4080B5C000024A1018FBF7E2FF80BDC046701003000A7802708A7842709A
:20C48000CA7882700979C170042070470A7802704A7842708A788270C978C1700420704731
:20C4A0000A7802704A7842708A788270C978C1700420704780B501460248FFF705FEC0B2A2
:20C4C00080BDC0469D57020080B50248024900F0CDFB80BD555F0020354A02000349098832
:20C4E000814201D0FF20704700207047C868002080B501460248FAF7D3FB4142484180BDDD
:20C5000070620020B0B5059C049D07462C372EC7C463FEF75DFCB0BD80B5C000024A101892
:20C52000F9F7DEFD80BDC04678100300FF2803D001218140014801607047C0467430024038
:20C54000FF2803D001221140014A81547047C0460031024082B001A80121017001A800788E
:20C560000028FBD101F0C0FA10B5FDF70BFF0446FFF70AF9210480B2401810BD002200294F
:20C5800003D008C81A43491EF9E7504250417047001F024A10800248017070471276002065
:20C5A000D1720020012803D80249087000207047122070472F6A0020002802D002494978D2
:20C5C000017000207047C04620690020C00705D048798009022801D80020704701207047CC
:20C5E0000348016801225206914301607047C0467034084010B50446FDF7C4FE00212160C7
:20C600006160FFF703F810BD01460C3101710A0EC2710A0C8271090A41717047042802D8CF
:20C620000249085C70470120C04370475469002072B60348016801220A430260FEE7C04643
:20C640002C00004080B503488068002800D0804780BDC046F074002080B503484068002830
:20C6600000D0804780BDC046F074002080B503480068002800D0804780BDC046F0740020EE
:20C68000F8B500230093019302930123E7F736FA04B080BD80B5C000024A1018F7F764F838
:20C6A00080BDC0468810030080B50348C0697D21EDF7EEFF80BDC0465C71002040B584B02B
:20C6C00002AE0096EEF77EF9029A039B04B040BD80B5408802490978F8F7F4F980BDC046E5
:20C6E000F767002080B5034800780821ECF76AFD80BDC046F767002010B5044600F0AEF8EB
:20C70000002801D02018441EA0B210BD03480168012292070A4302607047C04644000840FF
:20C7200003480168012252070A4302607047C04644000840034908680322520790438860DC
:20C740007047C0464C0008400A7802704A7842708A78C978090289184180704703494968BC
:20C760003D22D200424388187047C04620690020024907220A70024988707047226A002069
:20C7800020690020024A1060024801607047C046D4690020C869002080B50349142201F076
:20C7A0000BF8002080BDC046280E0300024609681620092903D8002901D01160002070479C
:20C7C00080B50A46024B1121F6F7EDFD80BDC046B1B0020080B50A46024B1121F6F7E3FD07
:20C7E00080BDC046D1B0020080B50A46024B1121F6F7D9FD80BDC04671B1020002460220DB
:20C80000002904D0002A02D0507808700020704703480168491E016000D0704762B6704736
:20C820000C76002080B513460A4601460148FEF7C1F880BD41D8020080B5FDF777FF00281B
:20C8400001D0807880BD002080BD80B5FEF750FB002801D0807880BD102080BD80B5FEF73B
:20C8600047FB002801D0008880BD002080BD4A09920082581F200840C240012010407047EB
:20C8800010B5040C80B2FAF729FA2046FEF7BEFE10BD10B50446002802D10020FEF7F2FF89
:20C8A000601C10BD806802680A60406848600120C002886070470B9A8118805C49780902BB
:20C8C000081810A908807047606B010A020C030E20706170A270E3707047B86B010A020C92
:20C8E000030E38707970BA70FB707047A06F029989004258D24342500298401C70470143E5
:20C900001180000C907002201099014310917047000240184B2149010A466432424355182B
:20C9200070470098002801D00B207047002018800120704780B5FEF789FF002801D08068AA
:20C9400080BD002080BD80B5F9F726F9002801D0C08A80BD002080BD1CB501AC00202070EE
:20C960002046FFF729FE20781CBD80B5F9F714F9002801D0807C80BD002080BDE0B501AAC2
:20C980001070517002200146EEF70EF98CBD10B50B46044611461A4600F0C8FA204610BDBC
:20C9A00081B00020009072B600980028FCD001B0704710B50446FFF73BFCE469FFF728FFD4
:20C9C000204610BD10B50446002802D10020FEF759FF204610BD80B54621415C002900D048
:20C9E00080BDF9F74FFA80BD10B500239A4203D0CC5CC4545B1CF9E710BD80B50B460321DF
:20CA00004258C11D184600F0D7FE80BDB0B502493CC93CC0B0BDC046880E0300B0B50249D1
:20CA20003CC93CC0B0BDC046980E030080B502491C2200F0C1FE80BDE00B0300B0B5024991
:20CA40003CC93CC0B0BDC046A80E030080B541680148EFF7ADF880BD50000C40B0B504466F
:20CA600001252846FCF7BEFB2577B0BD80B5024A1160FFF7F3FF80BD20000C40B0B502493A
:20CA80003CC93CC0B0BDC046B80E030080B501460148EFF78DF880BD90000C400A7802701C
:20CAA0004A7842704888801C80B27047E0B50021009119220B46FAF79DFE8CBDE0B500214F
:20CAC000009113220B46FAF795FE8CBD80B50368416801221846F7F741FF80BD80B50248BE
:20CAE000FDF794FD80BDC04670620020B0B502493CC93CC0B0BDC046C80E0300024840688D
:20CB0000411E88417047C0464875002080B5EFF751FC002801D0F2F781F980BD002804D056
:20CB20000021CA4306C00121017070470178024A1170407850707047D672002080B502485B
:20CB4000FFF727F880BDC046CE07000080B50248FFF739F880BDC046CE0700000248018817
:20CB60000029FCD07047C0460420094080B50346002208461946F5F77FFE80BD80B50B461D
:20CB8000014610461A46FEF763F980BD80B58900091D89B20423FFF7A7F980BD1CB501AC73
:20CBA00001232246FFF7A0F920781CBD80B502488068FDF72BFD80BDE474002033460646EC
:20CBC000188959891A460D321B7B70474343019A90680121C9070140C8187047628921896E
:20CBE000481C80B282423746079E7047A26FE06F8000295882185268002A70471CB501ACEE
:20CC00000221204600F0C0FC20881CBD80B502480069FBF74FFE80BD1072002080B50146DC
:20CC20000148FCF7A7FF80BDE8680020002804D0017A022901D10068F8E77047012801D8F1
:20CC4000014908707047C0463C760020012801D8014908707047C0463E76002080B50249AE
:20CC6000142200F0A9FD80BD000E03001CB5044601A8FDF799FB019921701CBD80B50028ED
:20CC800003D008380068F9F7FDF880BD10B50446801CFEF771FFFF20E07010BD0248002140
:20CCA0000160C9430161704744000840024800210160C943016170478400084002490A68E8
:20CCC00082430A607047C046440008400248016802220A43026070478410004002490A680E
:20CCE00002430A607047C04644000840024800683F21890688437047A41000400021C943F8
:20CD0000014A1161106070478400084010B50446407AF5F7D5FCFF20607210BD80B5F8F7FB
:20CD20003BFF817C08394842484180BD02490878002800D08868704738680020024948600E
:20CD4000002008707047C0463875002080B502480021F7F727FE80BD01D8020080B5C06889
:20CD6000002801D0FFF737FE002080BD80B502480068FEF72DFA80BD0076002002480068AA
:20CD80008546FDF775FD70470061000080B50146103102462032FEF771FC80BD80B50028F7
:20CDA00003D0002901D000F0EFFB80BD8268024B13400B4383607047F73FFC0080B50A4666
:20CDC00003214158104600F0E7F980BD0A8849884A430170501C80B270470A8849884A438D
:20CDE0000170501C80B2704780B5014640680722F7F7B4FD80BD80B5014600200622F7F792
:20CE0000ADFD80BD002A03D008C908C0521EF9E7704780B5C16202638363FDF7F9FF80BDC2
:20CE200080B501210904FDF733FF002080BD80B5002802D00068F4F739FA80BDBCB5069C06
:20CE400005686D6A0094A847BCBD05903D460C35002106222846FFE782B00094014C0194F4
:20CE600010BD00BF3DB302003D20029948700120079008707047039A107881210902401873
:20CE800010807047206FE16DCA19A36FE16F0091704708984089401C80B249888842704798
:20CEA000A17909980278438880880090704708984089401C80B2118A8842704738463268F8
:20CEC000910078186D1C277870470F2101407D2042014A43A118704708984089401C80B20D
:20CEE000518888427047206EA16E274674378CCF009770478078A1682B4600257657009680
:20CF000070470A9B19889A78120489180002704780B5002001220146E7F782F880BD002915
:20CF200003D0002204C0491EF9E770470B4611461A4680B500F032F880BD80B541698069DE
:20CF40008847F5F7E9FB80BD10B57D24E400624300F070F910BD0021425C491C002AFBD1C6
:20CF6000481E7047012901D91620704701610020704780B50A4601460120EFF7C6FF80BD95
:20CF800080B50A4601460220EFF7BFFF80BD0021425C491C002AFBD1481E704700239A428C
:20CFA00002D0C1545B1CFAE770470021016041608160C16070470021016041608160C1607A
:20CFC00070470A78027049784170022070477047014908607047C046C0750020014908602E
:20CFE0007047C046C4750020014800687047C0460421024004230370416082600020704752
:20D000000223037041608260002070470021017301604160816070470148401C7047C0468D
:20D02000B0720020014908607047C046F4750020014908707047C0462276002001490870BD
:20D040007047C04638760020014908707047C046176A0020014908707047C046186A002004
:20D06000014908707047C046196A00200A7802704978417002207047014800887047C046C1
:20D0800012760020014800787047C04624740020014800787047C0463776002001480068B6
:20D0A00040B270471C320840014908807047C0469675002010990888401E0880000470479D
:20D0C0004019001F006852420023FFE782B00094014C019410BD00BFBDC60200A26F0832CF
:20D0E000204629462B46FFE782B00094014C019410BD00BFBDC9010001431180000C907068
:20D1000002207047A16EA36FE26F00920A462847115C1046483002792046FFE782B00094AB
:20D12000014C019410BD00BF155E010001480168816070474C2000400148C0687047C046E9
:20D1400010720020002802D00068002101707047014908607047C046BC7500200148007801
:20D160007047C0463C760020014800787047C0463E760020014948707047C0465673002026
:20D18000014800687047C046007600205821405C411E4842484170470A46002180B5FFF7B1
:20D1A000FDFE80BD80B5FBF74DFAFBF729FF80BD014908707047C0461D6A002001481130C2
:20D1C0007047C046B0720020014800787047C04604670020014908607047C046FC75002047
:20D1E000014948607047C04660750020014908607047C04660750020014800687047C046B9
:20D200000021024001490868886070478C000840014908707047C046206A00200148007894
:20D220007047C046216A0020014908707047C0462F7600201CB500240094EDF7E1FE1CBD1D
:20D24000014988607047C0466C74002088790321081A00D20020704780B50021C943F9F79D
:20D260001EFB80BD002101604160816008467047014901607047C046D4670020014948609A
:20D280007047C046D874002080B50B200021FEF79BFD80BD80B52421FFF77EFF80BD80B5BB
:20D2A0000068FFF7B7F880BD80B50068FFF7B2F880BD80B50F22F7F751FB80BD002101604B
:20D2C00041608160704780B51121FFF765FF80BD80B50022F2F770FC80BD80B50021FEF7E3
:20D2E000FBFA80BD80B50121FEF7F6FA80BD80B50221FEF7F1FA80BD80B541688068884779
:20D3000080BD80B50C38FEF7BFFD80BD80B50421FBF710FA80BD80B50821FBF70BFA80BD44
:20D3200080B5F9F79DF8C0B280BD80B50021EBF7A9F980BD80B501680968884780BD80B51D
:20D3400003689B68984780BD80B50268D268904780BD10B50468E469A04710BD2420315C53
:20D36000491C31547047801C61412A463B46FFE782B00094014C019410BD00BF55A60200C6
:20D3800010889178090440187047E16CA36FE66F0096284707984089401C80B270472560E5
:20D3A0000220A071A068FFE782B00094014C019410BD00BF1DEE0100A36FE26F00920A46C7
:20D3C00070470F98008910A9088070479259A36FE76F00977047A36FE26F00920A46304711
:20D3E00005460F46029A3346C2E7E16E0690079108907047552080000699085AF4E2002017
:20D4000070470020704700207047002070477047A36FE26F00920A463047A36FE16F00916A
:20D42000314638479259A36FE56F0095704780B50322E6F7AFFC80BD80B50121EDF7F4FC0F
:20D4400080BD401A400F411E8841704780B50122EFF7B0FF80BDC0B27F38411E88417047D5
:20D4600080B50120FBF756FA80BD80B50120FBF7B9FE80BD80B50420FBF7B4FE80BD80B52C
:20D48000162000F059F880BD80B5172000F054F880BD80B5142000F04FF880BD80B50721B9
:20D4A000ECF788F980BD80B5001DECF701FE80BD80B50321FFF7BBFF80BD80B5D1B2F6F76F
:20D4C000C5FE80BD1178423948424841704780B5FEF7DEFB80BD80B5FEF7DAFB80BD80B5CD
:20D4E000FEF7D6FB80BD097801700120704708888004000C7047481E81418800704770476A
:20D5000000487047C868002080B5FDF72FFA80BD80B5FFF721FA80BD80B5ECF71DFD80BD3B
:20D5200080B5FCF7EBFA80BD80B5FAF74BF880BD80B5FCF77FFA80BD80B5F6F70BFD80BDB6
:20D5400080B5FEF7A1FC80BD80B500F0E7F980BD80B5FFF749FD80BD80B5FEF773F880BD05
:20D5600080B5ECF7F1FF80BD80B5DEF7AFFE80BD80B5F2F77BFE80BD00487047E45E00203D
:20D58000004870478868002080B5FBF7D3F880BD80B5F2F737FE80BD80B5FBF7B3F880BDAE
:20D5A00080B5F8F75DFE80BD80B5E4F763FF80BD80B5F1F7F7FF80BD80B5EBF73FFD80BD20
:20D5C00080B5F6F799F980BD80B5EBF799FD80BD80B5F5F7FEF980BD80B5FAF797F980BD28
:20D5E00080B5E6F77DFC80BD80B5E9F729FE80BD80B5FFF7B3F880BD80B5E2F7ABFB80BDE6
:20D6000080B5E5F723FF80BD80B5E5F7CDFF80BD80B5F3F703F980BD80B5F4F7F7FB80BDD9
:20D6200080B5DDF71FFF80BD80B5F8F7F9FA80BD80B5E8F76BFE80BD80B5FDF733FA80BDE5
:20D6400080B5E0F721FE80BD80B5DAF74BF980BD80B5FAF76DFD80BD00487047FFFF000011
:20D6600080B5FCF7DBFB80BD80B5E1F785F880BD80B5FBF7F7F980BD80B5F6F763FF80BD93
:20D6800080B5F6F785FF80BD80B5F4F769FF80BD80B5FFF76DF880BD406800210170704724
:20D6A000069829462246FFE782B00094014C019410BD00BF7DB60200123108222846FFE7E5
:20D6C00082B00094014C019410BD00BF11B0020011980078012870479020215820465BE583
:20D6E000A36FE56F00953047284632462346FFE782B00094014C019410BD00BF159C02009C
:20D70000C11D06222846FFE782B00094014C019410BD00BF41C1020029784C4321463BE5C0
:20D72000024020462946FFE782B00094014C019410BD00BF01BF0200A36FE76F0097304780
:20D7400000202146069AFFE782B00094014C019410BD00BF35BF0100A36FE66F0096FFE7B0
:20D7600082B00094014C019410BD00BFF9CD0000204629462A46FFE782B00094014C0194DC
:20D7800010BD00BF81480200A36FE76F009770470399049F3A46B7E700210172C1607047B3
:20D7A0008022805808607047002101704160704780B5FDF76DFB80BD80B5FFF715F980BDA2
:20D7C00080B5EFF7B5FD80BD80B5FBF755FE80BD80B5FBF751FE80BD80B5F9F7EFFF80BD85
:20D7E00080B5F9F799FA80BD80B5EFF76BFF80BD80B5FFF701FD80BD80B5F6F739FB80BD79
:20D8000080B5F7F7DFFD80BD016848424841704780B5FFF7A1FE80BD80B5FCF7E3F880BD52
:20D8200080B5FFF78DFE80BD80B5FFF7E7F980BD4160826000207047EFF3108072B6704702
:20D8400080B5F1F729F880BD0138FDD170478170028070470120C0437047B28A0123FFE744
:20D8600082B00094014C019410BD00BF112602000A460B4600E0704782B00094014C01945B
:20D8800010BD00BFA9780100FF22204600E0704782B00094014C019410BD00BF45D801006A
:20D8A0002846214600E0704782B00094014C019410BD00BFA5C80100A36F009500E070471C
:20D8C00082B00094014C019410BD00BF55CC000020463B4600E0704782B00094014C0194CD
:20D8E00010BD00BF79A60200285CA98900E0704782B00094014C019410BD00BF4D77020034
:20D9000040B240107047012080057047401A80B2704780F31088704708887047012070478D
:20D920008160704772B6FEE7006870470120704701207047122070470220704701207047D9
:20D94000012070470120704700207047012070470120704701207047012070470020704709
:20D960000020704701207047012070470120704701207047002070470020704701207047EA
:20D980000120704701207047012070470020704701207047002070471120704711207047A9
:20D9A00000207047112070471120704701207047012070470020704700207047002070478B
:20D9C000002070470020704700207047002070471046704700207047012070470020704758
:20D9E00000207047002070470020704701207047012070470020704700207047012070476C
:20DA00001E20704706227FE61020FFE782B00094014C019410BD00BF356F02000198FFE715
:20DA200082B00094014C019410BD00BF15F601003146FFE782B00094014C019410BD00BF15
:20DA4000E16402000098FFE782B00094014C019410BD00BF0DB602000846E1E60123FFE6EA
:20DA60000220D3E72046FFE782B00094014C019410BD00BF91EE01000020FFE782B00094FE
:20DA8000014C019410BD00BF85B802000420BDE70120BBE70D30FFE782B00094014C019483
:20DAA00010BD00BF11C302002046FFE782B00094014C019410BD00BF35D800000820A5E7C3
:20DAC0001430704701207047002070470020704700207047401A704700687047006870479F
:20DAE000007870470170704700BFFEE7704770477047704770477047704770477047704705
:20DB0000FEE770477047704770477047B00300001E60007000007E635A6387638B6376639D
:20DB2000000000000000000000000000000000000000000000000000000014614E62FF6061
:20DB40000000000000000000070707108272E4679A7222B870B00071827290B0C080A01EB8
:20DB60008B4F9A72301E2C489CC02A6779B057895B6441C097B091911CC02A6770A3C0811D
:20DB8000101E7A477AB00B12C080301601110114016C79604B604B607E60AE60DA6222615B
:20DBA000DD619A61AA6102129763106D1016106E0070B1841122514079846995D184011E1A
:20DBC000564499850070979370B391B00070908D3022D247CE8780870E18101A6B48401EDA
:20DBE0008F4F81876968848785873E1A007071C0C2797460F1C0D279919481947195A294DD
:20DC000000708072229841B030904B607A8C8BC3BB269E601CC02A67C08130227A4341C09B
:20DC200097B0919167895B641CC02A6770A3C081101E7A470070CA673E12CC670E1E9A40F2
:20DC40004D2A5F64D667B4643B2A4A8970A33B22A2447AA003129A729A66D467808A501CBB
:20DC60005E4BBE66CE676266CF6493600BC39360D1CB4D644BB0C660008A01101039100889
:20DC80001022B0405D2AC1CB0422C2401422C2404D645D267D22C64051CC4D647D2A0D9AFA
:20DCA000F1643D2A0D9ABB22D644826400701B226447CD66BB22D640826400705080A022BE
:20DCC000DC402B22DC405B2AB0101031B00050224B408264B08902107006EA4032397206D8
:20DCE00002087443007010CC061CF044CD6678630070F0A08CC02A677CC02A6750C09091D8
:20DD00003789618917185B6431CC4D6400700165DA63AB220845908A40220F41C667007027
:20DD2000C467908A20220E456B2E8B2A0070C88A671266CBE26707619A72F3C09212A36731
:20DD400023B022B070A37AB00A12AB22E541DB2264472761F3C0AB267A8C276170A3A47267
:20DD6000C0679A66D4677F61BE66908A30223641DB2236459B2236417B2A9B2ADC67626639
:20DD8000EB640B2214457B225C456B225C45208A00225241EB225241CD66DB224B445080B4
:20DDA000A0225A472B225A478264108A101A6349109A1461A08950226847308A20224B44C8
:20DDC000408A40224B441461A08950226847308A202214416863109ACA676712A96700C485
:20DDE00004041431B08A603104003416549DCEC0E51050C001CB126DD29711167369D26749
:20DE0000F164DB264A89F3C08264549D2661DB223342308A20229145431E624750C2501CFC
:20DE2000624B651E624B588D7839671236CBE2672C61AB229741731E62476F64D863831E91
:20DE40006247956170A37AB0F3C00A129A66D467BE6607126266EB64CD668264908D4022F0
:20DE60009A454B60AB260A12908D0022C441778DA79392B078B3C46172B07AB05080A02239
:20DE80005A472B225A4700715F800F2245472F227E4392B072A07AA0CA675F64D267F164E4
:20DEA00082641A166712908D2022D24557121022D245D361A967808D001ED8410A1C4B4072
:20DEC000908D4022B44578A34B60F3C0708A001EE44192B072B078B30A12C2679A66D46705
:20DEE0003362BE66DC676266EB640B2214457B225C456B225C45CD66831E7043731EFE45C2
:20DF0000308A20224B40DB22FE414B608264CA6746105F6492B072A078A3908A40220F4227
:20DF2000F1866116AF67742A66220F427426708A001E1C42F186E38640C10114E196628AFD
:20DF40002239D297E396E396D267F164308A2022794570638264CA6746105F648189212273
:20DF60003046F1869116AF67742A662230427426D267F1647063EB2A308A10223942731E57
:20DF80004C42308A00224542808A501C1449131E5042031E5842AB2246461461231E594295
:20DFA000631E5842731E14456F64D86372645F62C51E14450165A88A7712D6CAE2675F62B0
:20DFC000EB2650C2501C1449651E14490165AB222C45E961A08950226742402AA099482236
:20DFE0006A42709758226E4240817097682272423081709778227642C08C70978822804275
:20E0000040867097803970975086709780397097A18631068742301210187197856AE06707
:20E0200061104D64A367A967671E8F464DB0C08C609C6110A2CB211800C0102440900D9A83
:20E040009DB000709B2A8B2A7B2A6B2AC8670A1EA442A7105B6471B0BCC098B02A6770A313
:20E0600071A07AA09CB0CCC02A675164941045108431843985395E102E1600706F641E1A01
:20E080009CB0CCC02A6751647997D0631E1EB642D04B2E1AD04BFF22C9429CB0CCC02A67D8
:20E0A0009FB05164B9975F80BE628CC02A6710C090917CC02A67C081001ED14250C09091CF
:20E0C00025720070F3C07AA0CA675F64D267F164B08C001E4B40FB224B4482644A89C06779
:20E0E000C26770A39A66D467F962BE669B2ADC6762661863C667908A1022F8466B2E8B2ADA
:20E10000126320C2531E0543C0C0331E05436263C88A671266CBE2671263501C6247B08C06
:20E1200020220047531EF242C467908A002212476B2E8B2AA88A7712D6CAE2679B2AED62EB
:20E14000EB640B226447CD667B224B44531E2743331E4B446B224B44FB268264DC626B2290
:20E160006C434B607180C124719000715F800F224547AB223D472F223D4392B06A8A1A1AD5
:20E180004A1E3B4F7A8A6A9A2D63C1287190CF207E430112C124919000702B26C280121E0F
:20E1A0008743221E8B4790B0A1225A472D635712A96770A353633B2256475E6312C000C8B8
:20E1C000BA67976372C010C8BA67976322C020C8BA6797639212A36732C030C8BA67976367
:20E1E00032C040C8BA679763FB26308A2022224642C050C8BA67976362C09763A2CF9363CD
:20E2000092CF9363B2CF60C8BA6793639F2287471F224F47AF225A472B225A478F63C2CF9E
:20E2200070C8BA679363E2CF80C8BA679363F2CF90C8BA6793639B6721B84FB022609B67F1
:20E2400020B840B0226050C09091E667C08130229E43329800704088026E81C6011CA347C2
:20E2600000704088076E81C6011CA9470070E386E19620C031CB126DD2971116B36BE396CB
:20E28000E3960070209410840022BB4700B4007010B0086010B0096010B00A6010B00B605F
:20E2A00010B00C6010B00D6010B00E6010B00F6010B0106010B0116010B0126010B01360E2
:20E2C00010B0146010B0186010B0196010B0026010B01B6010B01A6010C0909123B022B06C
:20E2E0000BC070A378A30F721772077208722081001EEF43C081001EF24309730A7300703A
:20E30000000000000000000000000000000000002860000000700000000000000000000005
:20E3200020632463286335633361236146617161916055603A62376058620000000000008C
:20E340009962DC621A62426300805A045B045C045D049A049B049C049D04070707100000C2
:20E36000A0C80E6716636995D184011E2C44998569940070698DFCC0EA642B6432600D228A
:20E380003B40242A3C6024262D224144342A1D2A436034261D265080A02250442B2250440E
:20E3A000A08C00224D4044265160102250445160442A4B26442255444B2A3CC0EA641CC077
:20E3C000EA6470A3F0B098B097B0908D302232448531540049102B647560F18631066C40A7
:20E3E0003012101881876A68146311651E1A89879FB0FCC0EA642B6486601E1E6D4086481F
:20E400002E1A86485F80CF2283409FB0FCC0EA649CB0DF221E47C9872B6475601165478552
:20E42000588579102B64873979102B6489102B6465601165507AA0949CB020C09889382207
:20E44000A040CCC0EA64E0649CB079979968A560CCC0EA64E0649CB0A0682789E0800022B8
:20E46000AA401789618917186D65821226CC0D8ACB22B744CB264A86EA9C5186F19C0189ED
:20E48000211EBF48E08031120022BF442112A08901002085001EC8443085001EC844D7602C
:20E4A0002126A199B0C80E675712E6CB0822D14092120B22D5440B2614631B261463A19915
:20E4C0000B2ABB22DF444186819C5186919C1463B1841122E04079846995D184011EE54488
:20E4E000998500707180C124719000715F800F220745AB22FF442F22FF4092B0DA9C6A8A9E
:20E500001A1A4A1EFC4C7A8A6A9ADA8CED60C1287190CF2016430112C124919000702B2650
:20E52000C280121E1A43221E1C4790B0A1221847ED6071C0527A1661F1C0627A919481947F
:20E540007195A2940070E1892195F1893195C18901955172007097C16D651B6521C0008988
:20E560004031010097B0919198B093B01191146551C0C1921463F0C7C09C31C00089403141
:20E5800001009081011C3E4197B0919198B09BB01191C192146525721B6514630D8A918627
:20E5A000912253454D225741D0101039D0081022574514C15461141205120E124D26146369
:20E5C00024225C412D2600702D2A0070A089502267453026A099F6CB18226741921214633A
:20E5E0000D2A34226C410D260070979370B391B0007057125B260B229B45586540103039D3
:20E60000D00800225E41051E824506CC28228241921268653D22984540101039D008B18940
:20E6200010229C417106B199A1CB9F654CB04D22984591CB9F65B1CB5D2297419F656712A2
:20E6400044229B455B2A14638116B1991463106D1016106E0070C0C80E67D472F012126DCB
:20E66000F226126E4116A769F0CF0070549DCCC0EA64E0649CB0B997399B0B660070EA64BE
:20E68000E0649CB0B997499B0B660070EA64E0649CB0B9976E1A599B0B667CA00070D0C896
:20E6A0000E67118DC6790122CE4106266422D1411626DA79F012A26D1204261CE4414A1695
:20E6C000D369D0736B26F922E245E922E2416422E2418B2606C00070FAC00A180A9D06C0E1
:20E6E0000070E0C80E67318DC6790122F04106266422F34116261A7AF012A26D1204261C1D
:20E7000006424A16F569D2736B26F9220446E9220442642204428B2606C00070FAC00A18D8
:20E720002A9D06C00070F0C0266D961C13464A1642160C6A1962A66DF62AA66E4A164216E6
:20E740000C6A00701D666E1A14632012626D16169CB0CCC0EA64E0649CB0B997291C29426E
:20E760007B241E6A7830480878202F427B247B203942F9223946E922394274203942271650
:20E780007B2400703012031E4146542241421E16101A4304E210321632315292E110111649
:20E7A0000114D2892114B1977097101A70974E6A749775972E1A43B09CB0D081C09C1463BA
:20E7C000151E574BD666F1C3971017049110613916108631308A111E6E42694A211E73425A
:20E7E0005763DB226D4630225743786240225743AB22784675625022574320227842EB2672
:20E80000071EC9427E1C575FD6669600171A469A146506229B42671A579A575FDB22894623
:20E820005D63AB229346908A40229346C88A671266CB1D669862588D7839671236CB1D6611
:20E840006E1A468A578A1622A742671A579A575FA88A7712D6CA1D666E1A468A578A2622D7
:20E86000AB42171A575F3622AF42271A575F4622B442371A575F4B265622C442271B575F38
:20E88000918A5122C4426B22BF467B22C442F0C80E67A5B96B2A7B2A6622CB42171A575F6E
:20E8A000CB6200C90E67A0860022D1420E1ED142D66610D937940E67469A5B63CCC0EA6476
:20E8C000E06479971E1A00705B2607120B220B47AB2205478089531EF842831E0043B110B1
:20E8E0006139F10670890122EE420100B00210040B43501E0C43A01E0C43F01E0C435E6140
:20E900007B225E456B220B4300220C436B2A0C63102207439B2A7B2A0763DB22E2427B2259
:20E920005E456B225E451463A4B914632094108400220F4700B4007010A0016010A00360B1
:20E9400010A0046010A0056010A0066010A00760D179A365009D1463117AA365209D146334
:20E9600040BDDA79E279AE65DA79F279B765DA79027ABE65C76540AD146341BD1A7A227A4F
:20E98000AE651A7A327AB7651A7A427ABE65E96541AD1463821E4A47908620224B4316CCE9
:20E9A00092125B2A14630D2A34224F430D2641CC04225643142256439F657D26146320C9C3
:20E9C0000E6710A0156010A0166010A0176000006003000011600000000E700EF00EF00FF3
:20E9E000F10FF30FF70FFF0FFF0DFF0BFF09FF07FF05FF03FF011572476652B160B000711F
:20EA00001572218180B060A01210F1064239F0EFF19702986266311600111014006C2D60CB
:20EA20002D602E603760426048602D602D6054624C64001E36444F64526454625564546234
:20EA40005E62221E3F4C556464645864546252655462556452653B605B645E64408000225D
:20EA6000484454624A6450626164007010B02360007010B02660007010B02960007010B0DD
:20EA80002C60007010B02F60007010B03260007010B03560007010B038600070167283B1B0
:20EAA000F0C77098336564A0908100227144408000222345696064B084B0298260B031814B
:20EAC0004122FB446282F2062F101F312F14668210C020140D6F6A828A39FA06708280312C
:20EAE00080390BC00B181B92BC10AC18938839149B146082F0060110103110142182101406
:20EB00000C1480824039F006021011C0013010C00118021882312100C1265192E0CF626638
:20EB200080828039F006021011C0013010C00118021882312100C126419287824739873936
:20EB400003B002B023B022B062A063A04180012223453122BC40608840975587B51CE04C73
:20EB600000B28EB06EB00071012223454180E122D34490811022F9446460558700A26EA0E0
:20EB80006488449754874518751CE04C90811022C640F9604D9880810022F044C622F040C3
:20EBA00061828139513981316081803180390100619180B19F982982F91490810022644047
:20EBC0001022F9443761D0CF626600A26EA063A083B08082F006021011C0013010C00118EC
:20EBE000021882312100C126519223B003B083B063B084B064B0007141800122234583B059
:20EC000084B09081102264404022114561884197518791187198E1B1116183A180A100A2EB
:20EC200003A063A0F0C77098007080A1336529829588591400D43169C66062824239F20626
:20EC40003E6290824180012223456488449755879518759891811122F94438694180012252
:20EC60002345648844975587C51C2B4995187598908110224441F9601872167262824239E8
:20EC8000F2063E6683B164A0908100226145408000223346596183A140A07D826082F1C01C
:20ECA000100409106A824A391A046082803910040E10AB10BC10C2103E66C0CF626623B0A6
:20ECC00003B0F86563B060B064B084B023B0D865E1650071418001223346908110228D4580
:20ECE00084B031227F4183B0FE65B1657F6184B07F888F318F3DB0DFFF976266007141805B
:20ED00000122334684B090811022A64183B06182C122A145FE656182D1229445B1659461FD
:20ED2000718882888131813D8231823DA0EFF197029862665261608840975387D318BE4D33
:20ED4000F30B1316E31CD749439763873B14C361E31CD749439763873B18AB1CD34D9B1C62
:20ED6000D549BC1CD741B2106082D022D04190811022D7453E66D865D761AB10C7619B10D8
:20ED8000C76100708082F1C0100483B00071DB69BC1080B1007062884297528791881218E0
:20EDA0002182121891828131813D121CEF4982B1E2B1F1C72114F34D12C872988298E1B11A
:20EDC00081B10070081206C0F0C770988098007091886088409750871018218210180614AE
:20EDE000818192828231823D201C124A82B121221646E2B190CF62662122164282A1E2B116
:20EE000081824139F0C00104011E2442181610C01030081C32466010103C0610F1C7611462
:20EE2000284E16C8769881888131813D161C2F4A8698E1B106C00812007083A19188728815
:20EE40008231823D80EFF1970298626603A0007010C02014036F43982010123102149298D0
:20EE60000070087309730672077218721C72F0C770980070476650B1E0B15C62476650B148
:20EE8000E0B12081501E144480B04A6453B11460476651B1E0B11460E097D08700226746D3
:20EEA000C0B70070000000000000000000000000000000000000000000000000000000006B
:20EEC000000000000000000000000000000000000000000000000000000000000000000032
:20EEE000000000000000000000000000000000000000000000000000000000000000000012
:20EF00000000000000000000000000000000000000000000000000000000000000000000F1
:20EF20000000000000000000000000000000000000000000000000000000000000000000D1
:20EF40000000000000000000000000000000000000000000000000000000000000000000B1
:20EF6000000000000000000000000000000000000000000000000000000000000000000091
:20EF8000000000000000000000000000000000000000000000000000000000000000000071
:20EFA000000000000000000000000000000000000000000000000000000000000000000051
:20EFC000000000000000000000000000000000000000000000000000000000000000000031
:20EFE000000000000000000000000000000000000000000000000000000000000000000011
:20F000000000000000000000000000000000000000000000000000000000000000000000F0
:20F020000000000000000000000000000000000000000000000000000000000000000000D0
:20F040000000000000000000000000000000000000000000000000000000000000000000B0
:20F06000000000000000000000000000000000000000000000000000000000000000000090
:20F08000000000000000000000000000000000000000000000000000000000000000000070
:20F0A000000000000000000000000000000000000000000000000000000000000000000050
:20F0C000000000000000000000000000000000000000000000000000000000000000000030
:20F0E000000000000000000000000000000000000000000000000000000000000000000010
:20F100000000000000000000000000000000000000000000000000000000000000000000EF
:20F120000000000000000000000000000000000000000000000000000000000000000000CF
:20F140000000000000000000000000000000000000000000000000000000000000000000AF
:20F1600000000000000000000000000000000000000000000000000000000000000000008F
:20F1800000000000000000000000000000000000000000000000000000000000000000006F
:20F1A00000000000000000000000000000000000000000000000000000000000000000004F
:20F1C000000000000000000000000000000000000000000010A0116000000000000000000E
:20F1E00000000000000000000000000000000000000000000000000000000000000000000F
:20F200000000000000000000000000000000000000000000000000000000866410A04E60A6
:20F22000F56410A05160E16410A054606C6410A057606E6410A05A600A6510A05D6038657F
:20F2400010A060604D6610A06360E8781895081E424081B682B682A627A3D8B20070C0B296
:20F2600011B8D0B260B350B370C44B683FB83DB83EB839B833B832B822A819B318B360C617
:20F28000566826B325B327B32D784D225E4085B643B3F0C0606843A330C1636823A824B881
:20F2A000207860226A449FB36F6600703B64456024A823B89FA322B819A318A327A325A3DF
:20F2C00026A339A83FA83DA83EA833A832A8C0A211A8D0A2D8A260A350A38B66A7660070B2
:20F2E000F178119581B682B681A6B382F3229040F32A9260A279EF64E082F1C1100430007A
:20F30000E092D8B270C49968F0B210B820785022A044A364B86400C0007060B064B000717C
:20F3200040804022B2440022A34080B02181111EB140511EA344007064A084B0908100228D
:20F34000A34000702181111EE040511EE0403FB83EB834B835B8F1B2F0C2C368207860227A
:20F36000C8449FB320785022D94460B064B0007164A084B090811022D9442181111EE040EA
:20F38000511EE040CC602D784D22DD4085B670C1DE686A660070F1A29FA38B66F0C2E568CA
:20F3A000F0A210A8D8A23FA83EA834A835A8A766B279F1DFD08210042000D0920070218101
:20F3C000111E0541511E054160B064B0007140804022064164A084B091810122FA440070EA
:20F3E0000022FA4080B0F560A086B0968039803181C0413101000126A19600C86186010490
:20F400006196A0A28086F0221C41007000C48186010481964079C0932079B093F6B3E0B3C3
:20F42000C0B3D0B37079296980792B6920A821A88FB630B8907931693079B0935079002692
:20F44000C09300703E814A84AC1009CF9E049E08EA004A947A224545B0860026A0963CB80C
:20F4600038B880B6618600C80104307801000126619667B087B079B099B060B08C72507855
:20F48000D09820C05869A0A65E22EB4100C48031B096A3B6FFC030818022654100700071C4
:20F4A00040807022BB4287B01287208740390A1020870F04AD108D1A4D31FD004D31BD021D
:20F4C000AD960DC08D31BD9660A647A446A460B62510C0C30514AD108D164D31FD004D31F0
:20F4E000BD02F8C78831231040780318E3988F72007140807022BB4287B01387AD96B89631
:20F5000060A660B63610C0C3061409C028106818A049092638105818A4491926C8C3AD1027
:20F520004D31FD004D313D02008960948C725078D098007140807022BB4287B0AD96148713
:20F540004710871460A645A462B648105818BF49192648106818C349092638107818C749A8
:20F560002926391600119014006CD361D361D561D961D361B662DC61B66260B6EC613910A7
:20F5800049141939DF6149106916DF613910691ADF6140780918E9988F720010001060B6C7
:20F5A000C0C0E76900896094EC6162B6E1794E2200427078C0988078D0980071408070222A
:20F5C000BB4287B0F086E0980087F098B088001EFC450189967292785D66A494B2785F66DD
:20F5E000B49420874031A09610C4F026828602044226829610C86286020460780200322605
:20F600006296D2785F66F42221461431F3221F420426749422624773A2785D66A678F62228
:20F620002842C426C5C16666C2785F66D5C16666E5C11410666667A04C9400712D783D22D1
:20F640003A467D223A46F6A379A063A650809022BB42A0B200706561A0A261B6D286F206A0
:20F66000B21E4446007061A60070E179006260A6A0A22D783D225C4621B820B8837280A6D3
:20F680008FA69FA3F6A3E0A3C0A3D0A3007012311239E198F29860C0626A2389348900703B
:20F6A000C526A526546E007006C02D780D226F420626A484B384C079D179A094B1942D78EB
:20F6C0001D227A4265B67B6264B62D227E4283B60622814287B6C5C1C526A526546E34106B
:20F6E000D5C1C526A526546E007085A683A687A6608601C71004001EA642A484B384C079AB
:20F70000D179A094B1946086502A402A6096C5C1C526A526546E3410D5C1C526A526546E16
:20F72000007081B682A6517282B682A687A67CB09CB05180C122AF427CA05CA081A60070DE
:20F7400040800022BB460071B662A0A6A1A6A3A600700000FD0100004C6026722A7279732D
:20F76000797204720572D16730C025B00090C0FF209004B00673077304A000700E721273F5
:20F780000F72137310721473AEA3D5A40070EE15FF01FF0FFF17F5134002000F0F0F0F0F63
:20F7A000000F0F000F0F0F0F0F007A807A807E80300FF00F00000300130010002100220047
:20F7C0003200310043004000500053006200610071007200500051004E004F00CC00C3002D
:20F7E0003C0033000000010002000300010000001B7212640164B2B1E0B00071E0A01B72BA
:20F8000020B17281201042392231F0062000301601110114016C6F607A609360E9606F6082
:20F820007A6093602F616F607A60E1615C626F607A60E1615C6272602212736012121264A6
:20F840000164B1811200B29180B050609260136F236E111612167B68DB94037A9394808191
:20F86000001E724430C00093F0C1209322C5201891400312236E12168E682CB5726079727B
:20F8800021B000C20092A0B200C110922EB130B123B121B1EEB000712EB1EEA0778989899A
:20F8A0008181D122A9409789A989F3C0D66722B002B03172A0818181F122B6400722B640B6
:20F8C000F1131008309520B523B003B030B1F0B0007130B18081803180391093007130B1B9
:20F8E0001393379530C0F467007130B13995007130B1F0A020A523B5E3B00071E3A023B151
:20F9000030C0909760C0B09721B1E1B0007121B1E1A07972D16703A002A0067307737973FB
:20F9200079722672C0C7209072606665BD65C465F6B036B140C0F4670071B0806022F740E3
:20F9400050C0F467ED6060C0F46790B8B488C58870E074988598F46736B1F6A090A77B732D
:20F9600090B7107214730F7213730000000099B061B280A282A21F891F22134182B2A0B2CB
:20F980006F318F3DCF91A7B8D088C092816701C39167F3222045A067EF95E0A0B3C0B397AC
:20F9A000279126720071AEB387B0D5A443C288670022E94472606665D079BE65E6A3F0C5EB
:20F9C0003469E6B3C465E5B025B10071A0805022D24590A77B7390B7107214730F721373C7
:20F9E00083B099B061B280A282A2108910224D4182B2A0B26031803DC091A7B8D088C092AB
:20FA0000E5A0816763B261C29167F3225C45A067E0A0AEB387B02672D5A4A3C288670022ED
:20FA20002F45726021B014A215B2D384F4C14304131602120412532279417089F097028853
:20FA4000821A9089F0970488841A8089F0970088801A0214A089F0970088801A0414A0836B
:20FA6000C0229141201010390214401010390414532298451231143198615322964512312C
:20FA800014319861223124318231823984314200F2957089E0948089F09490890095A089C3
:20FAA00010955D7270823022AE45E5B0007125B1E5A0A66100C10092B0799097E7130A127A
:20FAC000AA26CA2622B024B025B002B004B005B00070C07960904090E079709050900070BE
:20FAE0007AB021B098B0D5B4E1A0E0A035B1F5B000C4CD6960B280C0F467007090B8B38814
:20FB0000C48850828039E04130163331033C3431043C8395949561B0386121B000C200924F
:20FB2000A0B200C110921273137300C010927972808177898989D022F3419789A98980317C
:20FB400080391093A0813095ECC22DC47EC008C02EB1EEB000712EB1EEA0D66724B5F1B0AC
:20FB600002B022B003B023B031B10071F1A024A520B523B1E3B030B1F0B07410F0C04F107E
:20FB80004D661439136A9410F0C04F104D661439196AA48440C04F104D6614391F6AA4847A
:20FBA00004223146EF814D66308210222C42266230C00FC04D662D6A3E626DC41EC0EF8183
:20FBC0004D66308210223942316230C00FC04D663A6A3E62F1A030C0909740C0B09721B109
:20FBE000E1B0007121B1E1A0797203A002A0267272601F063F318F14CF14F26F28104839E1
:20FC00003206D214236F007130B11E9333950070C07AE093708230226746E5B0007125B17F
:20FC2000E5A021B05E6205B025B004B024B002B022B0C07940906090ECC22DC408C0A867A9
:20FC400000120092F07950907090907AD09334B1F4B00071F4A081B0D0C020945BB07BB011
:20FC60005DB07DB0A07C209660B208C01DC2ECC2718930C0926611398E6AA4621F101F0693
:20FC80003F318F14CF14F26F2810483932061231D214236F63961216236F739630B600704F
:20FCA000F5C006C118C0C9C00DC2177A2F7AD07AE09346B106B1007182B046B106A134B1CD
:20FCC000F4B0007134B151B071B0F0C0209454A061B2007134B1007134B12D67981CC74A98
:20FCE00050862039D091D81CCB421816C1467F966796081230B6B81ED64250862039D091AE
:20FD00001816CE621282F0C01092007134B1E0817189011C2347E0818189011C234702C2B1
:20FD2000129283B099B0A0B210896031803DC091A7B8D088C092508620220E4380B2007104
:20FD4000B07A6767007134B1007134B1238863963388739630B6981C044B50862039D0911E
:20FD600018169181011EF6422116811CF64E74672672216380A20071A07A67672D67981C1A
:20FD8000184B50862039D09118169181011E12433116811C124F74672672F4A072601292FA
:20FDA000267290C0F467077321B01273137314737662007134B1007134B1238883393510F3
:20FDC0003488843184394610007134B1007134B12088803180390414208880390614308896
:20FDE000803180390314308880390514007134B1007134B120888039031404143088803153
:20FE0000803905140614333934393539363985315314863164146396749630B6007134B1B5
:20FE2000007134B1007034B17DB008C0D093007134B181B00071F9C034B1007134B1007063
:20FE400063B27F966796081230B61816981C804350862039D09178630070A0800022534422
:20FE60009381031E81430070B39727910071A08000225344AEA301640070DB87C087B01836
:20FE80002331B884831803181318B39790A721B190B7E0B0E1B00070081EA643007114B67C
:20FEA00021B1B89700710070ECC20DC008C070C07E89EBC3EF101F063F318F14CF14F26F9D
:20FEC000281048393206021EBB47CACCC463121EBF473ACCC463221EC347CAC3C4633AC3F4
:20FEE0000022C843A610CD63B76F8A316A007A6E1B161E39AE6B74B00070208521C01004ED
:20FF00002095007060B2E1B0918481394131101011311014E343B09721B190B7007161B248
:20FF2000797221B1918481317139101011311014F243B09790B70071797221B1E1A000702B
:20FF4000609850880022F94740B800700097B92EE5725CCB5DCAE473B82F0196BA2D039491
:20FF60005FC8E671E7705EC90295BB2CE3745ACD0691BF28BE2907905BCCE27559CEE07791
:20FF8000BC2B05920493BD2AE17658CF51C6E87FB4230D9A0C9BB522E97E50C7EB7C52C571
:20FFA0000E99B720B6210F9853C4EA7DB2250B9C57C0EE79EF7856C10A9DB324089FB12651
:20FFC000ED7A54C355C2EC7BB027099EA2351B8C47D0FE69FF6846D11A8DA334188FA13631
:20FFE000FD6A44D345D2FC6BA037198E41D6F86FA4331D8A1C8BA532F96E40D7FB6C42D511
:020000040003F7
:200000001E89A730A6311F8843D4FA6DF3644ADD1681AF38AE3917804BDCF26549DEF067F0
:20002000AC3B15821483AD3AF16648DF1087A93EF5624CDB4DDAF463A83F1186AA3D1384D0
:200040004FD8F661F7604ED91285AB3C3C00000001A00400600703003003004E01205014D5
:2000600000000022005B06000410B4102100C4008600800044000000002068140400020054
:200080000110DC1002020B0B093000000300C0201F00C8200100E4200000F0200000FC20F5
:2000A00000008030000088300000A83020182031070C303100206C240C0000000110B43052
:2000C000060000000500C4300C10E4300002000008000000000000000000060700000506CF
:2000E00003060840007F0000021038317FDF7F040418000001502A20B400B4000170000044
:20010000970132200200362005600468120000030000100000049B560A012D0134002C1306
:20012000AB076F9105602068000000000800084800000000140047002E00050000FE00003C
:200140002C00000002A00000E40C0300000000003003004E033000000000803000008830C2
:2001600020182031070C30310210A03046A2401F000000000210B0300A0006000000000057
:200180000500C4300C10E430000200000800000000000000000006070000050603060840C3
:2001A000007F0000021038317FDF7F040418000005600468120000030000100000049B565D
:2001C0000A012D0134002C13AB076F91056020680000000008000848000000001400470021
:2001E0002E00050000FE000003503E6850002200450000000000000001000000020000001B
:200200000400000008000000100000002000000040000000800000000001000000020000DF
:200220000004000000080000001000000020000000400000008000000000010000000200BF
:20024000000004000000000000000000000008000000100000002000000040000000000022
:200260000000800000000000000000010000000200000000000000040000000800000010DF
:200280000000002000000040000000802F636F6E616E2D646174612F72636C2F382E343010
:2002A0002E30302E30352F6C6962726172792D6C7072662F67612F7061636B6167652F35C2
:2002C000313064376464326462653565363735626164396262623538636336363337386595
:2002E000383466646635332F736F757263652F74692F647269766572732F72636C2F5243CC
:200300004C5F5363686564756C65722E63002F636F6E616E2D646174612F72636C2F382EF8
:2003200034302E30302E30352F6C6962726172792D6C7072662F67612F7061636B61676541
:200340002F353130643764643264626535653637356261643962626235386363363633374D
:200360003865383466646635332F736F757263652F74692F647269766572732F72636C2F43
:2003800052434C5F4275666665722E6300000102030400010203040001020304000102030E
:2003A0000400010203040001020304000102030400010203040001020304000102030400FD
:2003C0000102030400010203040101010101020202020203030303030404040404000001D6
:2003E0000203000001020300000102030000010203000102030400010203040001020304C8
:2004000000010203042F636F6E616E2D646174612F72636C2F382E34302E30302E30352F14
:200420006C6962726172792D6C7072662F67612F7061636B6167652F35313064376464329A
:20044000646265356536373562616439626262353863633636333738653834666466353305
:200460002F736F757263652F74692F647269766572732F72636C2F52434C2E6300FF28004A
:200480001900020001300000970090103C3C981000207424F91082150110F4208D80F00639
:2004A00008100021240A06000C000000143C78001F007F7F4C010000011094300713F2347C
:2004C000002050341300B00000B0B0300E000FFF045020200300200102012C01EA07000030
:2004E000015042681C000100BD1A3CCDA6B8995899B740EB7B60FF4A503F10D2E3B3C974D2
:20050000385FC5A3D4F6493FE69D350E480103CCDBFDF4AC1191F4EFB9A5F9E9A7832C5EBB
:200520002CBE97F2D203B0208BD28915D08E1C742430ED8FC24563765C15525ABF9A3263FF
:200540006DEB2A65499C80DC69BD020000000000D9A9020000000000995F020000000000CD
:20056000037202000000000099BD020000000000FBA902000000000081BD020000000000C6
:200580000372020000000000E98C0200000000000000000000000000D98202000000000010
:2005A00067BB0200C9DA020000000000155F0100000000002D9D020000000000559D02003D
:2005C0000000000061AA02000000000061AA0200000000007D29020000000000CD51020039
:2005E0000000000083A1020000000000000000000000000083A1020000000000CDDA020006
:2006000001000000020000000800000000000000400000008000000000010000000200000C
:2006200000000000000400000008000000100000100000000000000000000000000000008E
:200640000400000000000000002000002000000052434C5F5363686564756C65725F69733C
:200660004C617465722852434C5F5363686564756C65725F67657443757272656E7454693C
:200680006D6528292C2061637475616C537461727454696D652900FF104002000430000026
:2006A000AAAA98101500B8208780F4205F003421401FA430081000212402040005000004E3
:2006C000207BC1000F00277F7F01000000B0B0300A000FFF01504268450000001000010090
:2006E00000A00000CC0C0300043000000F8090100080D420700FF8202C0A242157A3A030CC
:2007000000207424F90081100170000001002020FA55406802502420B2018C01C201000055
:2007200072636C5363686564756C657253746174652E63757272436D642D3E73746174753E
:2007400073203C2052434C5F436F6D6D616E645374617475735F46696E697368656400009E
:200760000E000000D8004002E0002003E805A00BF012800DF81C001D0028A0320241C033C6
:200780000429E064062BE06B0832A06C0A3760730C4BC0740E50207B10B4E07F000000006B
:2007A0000001010101010202020202020202020203030303030303030303040504040404E9
:2007C0000504040404050404040405040404000000000001010101010D4003000230000057
:2007E00007809010500FF82046A2A03000207424F905821100700000000020200250242014
:200800008E0186012602000001503E685000F87501000000020000000400000008000000D7
:200820001000000020000000400000008000000000010000000200000004000000080000B9
:20084000001000000020000000000000000000B000405104C1FF00F000000000000000B0C3
:2008600000405104C2FF00F000000000000000B000405104C5FF00F0090000004C000300E1
:20088000980603009C0C030014100300D8070300DC0603008004030008100300FC0F03006E
:2008A00099D6020055D8020085880200A5C802006191020019BF020059B801006163020074
:2008C000ADCB02009D420100E12B01002558020071B2010045D60100510B020049AC01009E
:2008E000DD8401005D6E000081DD0000199302006C697374496E666F2D3E6D756C7469429F
:2009000075666665727320213D202828766F69642A2930290019280008000000066D07003D
:200920000000000000000000000000000000000000000000000000000000000008000000AF
:20094000010000000000000000000000000000000000000000000000000000000000000096
:20096000080000000900000000000000000000000000000000000000000000000000000066
:200980000000000008000000D9D3CE7EA2C5E929B2617C6D7E4D3D924CD148772CDD1EE065
:2009A000B486A0B8A119AE2008000000B9DCF55C1A631258D69CF7A2DEF9DE140000000074
:2009C00000000000000000000000000008000000EDFFFFFFFFFFFFFFFFFFFFFFFFFFFFFF31
:2009E000FFFFFFFFFFFFFFFFFFFFFFFFFFFFFF7F08000000FCFFFFFFFFFFFFFFFFFFFFFF8E
:200A000000000000000000000000000001000000FFFFFFFFFCFFFFFFFFFFFFFFFFFFFFFFE8
:200A200003000000000000000000000004000000FCFFFFFF00000000080000004B60D2270A
:200A40003E3CCE3BF6B053CCB0061D65BC86987655BDEBB3E7933AAAD835C65ADFBDC42902
:200A600062DF9CD890308478CD05F0ACD62E21F7AB20A2E5344887041D0630DC00000000F3
:200A80000800000096C298D84539A1F4A033EB2D817D0377F240A463E5E6BCF847422CE1C2
:200AA000F2D1176B08000000F551BF376840B6CBCE5E316B5733CE2B169E0F7C4AEBE78E50
:200AC0009B7F1AFEE242E34F0300000000000000FFFFFFFFFBFFFFFFFEFFFFFFFFFFFFFFA0
:200AE000FDFFFFFF040000000000000008000000512563FCC2CAB9F3849E17A7ADFAE6BCBA
:200B0000FFFFFFFFFFFFFFFF00000000FFFFFFFF08000000FFFFFFFFFFFFFFFFFFFFFFFFE5
:200B200000000000000000000000000001000000FFFFFFFF0105000308050500EC7500201C
:200B4000F07500208C7200200000000000000000000000000000000072636C5374617465B0
:200B60002E706F7765724E6F74696679456E61626C65436F756E74203E20300073746174E7
:200B80007573203C2052434C5F436F6D6D616E645374617475735F4572726F7200012A02D8
:200BA0000000000000000000FFFFFFFF00000000000000000400000008000000000000002D
:200BC0000000000000000000181103001A110300FC1003007E040300160903005C71002018
:200BE000100000001027000000000000000000000000000004000000000000000C0802177D
:200C00000D01010209090101060209181803010109090303050302016D756C7469427566FE
:200C20006665722D3E68656164496E646578203D3D20300073697A65203E203020262620A3
:200C400073697A65203C3D2030784646464600010102010201010201020303040103010142
:200C6000010101030302010363757272436C69656E7420213D202828766F69642A293029FE
:200C800000A62A0183F12800010203060A111A27374B627B94ADC4D8E7F3FBFF0540010029
:200CA00000A00000B40C0300013000000040D420180A242140420F000000000040420F00E3
:200CC00090D00300E80D03000001000050F80C000000000050F80C0020A10700840C0300B5
:200CE0000101000000000000000000000000000000000000000000000101000000010001EE
:200D00000001000100010001000001010001000100010001010101010000000000000000C5
:200D20000000000000000000020304050000000000010100000000000000000000000000A3
:200D400000000000000100010000010100010001000100010001000100010001A0080300DC
:200D600012620020080F0300A008030013620020100F03000100000002000000040000005C
:200D80000800000010000000200000006E657874496E646578203C3D207461696C496E64E6
:200DA00065780068656164496E646578203C3D207461696C496E64657800424C454170707D
:200DC0005574696C5F7468656172645175657565006C697374496E666F20213D20282876ED
:200DE0006F69642A29302900E2FD22000102050A142237527191B0CBE0EEF8FDFF0129FFD1
:200E0000C410030000000000010000000002000000000000070000008875002019000000BB
:200E2000907300207473002001000000000000000004000000000000000000006C697374C7
:200E400020213D202828766F69642A29302900636D6420213D202828766F69642A293029C6
:200E6000002828766F69642A29302920213D20636D6400636D6420213D202828766F69641E
:200E80002A293029000328010200000000000000FFFFFFFF00000000020100000000000079
:200EA000FFFFFFFF000000000200000000000000FFFFFFFF00000000020000000000000036
:200EC000FFFFFFFF000000000200000000000000FFFFFFFF00000000E06E0020585F0020D3
:200EE000C05F0020FFFFFFFF0CDB020054F70200D0E9020078080300000000000000000043
:200F0000D0E902008010030000C00700004000000020030000A004000200000000000000B3
:200F200000000000FFFFFFFFF401FA00960064004B0032001E001400FB349B5F80000080F4
:200F4000001000000000000000000000000000000000000000000087BE83605ADB0B376082
:200F600038A5F5AA9183886C00000000000000B000405104C0FF00F06820213D202828762D
:200F80006F69642A293029000C0F0E0F0F0F0F0F140F160F0F0F1A151A1A1C021D161305C3
:200FA00001490B15054963616C6C5F576F726B6572000000000002000200000202000229D1
:200FC000809C2B8F80D2999000CCD1930B010000940000008906000012000000FFFFFFFF53
:200FE00002000000000000000000000000000000B585020069C5020081C802000200040032
:20100000003000000100282102400400003000000000282102000300007000004C003E6830
:20102000000000007116010000000000000000000000000000000000597B0100A58A010023
:201040000000000000000000758902000000000023C90200019E010000000000424C455FD0
:20106000537461636B00002AE85D00207D0403006865002097060300B0510020191103008C
:20108000010000004001030008690020FF0D03000200000008110300020000000A1103002D
:2010A00010000000680F0300546D7220537663000102040810204031203D3D203000030387
:2010C000010203034E414D450049444C45000000020202020000000071010000CD01000080
:2010E000980000000800000020000000400608008006080000040020000000005F000000D1
:201100000C0000000900000000180118042A0028C92A0128052A78000000020A00FF020063
:2011200000000E110300BD010070A010030000F1857D0E00F3327600201001F07B48080123
:20114000739875002002F1DFBE0F030003037060749600F3FD0D03F3CB00F403FD582A0336
:20116000F49903FC6403FC2005F407F5553107F46807F49A07FC6807FC290C08F40CF590BD
:201180000CFC1F0CF00EF159660E700EF1F0710AFB950DF4AB9D0B10F3E201FC3303F40C8A
:2011A0006A12F4E803FC1C05F4810C14F355E005FC3907F41016F4E107F08417E0002F8B9E
:2011C00005112A0F754A71003F2A4E6080F00031027F1050910073770001107F00040000E8
:2011E0000500040145FE3AEED91F0200293602FF0059380200E5C6028700DF9606D43D8F3E
:20120000C60111E463799828637400FD64753B57741466701CF9FA647518507F8D01030871
:2012200000050AFE5A8F29E69D350E480103FFCCDBFDF4AC1191F4FFEFB9A5F9E9A7832C20
:20124000FF5E2CBE97F2D203B0FF208BD28915D08E1CFF742430ED8FC24563FF765C1552C0
:201260005ABF9A32FF636DEB2A65499C80DFDCFF0000FF2955500051A067911487640F1746
:201280004066AF2FBC7EF4B83212317031A00018736C3B8FF4823084B1107430F0090300E2
:2012A0001F380A0300EC00307DF238411A00F0A4013000FF000C708E0121F9030E7F21759D
:2012C0001B5065727369FF7374656E745F6170DD7076DF0230750F00300700A88E913EB14E
:2012E0007917071770087A0F0913DC933100340700AA0002007FED0144020F09079B020A23
:20130000009F05125000687EFF071014B5AFF101001B99300B07F145D701000C99F0069A28
:201320003049BFFC4C530930004D1502000FE64A555A0208729C71F3DA027E99724F41449A
:201340002045780F30FF64656420436F6E7437726F6C2C61142886DF341ABF007E8C53E98C
:201360003402009F604FFF082795A80258B5452B01002191707C57100EA16D672049641B8E
:2013800010A769667929FF1CA9F0A928F0B1EA2930B92970349C700CDB02F300FCAA700533
:2013A00041426C6F63816B0BD9275F01188528F55F8EB28005EC05309B7D521EA4F0D3CB5C
:2013C00002BF0201060302F02CD40AFE2D67B585020069C502FF0081C8020074E81DFF1173
:2013E0000EB0EC6CC56DB77F7FA20C028E5B4F65EF07DCA1EF232891FF00F743601B00FFB2
:201400007206FFFF0201000AED070ECD141CBFA00100FF01023AF2FFF000000089E901005A
:20142000FBC90200BDCD02000200000010000000020000001000000002000000D5650000FA
:201440001C110300386A002028140300400400203014030050040020381403006004002069
:20146000076997001000200041B8C13FAF2F418A4C5DAEDAF174A1E7DDFBF4892404D4E143
:20148000C5F0D84121970C4C01002000E30466F6B8470C1F29070B17F1E2D3E94D445E3FD1
:2014A000608087FDC711E4382BB538B62200470030450220750C30EEA3F5C937A384672120
:2014C000C0E17FFC1586952925AD7DC252DA988F4CA32A86022100C27F0F3A63DD6194436F
:1714E000F6D77CA5A8C144257D1EF98D75F8AB760481652857815844
:202000003DB8F3960000000000010000E8F202000000000002000000000000000000000063
:20202000FFFFFFFFFFFFFFFFFFFFFFFFFFFFFFFFFFFFFFFFFFFFFFFFFFFFFFFFFFFFFFFFC0
:20204000FFFFFFFFFFFFFFFFFFFFFFFFFFFFFFFFFFFFFFFFFFFFFFFFFFFFFFFFFFFFFFFFA0
:20206000FFFFFFFFFFFFFFFFFFFFFFFFFFFFFFFFFFFFFFFFFFFFFFFFFFFFFFFFFFFFFFFF80
:20208000FFFFFFFFFFFFFFFFFFFFFFFFFFFFFFFFFFFFFFFFFFFFFFFFFFFFFFFFFFFFFFFF60
:2020A000FFFFFFFFFFFFFFFFFFFFFFFFFFFFFFFFFFFFFFFFFFFFFFFFFFFFFFFFFFFFFFFF40
:2020C000FFFFFFFFFFFFFFFFFFFFFFFFFFFFFFFFFFFFFFFFFFFFFFFFFFFFFFFFFFFFFFFF20
:2020E000FFFFFFFFFFFFFFFFFFFFFFFFFFFFFFFFFFFFFFFFFFFFFFFFFFFFFFFFFFFFFFFF00
:2021000000900020A1BC050003C3050003C3050003C3050003C3050003C3050003C30500EB
:2021200003C3050003C3050003C3050039CB050003C3050003C3050031430500AD930500E1
:2021400003C3050003C3050003C3050003C3050003C3050003C3050003C3050003C3050027
:2021600003C3050003C3050003C3050003C3050003C3050003C3050003C3050003C3050007
:2021800003C3050003C3050003C3050000000000F0B591B00991064607462D3704462C34B7
:2021A000011D0123069250040F960A9100940397079309D40888897809044018002108915C
:2021C0000291109137468FE126F07AFE02902AF038F920783E4A4821505415461346483515
:2021E00020780146079A11408207D20F51184007C00F0E181C4620341421204629F06CFF2A
:20220000267500266675A675E675324832490160324833490860334CA08D2D49C88126F077
:20222000B9F9A0862E48868010200E9028494871EE701095AE800F98408826F0BFF904469A
:20224000387823F093FD002801D07D20C443E0B2032830460A9D00D02FE125F005FC1C4D55
:20226000288100276F610F9C606B103026F0B8FE27F0CEFA6881616B088B194AD083488B8C
:202280001084888B50842420085C8007C00F10838868032400282CD0827B1218D37B0F2251
:2022A0001A40072A20D8920001A39A589746C046F522030001230300E9220300E922030033
:2022C000E9220300E9220300232303002F230300346F002040140840D6BE898E005555553B
:2022E0003C20094006200940492000210D91295442E041E049200799295403240D943BE079
:2023000008462430CA8BE34B1A860A8C5A86498C9986007807990840988349202954052008
:2023200003E049200799295402200D9024E010994F70079DCD70817B0918497C890618D0CF
:20234000002739460FF08EFF3520F74A105C00280D970CD00F984088032420401146213102
:2023600089780904490D884201D04C201554154602E00D978424EC4D4B27E85D00280CD00C
:2023800000232A463832AB63EB631372538193810F98406B0830012105E00F98406B08305C
:2023A0000221002213460FF0BDFC0A9D00280BD00222002110910D9911400C9208D00128A1
:2023C00006D18324109E5FE000268324304674E00B970D9882B20892D44A10800026CB4FF8
:2023E0007E810F98426B2525505D03230340FB82505D400804273840CD4B1885505DC006ED
:20240000C00F588500290D970DD00596506825321278D1070DD1C74953073A40DB1719404D
:202420005200184008E0C14886810B9F324606460AE0C149491C00220B9FBC4EB1813146B4
:202440001E3123F0A1FF059A0898C00703D100203082079E17E00F98416B08684B5D990727
:2024600008D4B4490D9D1D405A07D31719406A00184001E0B049491C079D31829E36314635
:2024800023F082FF2E460A9DA748C05D002813D00F98406B083026F05BFD002802D18421DE
:2024A000A14A51710C9901729F4A916B884201D1002090630E9800E010981090E1B22888B2
:2024C000AA781204821808029C4B1A4010432880120CAA700F2903D90221109A0A431092DC
:2024E000711E8E4108960F9FFF210902014003200E900002814264D1012081040491904BF5
:20250000059001020846B030099A024201915DD0104608400C90069E304618400B90894837
:20252000C06A042855D300200D9024F0B3FD80B2471D3C460E9884437B4D6869214621F006
:20254000B3FC2A4605465069854204D008201099014310915561002D3DD0B908E8892E189F
:20256000103630461EF040FC6F4A0C9800280F9F17D04B20105C002813D070680F21090444
:2025800001400E98000481420BD1304625F0F0FA654AC00602D535200D9911544D20059985
:2025A0001154E8892918D279CA740019E8810420109901431091786B103026F011FD0B9E57
:2025C000ADE7109DA80700D59EE2A3E2069C264610E0554A05E0852050715B4805990160A7
:2025E0000F9F9079002804D0B86B5849C96822F027F9069C049804407006C50F3046019925
:20260000084003D048494A22059B8B54A40C10990D430999C90712D0049931400FD14449AB
:202620000988042923D13948406D3F498A69801A386340204871032000BF00BF31E009989E
:20264000000440D538484079102803D13848008820F0D4FE29F0EFFB384A11400843188079
:20266000080C987002200543002408942BE0B20512D4421E9041CA1F534253412A4F4A2244
:20268000BA5C571EBA411A430243012A66D1022003E0C0463C200940032019F0DDFB224991
:2026A00048712148407929F0C6FB244A114008431880080C987002200543032000BF00BF9C
:2026C000002408940F9FF00305D5786B103026F087FC1B4806400898002800D1F9E0124A8C
:2026E0004823D056002810950B930D9434D403994D78052D00D9002507210840801E052869
:202700004ED8800002A108588746C0463C20094055270300512703009D2703009927030014
:20272000A5270300AD270300346F002096200940062009400A8000000A80FFFFFF00FF00B2
:20274000FFFFFEFFA01108403010084050740020E80725D026252BE0054629E00229EF4F22
:2027600003D13520385C00289BD1012008904820385C002800D15EE2E94805210160B87931
:2027800000280F9F04D0B86BE649C96822F058F825F054F9002496E7E80701D0272507E0B4
:2027A000252505E001200540263501E06D0825352020105C918923F049FB0446E8B20C90DC
:2027C0001AF0ECFB002813D007998F030121099107F086F924F016FC3E4216D10398807879
:2027E00000283FD0D04828F0BDFA07460A9E5DE00A9A29F09DFDCD4908404121490229F00E
:2028000015FC109D05430D9C63E00F9802991EF069FB07460F2822D84B20C04A105C00288B
:202820000AD03520105C002806D00B9829F00AFC002801D17D20C7430D9C0F98806BB94E5A
:20284000F1681FF0C5FDB54A90714A2000211154307F800701D028F0D3FE0A9E27E00A9E17
:202860000D9C27E04B20AD49085C00280A9E1AD03520085C002816D0A7081D371E213846A2
:2028800022F0DEF8781A80009721C9004018703028F068FA07460B98A04A29F0D3FB002862
:2028A00004D18227DCE729F0CDFA07460D9CF8B210284BD33088B1780904401839029B4A9B
:2028C000104001433180000CB0700220109D05430F9F002C00D110E190482126805D3F2475
:2028E000044020461AF05AFB002822D00D961095059907F0F5F824F085FB786B8068002567
:20290000002820D006460C950B944C24834D2F5D202029F0E9FF0146002F26D001984118A8
:20292000E03109917F48008D25F048FE002028551CE00A9A29F0FCFC7C4908404121490235
:2029400029F074FBD8E00995744BAFE07849002088836EB20C99402901D2402028436F4ADA
:20296000744F002E2BD405462BE009912B4635460D9EA87B4019C17B0F242140072912D181
:20298000477C002128460D910FF06CFCB80902285FD0012870D000280F9F604B0B9C7FD1E5
:2029A00049200D9980E00A9A29F0C2FC5F4908404121490228F02FFF0F9F0B9C75E07F2001
:2029C0000540E8B278861079002804D028065A4941405A4801604920105C00280AD025F054
:2029E000B5FE4E488279B88D5549002A06D08031084606E00998C003401C02E08007800E14
:202A000048400F9F109D29F003F929F029F8022000BF00BF4B4805210160002E14D40C9810
:202A20002538099981403D4A0B9BD05C8843D05403998978002900D14BE7002800D048E79E
:202A400000980078D05444E70020F9490B9A88543FE73520F64B185C00280F9F00D16EE10E
:202A60004920002119540A9A29F062FCED490840B10228F0D0FEA0E73520ED4B185C00287D
:202A80000F9F0B9C00D190E149200D9919540A9A29F04EFCE3490840B10228F0BCFE04E03F
:202AA00049200D991954352019540C9D786B08301A46383201212B460FF034F906462A46CF
:202AC0002B46002E09D0701E414241410D4204D1414241411140012936D110980A9B198852
:202AE0009A7812048918CF4A1140832212020A431A80090C997002250543A8070AD5B86BC5
:202B0000D349C96821F09CFE24F098FF28F09CFC27F018FD284611B0F0BDC046346F002091
:202B2000A01108405074002088130000FF00FF009620094006200940D6BE898E401408406A
:202B40003181000030100840089307920C950B949720C50009984019703084081D341E2195
:202B6000204621F06DFF601A84004D20B049085C002815D00D950D464835E8798989069121
:202B800023F064F909900C20069923F05FF90D996118099A89180C1800206871A44D01E0A4
:202BA00008340D46204628F0DDF80D903520285C00280FD02C46202029F096FE4821695C29
:202BC0002A46483212790FF0D7FD002802D17D20C0430D90089899490880934804244481A3
:202BE000796B25254A5D0E9B1A40904BC282485D400820401885485DC006C00F588550206D
:202C00008B4A105C002802D0588D204358850C9800280CD0486825310A78D10739D1884971
:202C200053072240DB1719401840520034E000208249888138E03520385C002800D130E5CC
:202C40002120385C2137797809020818B9780904401880490140802900D022E57A48072121
:202C6000016024F0EBFE4C207149095C0020002900D1D3E0B9780904490D0F9F7A88042333
:202C800013400B4372490B850121C9030D43089019E56C49491C0022684B998119461E31BD
:202CA00023F072FB624A614B079800280CD0796B08684A5D91070DD4614914405207D217E5
:202CC00011401040620008E000205C490882109D0D9C0CE05B49491C0022109D0D9C574B55
:202CE000198219469E3123F04FFB514A4F4BE0B2102806D30A9A29F01BFB2102494B1840F4
:202D00001EE600244D4884830B99403159861079002804D0080648494140464801604920FE
:202D2000105C002856D025F011FD414882793F48808D4949002A51D08031084651E0492028
:202D4000012119542F68002F65D0B87BC019C17B214007290CD1407C3F2809D8A87B2818CC
:202D6000007C0B30FC21014038460FF07BFA304B0F98406B08301A46383202262C460025BE
:202D800031462B460EF0CEFF33462A460646B87B38180F9F007C264948318871A07B20186A
:202DA000007CC871059D0B9C8BE649200121089119542868002800D18FE6786B08301A469A
:202DC000383202210D9D2B460EF0ACFF0646059A089B76E60120C003401C02E08007800E81
:202DE000484028F015FF28F03BFE184805210160786B083026F0ACF800280D4A01D184211C
:202E0000517102210172916B884200D19463761EEED1102070E610980F9F5FE6089C08901C
:202E200050E4C046FF00FF003C20094006200940346F002040140840D6BE898E962009403D
:202E40000A8000000A80FFFFA0110840301008405074002080FF1F0031810000F0B593B0C3
:202E6000C80302D4002400F02EFD0C4601273D043448007819F094F9002801D100F022FD24
:202E800006460078A2280F9676D0B02801D000F016FD10A8002101802B484068002809D196
:202EA00029F084F829F0AEFC27494860002801D100F000FD0E970C950894224D2C461434B0
:202EC00000271822204639460D9228F0DAFC3179881E162801D900F0E5FC491C0791800069
:202EE00001A10858069487464D2F0300A5380300A5380300A5380300F72F0300A538030041
:202F0000EB300300A5380300F7300300A538030057310300A5380300BB310300A53803006F
:202F20007D320300A5380300B1330300A5380300A5380300A5380300E3330300A53803007F
:202F40009D340300408300209882002029F02EF8A8827088214626F07BFB002800D1E0E271
:202F60003089A98A884200D30846A88201200E900320079000F089FC0C957079652821D159
:202F8000FA4D0C35284629F0C7FD00282BD006460E950089B17A37460C373A460EF044F91D
:202FA0000546142801D0002D0CD10E98314627F0ABFC142D03D1B17A384628F029FD304662
:202FC00029F028FCF5480078FF280C9D0F9E01D100F075FC314626F07DF9002801D000F063
:202FE0006EFC00F06FFCED480078ED490870ED4900220A70E8E7708826F03AFB28F070FD48
:2030000012AC009419F042FE0746701F0B90F01F002680B20A90A81C0990E34BB1B2002F80
:2030200000D170E20B98884200DC6CE20D910E960F9E708812A90A885B68317900243D468E
:20304000099F009701940A9F02970391294607F055FF00281ED1328ACF484088824219D1AC
:203060007069D149496826F0C3FD00280E9E12D0C948806900280BD10F9840880721002368
:20308000CA4A13F0F7FFC4498861002800D189E36C8900E00E9E0F98418912A8028811ABD6
:2030A000284616F059FD0746002CB6D0BA4A9069711C0D9BC4541546220AAB69B01C89B25B
:2030C0005A54002F06D01199AA6980B2115411A8407803E0A96982B2FF208854B24BF11C4A
:2030E000AA69361D89B2505498E7002110AA30460CF0BCFCB6E2308912A920F01BFD0028AB
:2031000000D10CE2074670880B21A84A11AB13F0B1FFA861002800D145E20346708812A9F9
:203120000A8811A909882546347900260095019602910394394607F0E1FE002800D158E296
:2031400007469548806919F065FB162F2C4600D1FBE13E468DE2308912A920F0EBFC002809
:2031600000D1DCE13746064678880D218F4A11AB13F080FFA861002800D116E20346788870
:2031800012A909880E9179893246264611AC24883D79009601AE32C611460E9A07F0AEFE60
:2031A000002800D12FE206467B4DA86919F032FB162E069C00D12EE25CE2708826F058FA45
:2031C0000590401E0D90A88A00221346764CB1898B4200D3CDE180B20D99814200DCC8E148
:2031E0000993B06881180B92805C49780902081880B212A920F09EFC0127002800D1C3E1C1
:2032000001460E9770880A9012AA1288636830790D9CA6B200272C46AD1C0095019702963E
:2032200003900A9807F06AFE002800D0AEE1A06900280F9E254609D170880F2100235B4A60
:2032400013F018FFA861002800D128E2A98A6A885318059CA34203D30D9A521A6A8092B21B
:203260004018514C616827F061FE6888A98A0818A882099B5B1C0B9A921CA8E7708826F0A2
:20328000F7F928F02DFC12AC009419F0FFFC0E90B01F0B900020A91C0A91099007460E9D8E
:2032A000002D00D188E10F9C608812A90A88294619F0D1FB002800D080E13E4660880D9021
:2032C00012A90A8838494B6820790B9CA4B2002729460A9D00953D460197029403900D981C
:2032E00007F00CFE002800D06AE13746B4B2002C10D02948C18A4088021D8A4200D0A0E1DB
:2033000000190B9988422E4600DD9BE13E46224DA86910E03E460F98408811270023394698
:20332000224A13F0A7FE1C4DA861002800D127E26988091DE9820E9FB97A721C0155F87A4D
:20334000A969B41C92B288540F98418912A8028811AB384616F000FC0E90002808D0119833
:20336000A969A2B2885411A8407805E040830020A969A2B2FF208854F11CAA6989B2505472
:20338000341DA869A1B24018074949686A8827F0CDFD6888071982E7408300206E8A0020D8
:2033A0006D8A0020018B002098820020FFFF0000308912A920F0BEFB012600280E9600D111
:2033C00062E10746007A800600D5C0E00F9D68882989EA686B896C7C002C00D11DE15225FA
:2033E0001CE170880124214625F0E4FE002800D1A0E00E9437460837388812A920F09AFB5E
:20340000002800D1D6E00646007A8006FC4C00D5DDE00F984688304625F070F9002806D16F
:20342000F84825F06BF9002800D10CE20680A2780C2151430C3100231A460C32914200D1E9
:2034400034E14468E35A002B1346F6D1A0180C380C263946324627F069FD069D28463946F1
:20346000324627F063FD0F9C6088A28917210026334613F0FFFDEA49C861002800D1C8E1CB
:203480002169A28927F052FD6088294624F008F900282C4600D019E2064618E23446768882
:2034A000304625F02BF90B90002848D0207A0128069C00D095E1D94880783C4639460A941F
:2034C000CDB2854200D3F5E00B9B5B680C246C431D5B002D00D1ECE0002F0DD0AF4200D0A7
:2034E00017E11B195C8895B2A54200D011E19B880A9C1C199A1804E01A19948852881219E4
:203500002F46491CDBE730041BD08808F34DA8820F984088069C214623F0ACFBA0E001261D
:20352000A8E070883189AA8A914200D311461EF0ADFDB7E1142070700E260127ADE0069C31
:2035400054E128F016FF0A26069CE44D94E012A8008828F072F9002800D194E003460F9870
:2035600040881222394698470646002800D08BE02CE77088069C214624F0BEF801210E91A3
:20358000002800D081E18DE13E4602E0064625460E9F0F98806828F01AF9A86900287CD05A
:2035A00019F038F979E0308900E0388910A90880112661E00E9E47E1099E43E0064602E099
:2035C000374606460E9D688910A908803AE012A8008828F032F9002800D1D8E003460F9805
:2035E0004088122231469847002800D111E706462AE10F984088294624F094F800282C4619
:20360000A3D01626A1E77888069C214624F05EF80028B24D28D100262EE02D79002400944E
:20362000019516F053FA162828D006460028AB4D2AD10F9A507C002800D1AAE00127264678
:2036400027E02E463804069C10D0A44DE98AB8B221F0F6F9A8820F984088214623F022FB33
:20366000002801D1064607E0162605E0002E00D10A269A4D28F07DFE0127EAE02746264688
:203680000F9A964D05E00E260F9A108910A908800E9F507C002800D00026069CD9E0B068F8
:2036A00028F095F801271126069CD6E00926069CB2E00846C4B2012C5DD90A98000428D086
:2036C0000A9880B21DF006FE002822D009900C2060430D90002427460B9845680D98A0427E
:2036E00064D02E19B16800290AD0B8B2099A1018B28827F01BFCB088C719B06819F08AF8DB
:20370000002C04D000210C22304628F0BAF80C34E2E7002201231646704D591E704880788B
:20372000814200D382E00B994C68A15A00297DD083420D9E06D0A0188089002801D016268C
:2037400000E018260A930F9840880E92A718BA68BB887D880095614D019616F0B7F906469A
:20376000002803D0162E5DD10020B8600E9A0C320A9B5B1CD1E70B984568AA68AB881BE05A
:203780000E98408910A90880069C3E4674E70E265AE0508828F0FCF80127002800D199E00C
:2037A00016267AE728F0E5FD1126CDE6099AAA600A9BAB800F984688298868881824009029
:2037C00001949BB2304616F081F90028069C08D00646162818D10020A8600B981EF028FFFC
:2037E0002FE00B981EF024FF0F984688304628F0C7F801210E9100280F9E46D152E0C0463F
:2038000098820020FFFF0000288810A90880334D0CE00E9611262C46304D16E09882002019
:20382000408300200E98205A10A908800B981EF0FFFE0127162E03D0002E069CD4D008E0FB
:203840000E970F9E2EE00926069C388810A908800E9F002E15D0162E13D00F9948781428AB
:203860000FD0087928751098E8822E764888214627F0F8F8002804D00E97012007900F9E51
:2038800003E00E97162E0F9E0CD170880799CDB22946224615F02EFD002803D020462946E4
:2038A00028F0B6F8304620F08BFE0E980028089C0C9D04D030460830317928F0A9F83046BD
:2038C00026F0B6F96C40204613B0F0BD1626034D0027BEE726460F9ADBE6C046408300208A
:2038E00098820020F0B597B004464A1C0B7818462D380D2805D81846214629F04CF817B0B1
:20390000F0BD0D910C922320C00020180E90182B129300D925E1DD204000201811901B20CD
:2039200008900301E0180B9063239B00E0181090FF2113945724A400139800190A900C4609
:203940000634139800190F90139BF03313988C300990139E8A36139F7737139A7632139D23
:2039600067351298800002A42058139C8746C046A33A0300113B0300413B0300473B0300AE
:20398000633B0300633B03006B3B0300713B0300CB3B0300DD3B0300213C0300373C030093
:2039A0003D3C0300633B0300633B0300A73C0300633B0300753D0300A33D0300B13D030039
:2039C000D5390300D5390300B93D0300633B0300033E0300109F12981428064603D1687951
:2039E000002800D159E10D9948788A7812021318C8780A791202141848798A7912021218E8
:203A0000C879097A09020918152E00D01CE20D9199B21B290B46089F00D83B462920C0001E
:203A20001B29064600D32646FB210E91FB2B1D4600D30E9D0F905F49FB2B0B4600D83346E6
:203A40009CB2E00829283E4600D32E460F98844200D804468C420E9B00D833468C4200D31C
:203A60000C4697B21B2F3E4600D8089E1B2F074600D30D9FFB2E324600D30E9AFB2E0E46B0
:203A800000D83E46B6B2F008292800D308920F9DAE42119F00D82E468E4200D824E2FB2249
:203AA00024E2129611970D98811C4078099D2870A81C414C022706463A46A0470146281DBF
:203AC00010903A46A0470146A81D0F903A46A0470146284608300D903A46A04701462878F5
:203AE000002813D02F46109A1288531E9BB2082B00D30823834209D33388934206D8062AD4
:203B000004D32E4CA242139C00D288E33020C5E00A9D2046623005220C9926F0E8FE0146E1
:203B2000099E30460C30022226F0E1FEB0892189401A80B22249884200D888E12820ADE059
:203B40000C980078AAE00F980078C00700D085E11A205873187B0D21012868D1FF222046F4
:203B6000B9E10E98129941726BE201209873C6E61E460A9C119B0B9D0C9800780E38082892
:203B80000F9A00D9BBE6800001A108588746C046C53B0300B9400300FF380300FF3803003A
:203BA000C7400300FF380300CD400300FF380300D740030090420000EFA80500810C000062
:203BC000FE7F00000320307599E620460C9919F06DFB6879002860D0092133E220460C9922
:203BE00019F064FB0F9840780007109A02D4E448D0805080E3484078800600D47FE6908871
:203C00001B280BD110881B2808D12920C000D188814203D15188814200D170E6142106E0FA
:203C20000020287068711880012018730B2120461BF006F863E60120D87360E60F9F387CB7
:203C4000012815D00D98821C40780E9908708D204000201802261146324626F048FE01467D
:203C6000472080002018324626F041FE012038746879002811D0B87C002800D03FE6787C5C
:203C8000002800D03BE60C21204605F0D3FD002800D1DDE10120B87431E63D200E9908721A
:203CA0000120C8712BE60B92129611970F980078800700D4C2E10D99487807908E78C8784C
:203CC0000A7912021018109048798A79120210180C90C8790A7A12021518487A0890887A87
:203CE0000690CF7A087B4A7B1202121814A802808A7BCB7B1B029A1842800A7C4B7C1B02DB
:203D00009A1882808A7CCB7C1B029A18C2800A7D4B7D1B029A1802818A7DC97D09028918F7
:203D20004181052028F095FA0028059500D17EE1300207994618380206994218208914A93A
:203D4000079292B2ADB2009501900898029003920491B1B2109882B20C9887B220460D9284
:203D60003B4615F026FE002800D1E9E10C9F109E1E255FE1119E863160180D9C617828234F
:203D80000A9DE954A17801701078012800D0A5E0387801460F39022900D339E1012068735C
:203DA000ADE50F980078C00600D59BE0122046E100200A990872A2E50B9D0FAFC1CF407871
:203DC0000922104200D121E10D9948788A780240072010404870F9780140797000D122E14B
:203DE000481E084200D120E1032900D986E10220020600D119E1084200D080E1C0B24008AB
:203E0000F6E73D46119F0B9E0D994B788878834209D1072018400C9A107000D12EE15A1EE4
:203E2000024200D1BCE118211E2520462A4621F023FCA17900222846134618F097FFB8787D
:203E400040210143B9705AE53E46119F4FE031460120B0720021E183287050E5002028702E
:203E6000687120469C3012900120079318742046B430454F264608240C992246B847014685
:203E80003046BC300222B84701463046A43011903546AC3528462246B847109028462146C5
:203EA00025F096FC3546A0350424284610992246B8472846214625F08BFC119828F0E7F953
:203EC000129828F0DFF90798007B0421012800D0A7E0FF22304617F07FF810E5002026F049
:203EE00023FB0CE51321ADE0089A3146109E7381F4813281B18188B27188814200D30146CD
:203F00003878A922120191420F4600D81746042800D00F46F58AF78204280DD113981DF0AB
:203F200031F90246B08A111A481E81410E91B2827389119800780BE0F288A1B28A4200D33B
:203F40000A46109EB18A541A611E8C410E94B2827F1B791E8F41B48899B28C4200D30C461D
:203F6000318A631A591E8B410F933482119D297901230D931CF0DAFB844207D2308A09E037
:203F80004808000026770020EFA805002878297928F060FC139C129D0E990F430B994880FF
:203FA00033883089834200D303460F980743109E718A581A421E904173828B420B9E03D928
:203FC000317880220A4332700743142D15D1002F08D0A079109C218AA28AE48A0094139CE2
:203FE0001FF014F81521204605F024FC002800D085E4A34800780D992DE03078002F01D0D6
:204000000821084320210143317078E4162016E0162800D073E43546B07801210143B170EF
:204020006DE4304688E0387869E0084668E00C9F109E1A250F980078400710D40F200E990A
:2040400048720721204605F0F5FB002800D056E48B4800780121890312F074F84FE40F2137
:2040600020462A4621F008FBA179059880B20090B2B2BBB228461EF0A5FF40E428781628EA
:2040800005D1A1793A780020134618F06FFE0220B0713D4638781099307101246C710F4679
:2040A000098A13912979BA8A23461CF03FFB1399814215D2388A18E0012020731078FD21CA
:2040C000014011701BE40020207218E4287812210143297013E498781221014399700EE448
:2040E00030792979BA8A28F0CBFC0A9A7080A87840210143A9701470FFF701FC042078705D
:20410000C1B2042904D120461DF03CF8B0827878C0B225F0F4FE2871348A397928F09AFB32
:20412000844201D2308A03E02879397928F092FB139A68801721104615F0FCF9FFF7DFFB64
:204140000F970E950A9B1E82109E5E820C989882059DDD820899197607995983149F159977
:20416000169ADF6119625A6209998E80C8800D810220087000204880A08EC11D129A1180C7
:20418000618E49080D9A8A4226D10F99814223D1E08E00090E9981421ED110212046CBE7FD
:2041A0007870CA7809790902891831812289891A89B2344A914200D9C0E40121B17104282E
:2041C00010993D4600D067E720460C461CF0DAFF2146A08268785FE70B980078012811995B
:2041E00008D108780F2805D1FC2120461D461AF027FD0AE0887A002802D008781A2839D193
:20420000FC2120461D4615F095F9A079298A6A8AAB8AEC8A00941AF015F8FFF770FB40006E
:204220003D463870580078805000B8803889000138810222129D284626F059FB28882189FB
:20424000401A80B20F49884200D977E40D9800880F990988491C109A12884A4351008842C5
:204260000CD90120119948740021E1830A990870FFF745FB0F20C873FE21D8E43B200DE56A
:20428000D2790020FE7F0000F0B591B0044680780025102800D9B6E3800001A108588746F0
:2042A000E5420300074A0300074A0300074A0300074A03003943030053440300074A030017
:2042C000074A03007F440300AD440300B9440300E7440300074A03002F450300834503000C
:2042E000AF4903006078002800D08CE327F028FE079027F003FF089024F09CF90BAC20700F
:204300000226102730463946079A974B984703203946089A944FB847042001212246B84714
:2043200020783043032800D06DE3012018F076FC024606200146B6E06078002800D062E32C
:204340000126E178201D62890892277B00250095314009AA2B4611F0D7FB00286DD109A840
:20436000007825F08BF804463E46083E701E86417E48807D800028F045FA0790002800D19A
:20438000DDE109A80690017878488078801E4242424100920898059422463B461AF0E0FDA7
:2043A0000BAC002714222046394627F06AFA0698007806210691484324301021224626F027
:2043C00069F9002818D10BA8FF21102225F0A6FD002811D109A801780698484325300BAC44
:2043E00022461032042126F055F9012105980140089822461DF0ACF909A8007853218900AA
:2044000040185A49897D8900079A26F043F9002800D198E15548C07D002807D105988007AF
:2044200004D55348017808981EF018FD09A800781BF008F8079828F0EDF9002E00D1E2E238
:204440004A488078022800D0DDE208981AF0DAFED9E2A08820F034FB28F048F8002800D025
:20446000D1E2424C607B012800D0D6E024F024FE00216173606A227D27F003FAD4E0201DD8
:20448000E17800230093012529400BAA11F03CFB002800D0B7E20BA80178062048432530CE
:2044A0000C340421224626F071FDACE26078002800D1A0E000255EE2012527F0A1FA002867
:2044C00000D1A0E22948C06A002800D190E00668002E00D18CE0E01C6189227B637B2469BE
:2044E0000094B0478FE2A588277B28461FF064FD002800D186E2044627F082FA002800D0DD
:2045000080E2A01D617900230093012631400BAA11F0FAFA002800D1CEE014488078002887
:2045200000D05FE20521284625F070FC6AE26078062800D0F4E0A0881FF03EFD002800D1F4
:20454000EEE00A49497C491E032900D9E8E0890001A251588F46C046754503001147030079
:20456000074703001B4703008DAF05002081002037770020A38841790022184613F0BCFA97
:20458000CEE0F74FF86A002806D04368002B03D0A08800210A469847B978A08800292FD025
:2045A0001FF00AFD002800D12DE20646A07AC00715D0B01D727900230093012111401A468A
:2045C000089311F0A1FA002809D07079022806D3A08953218900B431084200D1C9E0B87BB5
:2045E000022812D1A07A00070FD4A088032109E06089012106E0A079C0071BD10025BFE1F3
:204600000125052125F002FCFDE10125A08808347179224613F070FAF5E1A07C002839D0F1
:2046200012F07EFD0020A074502024F01BF91DF047FAE8E109A8002508262946324627F018
:2046400020F9A0881FF0B8FC002851D007466069002815D006970790113000210622089094
:2046600025F05CFC002800D1A1E0002706220798394625F053FC002800D180E06761069FBC
:2046800078790121014009A88171B91D062226F04DFCB1E0207D0026C1B28E42C4D2616ACE
:2046A000895D012906D1F0B20CF002FC606A00218155207D761CEFE70BA8007824F0DEFE96
:2046C000FF2800D18EE10246780702D4002A00D191E10C2007400C2F00D17FE1082F00D182
:2046E00086E1042F00D086E1D00700D17AE182E125F0BEF9002800D18FE0CF48007804219B
:2047000011F020FD89E0CE4800210A4603F022FCA08805211DF022FC02E0A08820F0BCFE2D
:204720000125C648C06A002800D16CE14368002B00D168E1A08862780221984763E1042079
:2047400025F0F2FE5FE1079C204625F0A1F9BB48807DC1B28F4200D35CE62188002905D05C
:20476000A278089825F061FBB448807D7F1C241DEFE7A088032125F049FB089D43E105965A
:204780000798007C0121014007913E46761C08980670009707993A463B4611F0B5F90028C8
:2047A00001D13006F2D13006059E00D166E76269002A069F20D00596107C0121014009A872
:2047C00081710892164611360622314626F0AEFB7879012805D138460C30B91D062226F08E
:2047E000A5FBB81D0622314626F0A0FB0898007C022101437971059EA1793879FD220240B8
:20480000480802230340D0183871090702D4DF21084001E0202108433871A0794107C90FD2
:2048200009AAD37906401E430E43D6716169002922D00BAE102730463A4626F077FB304671
:20484000394624F0C5FF7F4800780D277E4EC1B28D4211D23168C9190A460D3A1278FF2AD8
:2048600007D00BA8102225F0C3F9012805D0754800786D1C1E37EAE7FF2509A881790026D4
:20488000009610AA334611F03FF9FF2D1DD034281BD16A48C07C012864D0002815D16A48AA
:2048A00001681E226A438818401C895C0025009510AA2B4611F028F9002806D110A800788B
:2048C0000CF0F6FA002800D1A0E009A88179009610AA334611F018F9002824D020F0D0F8F9
:2048E00010A9087010A800785449097D884218D2A26825460C352ACD0F690095019102979B
:20490000039609A90BF03EFF0546A08816F01AFE002D57D010A800780CF0CAFA1DF0D0F86A
:2049200025E0152523E060690028DBD010A8017806204843233010210BAA25F0ABFE002898
:20494000D0D10BA8FF21102225F0E8FA0028C9D109A98A790120104025F01EFCC2E7C046F4
:2049600020810020A08805211DF0F8FA0125A08820F0A6F860780B2802D1A08820F08CFD8E
:204980002E4EF06A002812D04368002B0FD0A0886278012198476078002808D1A079C007C6
:2049A00005D0F06A4368A08803212A469847012525F05EF8002826D01F480078042111F0CE
:2049C000C1FB20E01D48417DA088002902D020F077F801E01EF0A2FD3546CBE7D00701D0F3
:2049E000100708D461790022284613F085F809E009200242F6D00BA80178A37C009628466F
:204A00001AF0AEFA0125284611B0F0BD1DF058F820F036F810A90870A1680891E16823699F
:204A2000626900292F4600D00F69009201910297039509A9089A65E7377700202081002041
:204A400009040000047A00209C790020F0B595B00F4609780626002900D0FAE27C78012C94
:204A600000D1F6E20692BD781D2D01D01B2D1FD139490978FF2900D1EBE200261D2D07909D
:204A80007DD123F0FFFD002879D005460A202856002873D00026002800D5DAE2C2B21D2159
:204AA000079825F015F8A87A80210143A972D0E2079023F0E7FD0024002800D1C8E2012DDE
:204AC00006D10546B868B98809AA25F081F90DE0817804268D4200D0BBE24368002B00D11E
:204AE000B7E20546B868B98809AA98470646002800D0AEE22E46A878401FC1B2C201490891
:204B00005118C9B2092900D9ABE001252A468A4057231A4200D19EE0BF78E841092805956B
:204B200000D967E2800002A10858059D8746C0465D4B0300754C0300AD4C0300F54F0300A9
:204B40003F4D0300F54F03006F4D0300F54F0300F54F0300B74D0300348A0020052F00D049
:204B600062E127F0B7FB09A98B780A980A88012B00D0E8E191000A1FC91EE9E12E46059601
:204B8000BA68BB8809A8009000252846214623F0F9FA06460028079A00D05AE20FA8FF2177
:204BA000017008A80570F64E706800280AD00368002B07D008A914460FAA20469847224663
:204BC00000281CD03078BB7809A900910024114622461CF0DBF90646002800D039E20A98DF
:204BE000002801D006980470B8781D28059900D02EE2002900D12BE21D20887228E20FA8B8
:204C0000017808A80278204618F0CCFF22460028D8D00A98002802D0012006990870B8787C
:204C20001D28059907D1002905D01D208872104622F0C8FC2246706800280AD04468002C3E
:204C400007D01046164627F003F8012801D13046A0472E46FDE1092903D13169002900D076
:204C60005AE73546707AC7490978884200D0DFE00026F2E0072F00D0D6E027F02BFB0A9811
:204C800009A9098889000818011F0978C01E007800024018F189884200D39CE131460C318F
:204CA000401CB08130881BF0F8FE5FE1092F00D0E5E009A801884A1E408842432423F55C1A
:204CC0006D1CF5540A9B92B29D189A5C6B781B029A180292327B012A00D04FE10197414334
:204CE00009AA0027178089B203910496354613353946CEB203998E4200D33DE10499897C19
:204D00000A9AB218521D401F83B228461DF040F8002810D0B8B2864206D00A9908188919FA
:204D200009AA528826F002F909A94888C719099A521C0A8001E009A840883118D9E70D2F39
:204D400000D0A8E027F0C6FA09A80588308824F08FFC401EA84200DD3DE131460C310998F7
:204D6000F2891018F081308825F0C4FEFEE0112F00D09EE00998401E09A9498841432420DA
:204D8000325C521C32540A9889B208188178C078000240180025B949884200D130E1411CD9
:204DA000B181F189814200D82AE131460C31308823F042FFDAE0307B012800D084E0172FD9
:204DC00000D0A8E03069717D0C256943425A09AB1B889A4200D09EE04018418809AA52884C
:204DE000914200D097E0828809A989888A4200D091E080680B9924F0FBFE002800D18AE0C3
:204E00000197707D411CC8B271753746317D884200D329E1396945434E193888495B72888F
:204E2000B388B56800956BE009A800790A2835E0BB7809A900910024079922461CF0A6F87D
:204E40000646002809D1B97809A814F06BFD0028264602D00026069806702946A87803285C
:204E6000079808D1898909AA1288914200D311461DF00CF92946084616F0D0FDE9E009A842
:204E80000079062801D00A287ED12420305C00280DD101207BE009A800790728059D00D0FC
:204EA000A8E02420305C0028059D00D1A2E0002587E009A800790A28059D00D09AE0242065
:204EC000305C454245417CE0172F24D1308824F0CFFB401FB18B0A18B283718A511A8BB277
:204EE000B18A994279D90197CD1A854200DB05463088318A3746B669F3180093ABB292B290
:204F00001CF0E2FA002800D1A6E00FA8002101703E46019F02E00FA80021017030880FA922
:204F200025F0ACFD012F01D1012008E0307A514919F05CFB1920B0704F48706016200125E8
:204F4000012857D082E0122151430A46123A1139825C405C00028018F18988423BD2314616
:204F60000C31401CB081308825F094FD307A414919F03CFB162543E0049E019F02990AE070
:204F8000348A0020E87900202420305C401C2421705409A84188481E00250A4638498842DD
:204FA0000FD8308A82420CD2521CF281317B012916D10FA90A804880324888802820887143
:204FC00010E0012F16D1002D14D109A800790A2801D101252DE0002512E00FA801219CE7E4
:204FE00031460E31308823F039FE307A214919F0FDFA162509A8092F02D10088002813D05B
:20500000707A09A90091002207993B461BF0BEFF002802D00120059006E009A8394614F08E
:2050200081FC414241410591162D0ED0002D059D07D1707AB378002100911A2207991BF0E2
:20504000A5FF304616F0EAFC00E0059D069805702646304615B0F0BD3E46387A054919F0D4
:20506000C5FA1620019F6AE73E46B87D0FA908704FE7C04630750000CDC40500FFFF0000EC
:20508000FDFF000002030000F0B587B0DA4EB4686068002804D04079401E032800D2DAE25B
:2050A0002088411E1F2938D801228A40F8490A4233D0307800283AD00125284620F082FA1A
:2050C000002804D0012020F0B9FA1AF0ABFA0827384620F077FA002804D0082020F0AEFA37
:2050E0001AF0A0FA27F098FC002804D0102020F0A5FA1AF097FA208805F090FC064600284E
:2051000005975FD03088102800D9A1E08540E948054200D19CE070689DE040280BD08028B0
:2051200009D001210902884205D0E3498842002025F0FAF98FE2E14D6878002808D0012804
:2051400042D1A87827F042FA27F045FC00283BD0B08805F063FC002800D1CEE07088C0064D
:2051600000D178E20124204620F02CFA002804D0012020F063FA1AF055FA082020F022FA0C
:20518000002804D0082020F059FA1AF04BFA27F043FC002804D0102020F050FA1AF042FA17
:2051A000B08805F03BFC002800D154E205460088102800D960E18440BE490C4200D15BE111
:2051C0006A685EE1002046E027F008FA27F0FEF9074600680390406804900120000220F09A
:2051E0002DFA029025F0C1FF0590B879E87000210222069738460191174627F0E6FB032891
:2052000000D128E205462088402806D10698807927F0D0F9012800D11DE2059C002C00D173
:20522000F7E027F0BFF805460498C069E16922F015FE00280AD1F0482C180498C069059968
:20524000C96927F067FCA04200D9E3E00427E1E030461AF0E7F90690984F7878002808D06B
:20526000012833D1B87827F0B1F927F0B4FB00282CD0002E41D000200122314627F0A5FB76
:20528000032800D1E7E1B44200D198E03088411E072900D91CE1880001A108588746C04691
:2052A000C1520300EB5403002F510300F35403002F5103002F5103002F510300FB540300EE
:2052C0000698002800D1C6E1FF2076E027F086F927F07CF9054604686068049025F045FF8D
:2052E0000146A879F87006980028039408D03046214606F081FF074620E0DD48002133E0B0
:20530000022700291AD055208000285A0C4627F068FB01900498C0690294E16922F09EFD2B
:2053200000280AD1D34801990C180498C0690299C96927F0EFFBA04200D804272846314634
:205340003A4627F042FBB84203D00328074600D181E1022F0AD0042F11D120F051F98028DF
:20536000059900D00721C248017074E1039C2188A879802943D1049926F0D1FFDAE0002E36
:2053800000D1D4E63088411E072900D9B9E0880001A108588746C046B95303000356030001
:2053A0002F5103000D5603002F5103002F5103002F510300255503003846069985E02088D4
:2053C000411E072900D9B0E0880001A108588746F1530300175603002F55030025560300C2
:2053E0002F5503002F5503002F550300F15303000698002802D09DE0787700202BE127F08A
:20540000D9F8012800D126E1A879049927F02EF990E02F467088C00600D1C0E0012420461F
:2054200020F0D0F8002804D0012020F007F91AF0F9F8082020F0C6F8002804D0082020F042
:20544000FDF81AF0EFF827F0E7FA002804D0102020F0F4F81AF0E6F8B08805F0DFFA05460D
:205460000028059E75D02888102865D884407F48044261D06C6863E028461AF0D3F8024653
:205480002888411E07292AD8880002A1085887468B800080C15403000F55030057560300B9
:2054A000175503005756030057560300575603001F55030002010100FFFF00009C780020C0
:2054C000002A00D1C7E0FF20114627F0CBF8C2E0102800D02BE60698002815D1BBE01028A0
:2054E00000D0B8E0002A0FD1B5E0FF200023314694E0FF200023314697E00698002811D1A0
:20550000A9E0102800D012E627F0C1F9A3E0FF200023294683E0FF200023294686E0002A59
:2055200000D198E027F0A7F995E0102802D0002024F0FAFF20468CE028461AF073F80446C0
:20554000002C06D02846039906F056FE0746019417E0002E15D026F025FF04460498C069C0
:20556000F16922F07BFC00280AD1424824180498C069F16927F0CEFAA04201D9022700E0BC
:20558000042700210222069827F01FFA022802D0032860D00746022F01D0042F10D1022FE2
:2055A0004DD10398018806988079802903D1049926F0B5FE02E0049927F058F8039848E086
:2055C000002D00D1B3E52888411E072931D8880001A108588746C046FD5503005B56030087
:2055E000395603006356030039560300395603003956030025550300901A00003846019968
:2056000063E738463146069A049B08E038463146069A049B0AE0FF2000232146069A27F0A6
:2056200042F918E0FF2000232146069A26F0C7FE11E0102800D167E7002024F075FF1FF014
:20564000DFFF802801D0072200E00822029808490A7013F0B7FF07B0F0BD38462946019AB6
:20566000D2E738462946019AD3E7C04602010100F5790020901A0000F0B593B0002800D10C
:205680002BE204461B20000120180D905B20800020180E90FF200146663162182321C9004D
:2056A000611809910146063161180B912146F0310F91214684311091264677362146763138
:2056C0001191214667310C910E3020180A90501C02902046E03006902046A430059020463D
:2056E000D03004902046B43008902046BC3007901F4F1292B07A0025002800D15AE231780C
:2057000008462D380D2800D8ECE1881E152846D8800001A108588746EF5A0300B157030055
:2057200075570300BB570300EF57030049580300B157030057580300B15703006D58030008
:2057400089580300AF580300B7580300DB580300095903004559030079590300B15703002D
:2057600085590300B1570300A3590300CB5903003076002026F09AFF00D0C8E1F87A00288F
:2057800000D1BCE100200C994871FC2127F07CF8A0790899079A1DF05DFC129AAAE7FD2951
:2057A00000D11FE1FC2900D104E2FE2900D1DCE1002024F0B9FE129A9CE726F077FF00D011
:2057C0001CE1F87A00280F9F09D0012110988175A0790A4626F099FD00207860B860B87B93
:2057E000012800D08BE1062127F04EF84DE126F05DFF00D08DE1F87A002800D17FE1608C2B
:20580000E083204619F0DEFE01250C9F3D7020461BF083FE7D710F9D297B0B9802781020DF
:205820001040012900D033E1002808D000201299087048780999896C490818F0D7FEA07929
:20584000002120F073FE32E1072127F049F9012800D13DE1AEE126F029FF00D05BE1F87AAF
:20586000002800D14BE1608CE08331E126F01EFF00D0D6E00F98C07B012800D03FE1FC21D1
:2058800027F002F8129A35E726F010FF00D044E10B99087C012800D05DE1487C012800D0F9
:2058A00016E126F097FA00201EF076F810E126F0FDFE4BD036E126F0F9FE00D034E10F9FDA
:2058C000387D032800D1D6E0022800D07FE1A17900200A9A1AF09EFDD4E026F0E7FE00D005
:2058E0002BE11079012816D0D078012800D080E00020D070A179109DA8894208EB89288A9B
:20590000000900901A201AE026F0D0FE00D016E1107901286DD10E98007E0F2803D00020D1
:2059200024F002FE129A002010710E98407EA179109DAA895208EB892D8A2D0900951DF04B
:205940001DFBC5E026F0B2FE00D0FAE0F87A002810D0002210988275A0790127394626F009
:20596000D4FC03960C9E377020461BF0D6FD7771AB4F039EB87A3EE026F098FE00D0E2E018
:20598000F87A38E026F092FE00D0DEE00D9A107881065AD4810700D4B1E0FD210840107092
:2059A00065E026F083FE00D0D1E00D9A107B410614D4C10700D081E0810700D411E1FD21C4
:2059C00008401073A1791A207EE026F06FFE00D0BFE00D9A107B410600D490E0BF21084073
:2059E000107375E01098817826F04EFF0120119914E01098007900286AD180E00F99087800
:205A0000012800D1D9E04878002800D1D2E006980599049A1BF040F901200F990870129A5D
:205A200068E60B2127F05CF8012800D0C2E000220F98C27310988275A0790125294626F085
:205A400064FC11980570129A54E6DF210140117001070CD5D72108400D990870A0790E9D15
:205A6000298EAA8E6B8EED8E00951DF0CFFA00200E9988772CE0A1791A200A9A1AF0CAFCBE
:205A800000203875204619F09DFD129A644F31E6002807D00998806C420862482146029B36
:205AA00026F06EFBA0790021012220F025FD5C4F002028732874E881129A1BE6FE21084059
:205AC00010730E98407EA1790022134617F04EF9204619F077FD129A0CE6002024F024FD26
:205AE000012567E0204626F058FF054662E026F0DDFD5AD1B87A002801D0162103E026F063
:205B000073FA57D12221204622F034FEE8E704214CE006214AE0092148E001200B9988747F
:205B20000C2143E00D2141E00E2126F0D9FF1199087001200F9908753CE00F2136E01021AE
:205B400034E0112132E0122130E014212EE016212CE017212AE026F047FA2BD126F03AF946
:205B6000222528461DF018FF45E01098817808460C38082842D8800001A210588746C0464C
:205B8000A55B0300FD5B0300A55B0300075C0300FD5B0300FD5B0300FD5B0300FD5B0300D2
:205BA000A55B030026F070FE0FE0022126F098FF11990870284613B0F0BD052126F090FFD4
:205BC0000128F7D100250F9885730120F0E726F00BFAEFD1A179222528460A9A1AF01AFCAA
:205BE00009E026F001FAE5D1A179222500222846134617F0BBF82046294685E7002528461D
:205C000024F092FCD6E7FC2126F03EFEA0790E9C21886288A388E488009418F013FBC9E76F
:205C20003076002035B70400F0B593B00127384620F050FE012800D09AE22E4D287826F01C
:205C400030FB002800D193E2064600203072301D11F068FB04F066FC002854D0044630468A
:205C600074300D90FF200690E63020180E902B20C00020180F90A920400020180C9020461D
:205C80002E3011900A9767710720089022F0C1FF19494878401C4870A079B072287817498A
:205CA000087040200EF0CCFE2060306E4C3000210B9113F08FFA074603462933306E10962B
:205CC000716E4A78016BD006099320D43320C00020182268D1605D7803232B409B0001A5A4
:205CE000EB589F46015D03001B5D0300275D03002D5D0300D87900209C780020D779002077
:205D00000B23DB010BE0812026F074FD30E20B20C00108182168C86010E02D231B01C9185A
:205D2000D1609D4906E0B5239B0100E09B4BC918D1609B4909880F9A518701800D9D0C9A53
:205D4000B8794006C10F532080002018117039460831944E06220592B04728780E99087041
:205D600020462430394614310422B047204628303946183103220792B047F87E11990870B5
:205D80002046303039461C313D4602273A46FB4B98472046323029461E313A46F74EB047DE
:205DA00020463430294620313A46B047A08E6084204636300D95223529460C973A46B04782
:205DC0001199087840000870208E40002086608E40006086E18E0901E18689B2628C521CC2
:205DE00083B253435A00914200D8CBE0000400D1C8E00720DD21049180010E9025462C3506
:205E00002046119924F06CF80527A781204623F057FB264662360D99243130463A4625F0D1
:205E200085F8099F38784009287023F0E7F96082109D698D401A0F99C88038781F210140B9
:205E400011988173204631461CF064FC686E4078C00603D5CA48006826F098FC0498400030
:205E600009900E9820180390C64BC7480168A27938200E90424388188B50C4490B9D456024
:205E800081600C302C21049126F026F9C0480068A1791C27794346181221304626F01CF913
:205EA0000B20029070827561B561B9480068A17901974F43C019B44B1A680E9D694352187F
:205EC000106318684018B34941631098406E4078C00603D4B249039801600EE0039AAE48B4
:205EE0008078400601D4116807E00D988079800601D5AB4900E0A9491160099827182046B8
:205F000088470146A0480268A0790E9B4343D218049BD154119A1173917AD172109D6A6E21
:205F20005178C9060D973FD4286EEF21890041182D23C75C907D83280A9A02D0032802D1EB
:205F400002220D9B1A710A7812A90A7023F0B9FF384626F058FA002814D012A801780798A4
:205F6000014020461DF0D6FB00280BD086480068A1790E9A514340188A4909783A4626F0CB
:205F800083FA29E089480078802110F0DBF83B21204622F0EFFBEBE0C2790020B80F000013
:205FA000C07900202DAF050029353978002904D1002024F0B9FAA07939783A791CF054FADC
:205FC000204626F0B6FD70480068A1790E9A5143401829782D2281540A9B6D4E316835468B
:205FE000A079019F3A46424389180B74626A4A61A26A8A611E4617F00BFE2868A1793A46B7
:206000004A438018684A136814254D43585110684019A06623F0ACFD5D480068A179794346
:2060200037464018083020675A4DE81C152126F053F80B9828807F20A8705C480078042642
:20604000314610F07FF81098406E4178C9060C9909D43A46807D079908400328059800D0F5
:20606000304601461746208E0D18A561608A6843192109011EF0E4FC411C61612168CA688C
:206080004B4B5D43AA184B4BD218101A3E4D2A68A3790E9E7343D218D0618860908838432D
:2060A000FE21884390802868A17971433A464718FA71F8692668306160694000119909788A
:2060C0003B4A514340180299C9014518232000012818F88580B20F990860618E3648027C5F
:2060E000437C1B029A18837CC07C0002C018000480180068484364211EF0A2FC2C4948433D
:206100002C4940189130B8620D980078042805D138462E301B4949193C310180776026F03B
:2061200012FC002809D00698063020180078000703D50E21204618F083FD20480899017056
:20614000A0790D49887021681D4A4A610E4B19680E9D684309181B4A8A61196808182121B9
:20616000090201611868A1796943401816214161FEF78AFF13B0F0BD9C7800202DAF050038
:20618000BC8A002004100000B88A0020B16B0300108500203076002026770020891005002E
:2061A000CF2B0500DC790020F48A0020D2790020C4090000BFFAFFFFD8040600F57900206E
:2061C000DD10050075310500F0B5A5B00446E8484068002802D08047002842D00321FD4B9F
:2061E000FD480078421E1394002C0E9200D001220904169159780F919D78DA731F461837E1
:20620000002415941495C0B2844222D2A5421BD0E5B2002117AA04262846334624F036FD39
:2062200017981699084202D01599491C15913043C0B27C2806D10621F8262846324624F08C
:2062400031FD3E70E34B149D641CE34800780C37D9E71599C9B2401E884204D1587900283E
:2062600001D100202AE201200C901398002800D1102009900C98C0021290002008900590A1
:206280000F9D0E9C0899200400D1E5E11591D87B002801D10120D873EEB2002717AA04233E
:2062A0003046394624F0F2FC17981399002913D01699084213D0701CC74909781EF0C0FBBE
:2062C0000D46C44B129818825973D87B401ED873641E1599491CD6E70B970F9D02E00E942C
:2062E00015990B910F95C0B2702804D00F98C0B2702120F083F91498C7B2002517AE042366
:2063000038462946324624F0C1FC3078FE2803D0FE21384620F072F90621FE26384632464D
:2063200024F0C0FC0C2210467843E74C2146163110970F18B81C0790BE701498207312981D
:2063400020820F986073C6B21192104670430818C0880D906082FF20A073A5827D2081009F
:20636000DC48049125F0B8FED6480570E07BD84971180818D5490E7800B231461AF062FBAD
:206380000F9B22461491B81D0690F8880A90109F1595F6B20D99DCB2BC4200D1CAE0E80724
:2063A00000D0DDE08FB2162F19D81598002803D011986043101881831498C0B28442109F26
:2063C00000D1D7E0601C26F03BFBBF4A0B460846119948431018818B00251595DBE7B948CA
:2063E0000078002800D03CE70F930D91CE1FB1B218AD20462A4617F091FAE989084610304D
:20640000B8420CD8A87A962809D1751A18A8427AA8B20E46234619F016FE002834D00D99D3
:20642000491E0846A84A0F9B0B9E109F0D460D9080B2162800D80DE1362803D80D98064663
:20644000163E01E020260D98801BB3B20D9081B21DAA204624F01AFC9B4A0F9B29463004C3
:2064600008D0B0B21DA94018401E0078962804D0761EF3E70B9E0D98D9E70D9830180D9056
:2064800000259248067884E7029518A8C07A0025C10707D180078C4A0F9B109F08D4029892
:2064A0000D90EEE702980D90874A0F9B109FE8E7F61D0A9880B2B1B20918129801918142D0
:2064C00001D90C9DDDE77F480078029F310420D000281ED10D96B6B20498864200D3049E75
:2064E000B9B2204603977B4A334624F0CFFB0A9FB9B21098774A33461FF08CFC7149087056
:20650000BF190A97039FBF190D998E1B6E4A0F9BDCE71598401C1590019CA0B21299884202
:2065200004D102980D900A940C9DBFE702980D900A94BBE763480078002800D091E66448AD
:206540003018001900B231461AF07CFA5E4A0B46C8B2119948431018818B139C0B9E11E00C
:206560001598002807D0119844431019818302E0F0820020149B139C0B9E5248007800285D
:2065800000D06EE608460A9911829082937306980180517B1220125E0123384621F0BEFF3E
:2065A0004948817B1420484A125E0223384621F0B5FF4548008A1299081A002C04D009992A
:2065C000884201DB0C9905910999884206DB7C2105E0C046F86F0020D479002078213846FA
:2065E00020F00CF80DF01AF805463846364FF97B491BF9730621FC24224624F053FB079836
:206600000470B878B1B26918081830490E7826F017FAB9701491481CC0B226F011FA7970FE
:20662000B97B119848433818808B102804D1481C26F006FA244B00E03B460F9113980028CD
:206640000C9801D00598C0430E99491B0E91C00702D015E6139C90E77C2020F033FD04469B
:20666000FF281AD17E2020F02DFD0446FF2814D115494C780C2060430818807DFF2808D0CD
:206680008878124909784018401E1AF0DBF90C4603E07E2120461FF0B1FF0B4DEC70E0B24B
:2066A0000C2141436818808BE880A878FE211FF0A5FF00206871288A1299081A00B225B045
:2066C000F0BDC046F0820020F86F0020D4790020FFFF00007C620020F0B59DB00446FC4EFF
:2066E0003078FC4D2870032800D025E100203070287011A825F05CFD002800D01AE101207D
:206700000E9011902846243011A91DF043FD002800D00FE10E98C0020D90F44F5E21384644
:2067200025F0DAFC0C370A21FF2238460C9225F097FB21F0C5F90020109021461CF0AAFD73
:20674000A86029460C3125F0BBFD2C696D69204629461EF075F9C2B2062A00D30622E34832
:206760000270E34F3A700D98854200D0E2E0D002844200D2DEE0DC488068002800D1D9E0E7
:20678000DA49109E4E710C9BCB700E98C002C8800696099607960596049608960A960193F8
:2067A00003930293D1B28E4200D3C7E0F4B200251CAA04232046294624F068FA1BAA2046B3
:2067C0000F952946F54DA84701271AAA20463946A847022119AA2046A8471C99C8B2024603
:2067E000703A0E2A04D83B469340ED4A134203D10246FE3A022A03D28A0CEA4B9A421FD010
:20680000204610F079FAE1490870002800D0CCE0354600261CAA04232046314624F036FAAA
:206820001BAA204631462E46DC4DA84701211AAA2046A847022119AA2046A8471C99C8B285
:206840000C2210967243D24B9E183346163318700A0AF2758903890F71761BA989783176A0
:20686000FD2801D9102127E01BA90988CE4A914222D10B930F9814900D9DA8B2051FA9B242
:2068800014AA0423204624F001FA1498411C03D12946C64A1140F0D139460B9BFAB2042A31
:2068A00006D8C2B2FF2A00D03946000A7F1CF5E7C8B2281881B21878B1831AA98978B176F1
:2068C0001A99F18319A98978F17619993184702810D07828AF4F109E12D07C2814D07E282C
:2068E00017D0FE281BD0FF281ED10698401C069002961CE00898401C0890A64F109E16E039
:206900000498401C049012E00598401C059003960DE0B0B201900798401C079007E00998D8
:20692000401C09900C9602E00A98401C0A90761C3A7837E7012030701DB0F0BD0A98000601
:206940000BD10998C0B2012807D80898C0B2012803D80798C0B2012810D98F48042101709A
:206960000024D1B2E0B2884210D210F0C5F9874A117801431170641C3A78F2E7D4B2069826
:20698000C0B2A04214D18448002101700020804C6070511EA170E070A18BE1807E211FF099
:2069A0002DFEA078FE211FF029FE78480078C3E70898000622D00998000604D106980006A5
:2069C00002980C9073D0744802220270704E0C9CB470A0B2401C1EF033F87170E4B220469E
:2069E00010F08AF969490870FE2120461FF006FE0E9870710020FFF7E7FBD6E7099800066F
:206A000019D065480E9A0270614C0C98A07080B2401C1EF015F86170039880B2FF2819D10D
:206A20000198FF284AD15A4AD1700C2048431018808BD080B9E70598049908430006554F8D
:206A40008BD021F057FDA04200D38EE05248032101704FE04E4A0399D1700C214143501867
:206A6000808BD0801828A0D3C11F0398C0B289B214AC224616F052FFE07A4007BAD54449A4
:206A8000C878C98814ACE289891AC91F0022009289B20323224608F0BBF8002885D1A189DF
:206AA000002982D014A8007C1DF08AFE7DE721F021FD3949A0420FD306200EE03449019A89
:206AC000CA700C2050430818808BC8806DE7C04637890020F082002003200870032809D0DF
:206AE000062852D061E7C046F0820020F86F0020D479002021F0FEFC0446254E30730C25D6
:206B0000284660433018817E7173C07EB0730CF085FD00191F490C7821461DF091FFB17030
:206B2000481CC0B221461DF08BFF71707C2020F0C9FAFF2810D17E2020F0C4FAFF280BD1BA
:206B4000FF2020F0BFFAFF2806D1782020F0BAFAFF2801D10E4840780D49C870C0B2454364
:206B60004819808BC88088781CE70698000609D007488078FE211FF041FD064801780298CD
:206B80000C903EE7044806210170FEE7F0820020F86F0020D4790020E4790020B1BA0500F8
:206BA0000151000083250000FFFF0000FCFF0000F0B587B016460546041D500405950294BA
:206BC00042D40191C805C00E00D18AE001200090000431468143039100200690864C87485C
:206BE0000068042800D288E00496002020F052FA80B2451D2F4682480740606939461DF042
:206C000053F906466069864204D008200699014306916661002E69D0A908F08935461035BD
:206C200028181AF0E1F8F0892918E279CA70C019F0810420069901430691059D286B08308D
:206C400022F0CEF9039ECAE704962E462C36FB4C22F036F9039025F0F4FB2F6B7969B869DD
:206C6000009121600002F7490860F748808DF84CE08121F08FFCF449888600200190F04996
:206C800008830697788AEF49888010206071688821F094FC0446307816F080F9294682276F
:206CA000002821D0054608462D3000781FF05EF8002800D0B8E0032C00D0B4E00698007CAB
:206CC00041424141284602F00BFF20F09BF9DC48019AC286B056C1B2402900D2D7E01146D8
:206CE000D7E00020069011E00D469EE085206071DA4800990160059D049EA079002804D07A
:206D0000686BD449C96817F0D3FE029C0198800431D50496CE4E7089D1494968411A422082
:206D2000375A0391B94225D24420345A286B22F00FF9002810D0022101728189491DC94A7C
:206D400011407F1AB16B884202D10020B063F063641E0398B842E9D3039887420DD1002CC9
:206D60000BD4383603987081B481102006990143029C09E0049E06990AE084207071B748BC
:206D800001210160029C0699B648001D049E06437006C70F0F430120C503681C0199014245
:206DA00038D0032000BF00BFA64880880599096B48820224A6484079102825D1019828405C
:206DC000A14800881ED1411E062900D9A3E01320890001A251588F46096E0300F56D0300AD
:206DE000136F0300176F0300176F03001B6F03001F6F0300142007E0346F0020CC110840DB
:206E0000FCFF01001CF0FAFA2743029C2178000208182080B807059D14D5686B8D49C968EF
:206E200017F046FE0EE02746059D049EF8B20F2801D8002000E00120029C21783A02891879
:206E4000218047006078000203210902884213D1F00306D5286B083022F0C2F80120000409
:206E600086438048001D064206D0286B784A38320023D9430AF056FFB80705D520F0DEFD75
:206E800024F0E2FA23F05EFB384607B0F0BD402211436F4A7F240028059D049E01D4084613
:206EA00000E02040684948861179002904D000060099484065490860FF206249888228460D
:206EC00003991AF00FF807460F28AFD8686B0025002829465A4B5E4E44D05E49C9681962B3
:206EE0000021417084700278D2071CD1554AD186118751879187D187198059809980D980D2
:206F0000198159819981D98101758160C160016124E0152078E7102076E7412074E70220AC
:206F200014F09AFF70E7017A464AD186417A1187817A5187C17A9187017BD187417B198059
:206F4000817B5980C17B9980017CD980417C1981817C5981C17C9981017DD9810078022139
:206F600001404908B171029800780128284604D13848C0680599C969081A019021F0E6FBC2
:206F800020F072FD308175610598006B083022F027F8012722F03CFC70810698017C0029D3
:206FA0002B4604D0428A182111404B424B413E04274C22463832A563E563177255819581D1
:206FC000022103920AF0AEFEA2791F48808D2249002A02D08031084602E04007400E48405F
:206FE000059D0499B1430E4624F012FE0698007C002806D0E98D01984018012803DB032736
:2070000002E004240BE01327002902D0012800DA0CE7002900D1084609494882032424F0B1
:207020001FFD022000BF00BF0C4804600023D9430698039A0AF076FE0327F7E64014084051
:207040007C2009403C2009400620094040140840346F00205074002071A10000301008405A
:20706000CC110840FCFF0100F0B591B0002410940F941E26002800D152E10546076E0FA9B6
:2070800010AA0BF073F9072801D1072648E129462931686EC07C7F280D9103D1E2480078E2
:2070A00008700BE040B2002123F096F90D990870C0B225F0A8F9002800D130E10196284663
:2070C0005D300A90384661300C903E462C36391DD64838600E918C700C80FC71D448B86024
:2070E00038460C302021029124F0F6FF07203070701C0F2124F0F0FF0D98007825F0B3FB93
:207100007070686E407A30700E9B188801221043FE210591884318800792FA7125F066FB0E
:207120007D21490140180490F8610B940996B470A87B012802D107980999C8703846B830C2
:20714000069038468030089038463C30394664317863B9632A21009024F0BEFF7F200C99EE
:2071600048710B98B866F8660E97386704982861B04800780A990870AF48007800280D9E01
:2071800012D0707E0599084002280DD1AB4C20680D3023F0B3FF002806D12846303021685A
:2071A000C91D062223F0C2FE707E411E8841099B1946343103910A9534240494195DFD22B8
:2071C0000A404000101818550E9854300A9C30349B4B06262146324698470C980B99C1760D
:2071E0009848089D6880079FAF800E98883021463246934B9847EE71069D0B98287091483D
:20720000E8802F8109980499405C0A9A0E9F4001402109910840001DA8723846C430214697
:2072200014463246864B9847EE72A07B012801D0042878D1039D28784001099908400D9FCB
:20724000B97EC9014018401C089EB0710C20F0710E988E303C3406220B92214623F066FEAE
:20726000B87E0E9F2978079A1040059A11400818287038465A3021460B9A23F057FE069DD2
:20728000394674313C46B034F079801D3080E87A801DA8806E488078400606D5B079029AF3
:2072A0001043B071A87A1043A8723D464435284623F064FD2846214623F060FD3C464C34A6
:2072C00021F0D2FF0146204623F028FD0A98006FC17800790002411802D05E48484300E0E6
:2072E0005D48554AB8625D48002602213E617961B8611078002804D00C9A10781C2101437D
:2073000008E05248006819F01BFD0C9A1078EB210140103111700F985149818000E01226CB
:20732000304611B0F0BDA06E002810D0C11C0A78497809028A180AD0411D38468E3023F0FF
:2073400080FAA86EC078089AD1790818D071E06E002810D0C11C0A78497809028A180AD01B
:20736000411D3846CA3023F06CFAE86EC078069AD17A0818D072A07B022800D00B9E0328FA
:2073800000D10226039800784001099908408019089EB071606E807C0C9B197803220240ED
:2073A000FC20084080181870606E817C0029069D00D165E724483C22805C012818D125F0C8
:2073C000C9F8044625F0CAF8014620461CF07EFC00280A9C019EA3D125F0BCF824F063FA7D
:2073E0000C9B197808220A431A70616E897C0CE016480068027943791B029A188379C07993
:207400000002C01800048018001F059A0A40022A01D1009A1060022211430329089E00D0CC
:207420002EE738642CE7C046DC7900200110000091210300268B0020A47800209C79002005
:207440002DAF050003020000D48300203879002026770020409C000000204E002D31050094
:20746000AC0D0000F0B591B0EF488078FF2800D151E125F0ABF807460646FF202030395CBF
:20748000012903D138184178304642E10F20400138180C90DB20400038180E909F243D4681
:2074A000763520F01EFEA87C022814D10C98007900070ED5B179708E4208B38EF08E000981
:2074C000009000201BF05AFD0C9A1079E721014011710020A87402954B21912260003B46CD
:2074E00096330A930E9B1B78022B02D100230E9C2370890055003C1838462E3001900A9849
:207500000078022810D1002010910A99087025F01CFA1099012807D1B07939466231019A61
:20752000127B1DF00DF910990F967E18099778190B90218B002902D0A07D0EF003FE072011
:20754000039021F066FB0F9948890881B748427C457BAB18C77B0797DB19877B1097DB1973
:20756000077CDB190D93B24B1B6808938B7938210691059359433B4607462846089D69184F
:207580002C25495D0491B18808928918079AB180F97CF5886918F180397D3589691831818E
:2075A000718909187181B189109D4919B181F1898918F181318AC9183182B97C2588691804
:2075C0002180797A658869186180F97AA5886918A180B97AE5886918E180397B65896918E1
:2075E0006181397AA5896918A1810B9CA188491CA18021880D9D491921806188091861808E
:207600003568002D0ED0049949006A186B5A0D9C1B196B524A21535A18185052B87B10903E
:20762000FA7B3B7C089800282CD11098002829D1002A27D1002B25D10027039D2846059979
:207640003A461FF0CEFA0F9CE7830C9F3868397929400126F2070240501803D0A079002181
:2076600024F0FCFF714B587B0028099D1CD0207C002801D0E089A081207F012831D1608CDD
:20768000E0832EE000260E9806840C9F3868C10F0F9C099D4AD039794A07920F3DD00021CB
:2076A000059824F0DBFF41E00B99C888401CC880207C0226002814D0606940000199097892
:2076C0005C4A4A4380187B2109014018109058490968A2793046069E7243064689181098B0
:2076E000C8852089A189884204D0401A2DD9524988422ADC3879800603D5A0793E2125F065
:2077000066F90B980088002801D0082100E03E21204621F02FF811B0F0BDCAB2521C039BEA
:207720001A40F8230B40D118386039712089E1890818A081207F012801D1608CE083A17907
:20774000072001221FF04DFA384B2B20C0002918587A00280FD001202077029800780028EF
:2077600009D10298807C002805D10A980078002801D1608CE083087900280BD0022804D1B5
:20778000987B002801D1002003E0187D002801D002200871587800280BD058682168C8606C
:2077A00023480168A079069A424389180022CA850EE01F480268A079069B4343D218D38D5C
:2077C0000B601A4BD1692268D1600021E1832177743599787F2900D18121297025F0E1F86B
:2077E000204625F0DCF82046FDF746FF012892D00121204613F024F9104810301DF05AFF6A
:2078000030460D9922460DF049FB022E01D00020207400F015F825F0DCF8002800D17AE7AE
:20782000FDF732FC77E7C0469C78002030760020B88A0020C4090000AA1000001485002026
:20784000F0B58BB0D84CA078FF2803D1002022F06BFEA07824F0BAFE04461B2000012118D3
:207860000A912056002806D57F2108400A990870204613F0F1FB2246883221462E31A06EA6
:2078800000680068002802D00020E08312E04820085C00280ED1107800280BD1907B002817
:2078A00008D10A988079002804D1207F012801D1608CEAE709920191DD252B200890218944
:2078C000E08B06914E1C37186781204621F0A8FC012803D0B5480078012803D10020E083F9
:2078E00066813746680007900898C600099D287801280BD16A88B9B206981FF04BFD0028FA
:2079000004D024F0FDF82FD06A8824E0A87B01280BD1208961892A8A1FF03CFD002804D0E2
:2079200024F0EEF820D02A8A15E00A98807901283746079E18D1208961890A9A12891FF004
:2079400029FD002810D062892189481C80B282420AD00A9A1289824206D0501E608180B2D6
:2079600024F0D7FF401EE083A619E7190A9A90790021012803910FD110892189491C89B24F
:20798000884209D87378337002209071A17900201A46039315F0EAF93879002804D00020A6
:2079A000E0832089401C6081287801280896049710D1688821894A1C92B290420AD16081C9
:2079C00024F0A7FF618E4143E8880E1820460FF0FFFC00E0668E0F2125462035744BE28B94
:2079E0000692571C77437B432668F06818180790F060704838220A92825C002A029306D0E6
:207A00006D4A5278002A04D06C4800220280608A0EE00591694A13885A1C68490A80002BF7
:207A200001D0608A03E0408F049AD28810180599784349010591192109011DF001F8401CDA
:207A40006061A761069929705D4D2968A2790A9B5A438918CA693261079A101AC861B06022
:207A600008798880A08A2F68A679194671437A1811462E31D38D40001818D085099A1278F0
:207A8000022A05D1019A1278494B5A4310180880059AA5182022484B5B78002B05D0297938
:207AA000114211D131460A9D1FE0039B042B03D1E1231B01C018088028791042079701D0F1
:207AC000002008800A9D2CE00021304624F07FFF2879DF210140297139480768A1790A9DF5
:207AE000284648433818C08D0E46694307977918CA69344BD218CA6123689A60029FD21BE7
:207B00001A617B2212018218CA85089B1B78042B04D12E315722920182180A8090B20499A9
:207B20000860618E2848027C437C1B029A18837CC07C0002C0180004801800684843642149
:207B40001CF07EFF1A4941431E48401890306E432F4607998D19A8621C4E307824F083FE1A
:207B60003178C2B2284624F08FFC089D2978002903D1002022F0D8FC2978A0792A791AF02B
:207B800073FC204624F0D5FF0D480068A1794F43C019216848600E4807210170204619F057
:207BA0001BFB00200BB0F0BD9C780020077A0020C4090000D4830020307600201A8A002084
:207BC000B88A0020C0FAFFFFD8040600DC790020F5790020F0B589B00446016CC26A1EF0D7
:207BE0001DF8E16F4A1C904201D935269BE1002813D0206C8A0087180837891C384624F001
:207C000028F9A168384623F063FA002807D0E56F691C884205D9C62685E1532683E16C260B
:207C200081E123786626022B00D27CE1052B00D979E1216C0A6801263240032B334600D3EA
:207C400000235A4080230893E2500790E06720463A460B4612F0F5F920784000001F314684
:207C6000814008982150216C20460A461EF03AFBE567E16C2046324623F061FA626EA06EE9
:207C8000E16CA36FE56F0095A84DA847A26EE06E24F053FBA06EE26E24F04FFB216F226B1F
:207CA00020461DF0BBFFE56FA84201D93C263AE100280ED0606CE26E216F24F0FDFD216FB2
:207CC000626B20461DF0AAFFE56FA84203D9652629E1C32627E1064600280ED0A06C216F2D
:207CE000A26E24F0E9FDE16EE26820461DF096FFE56FAE4203D95C2615E1562613E1264665
:207D00008036A26EE16E206F24F0D6FDE26C206D216FA36FE56F009500F09CFFE06F421C3A
:207D200006963260666D00252778B81E0123194681408D4209DA616C304623F0F5FF0698CA
:207D40000268900036186D1CEEE70893A06D0025069EBB1E089999408D4206DAA16C0746B0
:207D600023F0E2FF24F044F8F3E7E06D0025BB1E089999408D4206DAE16C074623F0D4FFF1
:207D800024F036F8F3E7216C08788007C30F07984001401C0026049607960396089A0190FC
:207DA00090426BD90593801AB842069B00D338461860204608921DF017F907994118C8B287
:207DC0007A1E01252B4693409842029500DA00252A46BA40984200DB4842059B0799C9B2CD
:207DE00007911018DBB205935349C95C049AD7B29E00524A92197B00D218525D92005118C2
:207E00000006800D001F04229043081806990860204600F0FDFB6800494989190918079AE4
:207E2000895C0791474989190818C05D04902778B91E45488019405C089A12181420059BEA
:207E40005843424B1B18052041435918039E8E5D216C53099B00CD581F231340DD40029B29
:207E60001D40079B5D4045430A20059B5843384B181840190396835D019891E70798C0B2D2
:207E8000012811D10498C0B28000C01C069E3060274D2046A847012030602046A847022048
:207EA00030602046A84727789926032F3BD30020C0430790B91E012008908840FE30069D5C
:207EC000C7B208982860002F11D07A1C2046394605F044FD089828602078801E0799814081
:207EE000C94320463A4605F039FD781EE8E72078801E079F39468140CA43002105912046BA
:207F00000C4B9847089828602078801E8740FA432046059F3946074B9847089A2A6020467D
:207F20003946044B9847304609B0F0BD558C0300118603005DD903005E0E0600A8070600DA
:207F400078070600C007060090070600BDF30500D0FB05007FB51546D84A82181C2A48D8FC
:207F6000920001A39A589746DD7F0300F37F03000B800300378003005D800300738003000A
:207F8000878003009D800300F37F0300AB800300F37F0300F37F0300C3800300E180030080
:207FA000F37F0300FF800300158103003F8103006B8103007781030099810300BF81030024
:207FC000D1810300F37F0300E7810300F37F0300F9810300018203001D82030018240129EC
:207FE00000D05CE12878022800D958E1B449887054E102240E2800D951E1022900D04EE1DD
:2080000029881CF0BDFA044649E11824012900D045E12878012800D941E1A949012803D169
:20802000CA78032A00D1F7E00871002800D035E100244C710EE01824012900D02FE12878ED
:20804000042800D92BE19E49C870032800D025E100248C80204623F08BFD20E11824012957
:2080600000D01CE12878012800D918E19449887114E1102900D0C1E0914854301022294625
:2080800022F054FF0AE11824012900D007E12878012800D903E18A49C871FFE0012900D007
:2080A000ACE0287886490873F8E0002900D0A5E024F01CFA002800D1DDE081480121417375
:2080C000ECE01824012900D0E9E07D48827B2978022A00D0B3E0102900D0E0E01021B1E058
:2080E000012900D08AE076490A7C287808740024002A00D0D3E0012800D1C2E0CFE0182463
:20810000012900D0CBE02878042800D9C7E06C494874C3E0072971D1691C01AE0622304616
:2081200022F01CFF29780024009403AA304623460DF0EAFC002800D186E03424AFE01824C8
:20814000012900D0ABE02878022800D9A7E0002800D1A4E05A498873022800D0A2E01020A9
:20816000C873012024F006F898E0012946D1287822F028FE92E0524E307A1824002800D010
:208180008DE0602970D1002D6ED04E486022294622F0CCFE01206CE0182401297FD1287817
:2081A00001287CD8464908720024002877D00120487244484449602222F0B8FE6FE01824DD
:2081C00001296CD12878012869D83D49C87265E00024012963D12878012860D8384988722B
:2081E00023F0BEFC5BE01824012958D1002D56D028783349087051E0002918D018244EE055
:20820000182401294BD12878012848D82C49012841D10A79002A3ED1022440E018240129DB
:208220003DD1287801283AD82549C87436E024F05DF9002828D02248012181742EE0CA1F93
:208240000A2A2CD2C17329E01D4DE87A002804D124F04CF9002802D0E87A012827D103A865
:20826000007808F025FE08E0012918D1002D16D02878707212E020F01FFF0446502020F0F1
:20828000F1FA19F01DFC0AE00EF04AFF0446502020F0E8FA03E0487123F06AFC0024204655
:2082A00004B070BD0024204623F064FFF7E7686A03A9097801224254F1E7C04600FCFFFF6F
:2082C000208100208481002018F50500F0B587B0122700283CD00646C14D287809380528F5
:2082E00001D2212535E0B07823F0DBFF002833D00446B078BB4908702978002901D1BA4983
:2083000008703078012814D1606E4078C10610D480070ED5E06E0C2500281AD0417982794E
:2083200012025118C279007A00028018000440180FD0607A00280BD0A07B012805D1F078D7
:20834000317909020818802802D870783F2805D93D46284607B0F0BD4225FAE7204620F086
:208360000CFC206E002817D02546433526673078012820D1A07B04281DD8012181401320D4
:20838000014218D0994800780028E1D098494978814203D10925DCE70725DAE7606E4078E3
:2083A000400708D520463C30297824F00BF9002801D00B25CDE7707800280DD03078012873
:2083C0000CD1059500252573A563207A01282AD17079216F4871BCE71125BAE7207A002538
:2083E0000028B6D083480068804706467D4F3878012124F0DCFA20461AF0B2F938787A4973
:208400000978884204D123F02BFC6168884271D0204624F02FF878480168304688472046B9
:2084200019F016FC95E720465430039026462136112020F0EEFB01202072E57265730CF05D
:20844000FFFA60606B48006880476C490968002902D062684A60F9E7674909688847606854
:20846000674941615F4D28780021049124F09FFA297811250122284601921EF0B2FB606E77
:208480004078C00602952ED4608C18F051FE3070606E007824F097FA064600280BD04C203C
:2084A000305C002807D0E07F20210143E177E07D18210143E175204624F097FA002821D0A1
:2084C0000546122800D044E74A4800688047054620461AF045F9204623F0CCFF4648016827
:2084E0002846884734E72046FEF7BEFD0546002811D02EE7406823F0C2FF3F4801683046C3
:20850000884726E7002E06D04C20305C012802D1204624F06CFA606E4078C0071ED00398D1
:20852000008800281AD0A16D002917D00599C978884213D90F2022F059F800280ED0606E88
:20854000007806A90870039800884870000A88700598C078C8700F2022F056F8204D2878F6
:2085600000280DD020461EF081F9002835D0226E002A32D0A37B2169012B1CD1906A1CE068
:2085800020480078002822D0606E407880071ED01D483C21405C012815D123F0DBFF054641
:2085A00023F0DCFF014628460D4D1BF08FFB00280DD01E25CDE68088800040180399497AEF
:2085C00024F0E5F909E0114800681BF007FC0298287001982072FCF757FD049DB9E6C04607
:2085E000F5790020D6790020D8790020F67900209C780020888A00208C8A00208C880020AE
:208600005D0C0400A4780020D483002038790020F0B589B0044680202158C8080D46039171
:20862000E26F511C4143E06DC9B28F00C019616F636C06AE0BC6A807060F05A88159206ECB
:20864000A36F0092BB4D0A46A847606E23F0A5FE05A88059A16CA36FE26F0092B64D0A46D0
:20866000A847E06E216FA26C636E06920791089305A98959E26DD2190497236EE56C0692A4
:208680000793089505AA23F0A5FEAA4DA847606EE16EE26C06AB07C305A88059E26F521C2D
:2086A00023F042FBE06E216F06900791089005A88059216E23F058FE9F4DA847206FA16ECF
:2086C00006900790089105A88059A16DC919226E636E06AD0EC505A98959A26CE36C656FB6
:2086E00006930795089205AA23F074FE914DA847606F216E06900791089005A88059A16EF1
:2087000023F032FE8C4DA847234660330ECB06930791089205A88759E56C606F06910795CE
:20872000089005A9895906920790089305A88259A36FE06F009038467E4DA847226E606E38
:20874000616F06AB07C305A88559E16EA36FE06F00902846784FB847216E226DA36FE06F50
:2087600000902846B847E06C616E226E06AB07C305A88159E06E626FA36E06AD0DC505A8ED
:20878000805923F0F1FD6B4DA847616EA06D049FC219E56E06A826C005A988590290216F66
:2087A000226E636F06910792089305A98959E26DD219636C06950792089305AA23F00AFE5A
:2087C0005C4DA847606EE16DC919E26E06AB07C305A88059E16F4A1C029923F0A5FA206D22
:2087E00023F0DBFD05A88159206F226E06900792089005A8805923F0B7FD4F4DA847606E7B
:20880000616FA26E06AB07C305A88059216EE36E06920791089305A98A59A36FE16F009148
:20882000464D0146A847226F216E206D06920791089005A88059636E06AD0EC505A989598D
:20884000636CA76E06930797089205AA23F096FD384DA847616F606D049D4019626C06919E
:208860000790089205A88059A26E06920791089205A98959E26E236F06920793089205AA7A
:2088800023F07CFD2D4FB847606F23F086FD05A88059626C636D5B1906920793089205AA59
:2088A00023F06CFD254FB847616FA06EE26E06910790089205A88059636D5B1906930792D7
:2088C000089105A98959636E276E06920793089705AA23F053FD174FB847616FA06D40198B
:2088E000A26C06910790089205A880590490A26E042303980340E76E606E069707901B1DE4
:2089000005ADED5806910792089505A98959226F256E0690079705A8C0580692079508901A
:2089200005A88259A36FE06F00900498034CA04709B0F0BD558C0300F98D0300818E030007
:20894000F0B585B0019104464079039020790290E0780490257AE679A779207822F0B6FA86
:2089600000280DD04C300178002909D061783322114201D012273CE0A17DC078814235D135
:20898000280431020818C2196078000713D4039800040299090208180499411811272029DB
:2089A00027D3A548814224D8202A22D3824220D8A07A0328DED8A07C1225032818D8207D10
:2089C000411E032901D3832812D1607A0727384060720DD003922078012104910CF050FD4E
:2089E000002809D00646007A01280ED10C2700E02F46384605B0F0BD002023F0BFFD944974
:208A000009788842F5D10D27F3E7B06EC17800790002401805D1F06EC178007900024018CD
:208A20000ED06078C0060BD4A17D227D304623F0C0FF8249039A5143884201D94527D8E70B
:208A4000039537467437354629350021717274663175607A0A46032A0ED00346D340DB0786
:208A600008D04B1C33750906194603D11146253171750499521CEEE76078C10608D4049744
:208A80003046214623F0AFFF07460028B1D124E0217D012944D101461039052914D804971B
:208AA0000020890001A25158039F8F46C58A0300F3890300D38A0300D98A0300F389030034
:208AC000D78A0300032007E01D2829D10497012002E0022000E00420B073E07C7F2804D12A
:208AE000574800782F4628700AE040B2002121F073FC2F462870C0B223F085FC00280FD0BB
:208B0000019D002D03D0387823F0FAFE2870A17A012907D87976049801703046303038E056
:208B2000039F66E7474D28680D3022F0E7FA002805D0A07A3D46C1070FD044490EE03046C0
:208B400030302968C91D23F065FF03207876A07A049908700121014018E03B4922F06AFC30
:208B60000028039F00D144E730463030A17AC90701D0364900E034492F4623F04BFFA07AD5
:208B8000012101406976049801702E4D28680170401C002901D02D4900E02B4923F03AFF9E
:208BA0006078400744D5A07AFE21014002291CD1049724480068E17A25460C3501273940D4
:208BC0002A4611F077FEFF2817D003961D4909681E26464388190D3022F090FA002814D0DE
:208BE000E07A04998876039E0AE0E07AB87630463C300C340622214618E0E07A04998876CF
:208C000030463C300622294610E00E4C20688019C11D0D3018F0BEF804988776039A10460B
:208C20003C30216889191646C91D062222F07EF9012070720027DCE600B80B007102000088
:208C4000DC7900209C790020C0780020C878002084880020F8B444464D4656465F46F0B4D8
:208C600000B501B40B9B5B005B1C6C469B00E31A9D4610B46C46241D00266D46009CE36A6C
:208C80002D1D9B00EE505B00EE50E36A013B9B0098465B009946002300240025002702E067
:208CA000370040463F1A9A46A346AC46B646F01B1458C859030C80B2250CA4B21E006E43B8
:208CC0006343454360431C041B0C00195E412C042D0C00196E4153465C4665461B187441C5
:208CE0000020454176460437474501DCB742DADD6846001D835123462C460025043646455A
:208D0000CCDD4E45CCDD8351009B9969083102464E4604361068009B9C6924684443A1469C
:208D200000270023002400259A46A346AC46B6464C46C859030C80B2250CA4B21E006E439F
:208D40006343454360431C041B0C00195E412C042D0C00196E4153465C4665461B18744144
:208D600000204541D0591B18002044414541002F02D0043FD35104370437764623462C4651
:208D800000254745D0DD301D8742EBDD043FD351043E464500DDBDE710BC2068E36A9B4660
:208DA000024691466846012720C840C97F08B5417F4120C2013BF7D105682F430126F7416C
:208DC000FF17FE4368463840494631400843494639406D46354029435B4604C904C0013BC1
:208DE000FBD1A54603BC8E46F0BCA046A946B246BB46F8BC7047C046F0B444464D465646E1
:208E000070B48146079CA246002720C940CA7F0875417F4120C0013CF7D1B8464846083319
:208E200054466A46A400141BA54604B46A46121D5446012720C840CB7F08B5417F4120C2BF
:208E4000013CF7D1424617430126F741FF17FE4348466946091D0D463840314008434946FC
:208E600031403D402943544604C904C0013CFBD101BC854670BCA046A946B246F0BC704780
:208E8000F0B444464D46564670B48146079CA246012720C940CA7F08B5417F4120C0013C8A
:208EA000F7D1B8464846083354466A46A400141BA54604B46A46121D5446002720C840CBD0
:208EC0007F0875417F4120C2013CF7D147460126F741FF17FE4348466946091D0D46304045
:208EE000394008434946394035402943544604C904C0013CFBD101BC854670BCA046A94608
:208F0000B246F0BC7047C046F0B444464D4630B4884699466C469B00E31A9D4610B46C46FB
:208F2000241D4B460832012720C940CA7F08B5417F4120C4013BF7D16A46121D0125EF41B0
:208F4000FF17FD43414629403A4011434B4610C910C0013BFBD101BC854630BCA046A94672
:208F6000F0BC7047F0B589B00546B94E23F032FC0746B84847822C78042C089522D32E8DE6
:208F8000B004850F28012838B84223DD0794C41BB006820F0A2006904243AF4B2046294631
:208FA00098470190B005820F0698424320462946A94B98470590032232402046079C29468C
:208FC000A54B26E0002705970297079706970497039761E0B50B29017D204840B8421BDA90
:208FE000381A079031068A0F0A2106914A432946994B984701903005820F0698424307981E
:209000002946954B9847944B05903007820F079829469847029003E00020059002900190AC
:209020008B4E0898C36A19070A17394619394A43B58CED070DD11D032D171E02361769435B
:20904000C91188190690824E181704901B01181709E01D062D171B051B176943C911C81819
:20906000069000200490089DD111082C0390079111D32A462B32222F10DD127813079B0F83
:209080009209233F15467D436D0010356E095F4310377F0918E0019F2A8A45E0102F23DA71
:2090A0001278032313409206920F0F25ED1B16466E436A4F77436A4EBE1976165D43694F45
:2090C0006F43674D7D196F1605256B435B086A43964200DB1646F2179F42089D00DB1F4649
:2090E0009643FA17974301E0002637462A8A93049B0E15062D17282159408B19EE1B3F2BDC
:2091000000D33F230721CD43AE42019F00DC2E4655490A403101C9B251181B020B43052173
:20912000CA025A404A4E089D2046504B196F11431967697B7F252940402251407B187F2B0E
:2091400000D32B46718934461E020127BF037E400E4366812646A1895B187F2B00D32B4660
:2091600031891B027B400B4333810899CF7B2F400599002905D057407F187F2F00D37F2710
:2091800057400346089C069D3848C16E3A0207460A43C266E18A49060A0F0B2A06D802987B
:2091A0008018318842180C2A00D30C2230347088824200D80246386ED10001433966002013
:2091C00020560221C943884201DB024600E0421D0799042B00D00246F08B0818801838600B
:2091E000B08CC00724D1308C0499039F394302D102461E4F1BE00F24024622400306002F68
:2092000005D0D219D1178A430F2A00D32246174F1B0F0499002905D05B18D9178B430F2BCF
:2092200000D30F23FF21884310431A0102433A61708C002D09D0C1B24919CA179143FF2243
:20924000FF2900D3114690430843786109B0F0BD2068094098860020956505008EE33800A8
:20926000FFFFFF00C7711C000FC0000088300840F0B5C5B0AF490978002901D000268CE0AF
:209280000E902127FD43AC4800240465012631461EF026F900287ED00B9613A8FF210170F9
:2092A000A64801680A0E31A802700A0C42700A0A8270C170A24909680A0E02710A0C427145
:2092C0000A0A8271C1719F4909680A0E02720A0C42720A0A8272C1729B4909680A0E027389
:2092E0000A0C42730A0A8273C1732E461B360E98002852D01021059121F0C9FE00284CD1CD
:2093000092480178924802780846104348D1914800680890059C14AE4C21304622F0DCFEE1
:20932000279613A8289023F0BDF80FAE304622F0DFFA81208000308027A831461CF01EFBDB
:209340000D90002827D0019703952DAE31A93046224622F0E9FD29AF38460FF05BFE0E9D3D
:2093600029950898810020460C914C082B942C9035A82A900D983946324621F0EDF90028EA
:2093800078D028460C9922F0A7FE0D9822F039FF039E213601E021352E46304645B0F0BD11
:2093A00006920791019735A8402122F095FE69480668694800680290684800680D906848D3
:2093C00000680C9003952F4621370494099420460E990896B04268D00A9080000D580798FC
:2093E000002816D06F4000213804084605D10498401C029A904200D398E03A0C06D1641CE1
:2094000002998C4204902F4603D38FE00C4604902F460698002826D0A8B235AE314620F0BA
:20942000B1FF280C3146089E0B9D20F0ABFF0998801D0990400A16D0002108460991202871
:2094400011D035AA125A0D9B934210DB35AA125A0C9B934202DA0029294624D135AA002346
:209460001352801CEBE70A98401C0E99B2E70398461C92E72819299035A810302A9029A9C2
:209480002DAA0D9C204621F067F9064628460C9922F022FE204622F0B4FE002E039C07D016
:2094A0002134264679E7039E77E7039D019F31E721F0B2FE2B4800780199C9001E4A505419
:2094C000501811465C311546543551659065412080000021115414AE304622F011FA059858
:2094E0003070214800783075213415942846314609F042FB0028264600D14EE735AF00248B
:20950000284639462246234609F036F820F09CFC06462021384622460B4620F0DBFD002EE4
:2095200000D03AE7012003490870BAE70398861C33E7C046F185002070680020908A00208F
:20954000948A0020988A00209C8A0020F00E0600EE0E0600980E06009C0E0600940E06003B
:20956000900E0600EF0E0600F10E0600F0B587B00022002800D148E1A74E20C82C0C731C7B
:209580002F461D42039105D00B8825469D43AC420AD03AE1002C03D18B78002B04D134E1B5
:2095A0000B881C4200D130E137400322002F00D12BE139463E46B90A00D026E19749096842
:2095C0000091FF210691002529460195002E00D118E1002D01D0069C12E002C80A46904B9A
:2095E0001A40551C0A04140F090C761E920F022A79D80122A2408B4B1A4274D08A4A8918B8
:209600000B2C00D904E10694A20001A39A589746499603005D96030041960300419603001A
:20962000679603005D9603004196030041960300499603004196030041960300E39603006E
:209640008A072A461DD0DBE08A0700D0D8E00A46002D14D0002308C26D1EF9E7CA0700D0EE
:20966000CEE06A080DE0CA0700D0C9E00A46002D05D0931C002414806D1E1A46F7E70022EF
:209680001546964200D2BFE0002A76D00592069A521E0A2A00D9AAE0920002A39A580496B5
:2096A000059B9746F5960300D19603000F9703007997030035970300D1960300599703004D
:2096C00079970300AD970300D1960300B79703001A460E46002A4CD008C808C6091D521E47
:2096E000F8E7CA07ADE7082C7FD3092C00D180E0AA007FE01A460E46002A27D008C81F0C61
:209700009BB233607760521E08310836F4E7012214041E46002E2DD080C83A0CBB039B0F10
:2097200003D027426CD1575201E0BBB25350059B761EEFE71A460E46002A07D008C81C0C5F
:2097400033807480521E091D361DF5E70122D243059B5A4355190EE0012212041E46002E01
:2097600007D0036813424BD1001D1C0C6352761EF5E7059BED1A049EF61A012D00D025E769
:2097800001250422069B1343052B00D01EE7002E3BD033460288069C052C01D10A8000E036
:2097A0000A601E46001D5E1E019D0FE70860ED1A9A008018E0E7039A94781A460F46029452
:2097C000002A0FD008C8002C01D09BB206E01C0C3E68A643029C9BB23343049E08C7521E87
:2097E000091DEDE7059BED1AC6E7104A07E7059BC2E704225218009B9A420BD80C4AFEE666
:20980000062202E0019A00E00422104607B0F0BD0522FAE70722F8E7FF3F0000B80E0600C9
:20982000FF0F00000F080000000008400000094048780020F0B589B000261C2900D931E15E
:209840000C460546806E006800680A2916D80121A1408322D200114210D0002800D021E1E5
:209860002A4682329948075D0D2C079218D80120A0409749084204D0002012E00B2CECD0B9
:20988000EEE711218901084201D0012009E00B2C06D190480078C01F41424141089101E056
:2098A000107E089038461EF0ADFD002800D1F9E039460746D9204000281805907E1C384688
:2098C000143806900491089A1FF01CFE3C70A11E162900D99FE05B20FF22800006322818B0
:2098E000AA18890001A359588F46C046139A0300179A0300179A0300179A0300179A03006D
:209900002D9A030073990300339A0300179A0300179A03004D9A0300179A03007399030089
:20992000AB990300AB990300659A0300179A0300179A0300F1990300F19903004999030030
:20994000499903004999030028467730059A517A7970517AB97000781828069E00D086E04F
:20996000059AD088002800D1ABE029890818D080A8E05A498878039048780290C878019069
:209980000879000600908B794A79087AC979B171F071327173710098000EF0700199B1705A
:2099A00002993170039971704CE04178039101780291C17801918178009143790279C179A3
:2099C0008079B071F171327173710098B0700198F07002983070039870700020F8727872AA
:2099E000B87238460C300C21FF2222F039FA3DE0016A406A30713170020EF271020CB271D8
:209A0000000A7071080EF070080CB070080A70702CE0D07E0BE028463146224622F0C6FD58
:209A200028463146224614F0E4FE1FE0107F30701CE01178B81C79702849891C072222F032
:209A4000B5FE3879F721014039710FE022480178797041888088F0707170000A3071080A15
:209A6000B07003E0017E7970407EB870069E0898002805D003212846049A3B4613F0E2FEC0
:209A8000A86E31461DF06EFC142C04D0022C0CD10020E88302E01B200599088007990888A5
:209AA00048800126304609B0F0BD2846214622F0A9FD2846214620F0F0FA022C0799EED2F1
:209AC000EFE70020F870D0793871D0E72806060038200000F5790020D6780020267700203A
:209AE000F0B58DB0994A12680029069201D0916801E006CA8918471A22F092F8064622F0EF
:209B000005FF864238460FD0380CB9B2320CB3B204465C430D46554364195943090C61184F
:209B200089094243900208180190894A894B8A4C8A483818401C000C01210291C9071960C6
:209B400058601080606801058D0EC0023C46C70D204629461FF0C6F90646BD4203D0204615
:209B600039461FF0BFF97E4F7E4D000430437A49486408680390059420461DF073FA064659
:209B8000386840017968C904C90E09187A68BB696C1C1F271F405806800F2342049402D14E
:209BA0001B06DB0FC018D4B24F436F498F4201D8042100E00321451830463F3080096043B1
:209BC000000C1BF04BFC0A21091A00290ADD0922101A029B1A4682409619CE4074438E4073
:209BE000691A04E00A38744329188440029B5E48874200D80023DF4009256F43002901D4FC
:209C00008F4001E04842C74001995848076044600598814203D008461DF024FA0646039B28
:209C20009800C0B270434C4AD0639809FC210140714311644E480168C907FCD14548846861
:209C4000069E706821461DF0F5F9414F7880B06821461DF0EFF9B8803068C11702464A40B0
:209C6000511A203189096143083109094D433C498969049A114201D0002101E00906C90FF5
:209C80001622521A15234B400127394699406918D140002800DD4942364808403049C86054
:209CA000C8653569002D4FD005972001F1680A0B42432C4B0B404343180B80182F682E49CC
:209CC0003940C20B4A435208244B03404B43180C84181034200C1BF0C1FB7B0C1821C91A7D
:209CE0000022914204D007AF0026BE54521CF8E70821081A6109C2179043059A9204824008
:209D0000044613345B422D1D002B09D02E784E43B618E64007AFFF183E765B1C6D1CF3E741
:209D200000210D4C182905D007AA525863185A62091DF7E7032800D3032010490A683023BE
:209D40009A430001104308600DB0F0BD487800201A6809401835084080340840FF7F000046
:209D6000D4200840FF0F00001CC7711CA82408402C320840FF030000FFFF010040310840B5
:209D8000F0B5CBB0022600281AD00D46002917D007462878411E132914D901467039122966
:209DA00043D90146303905293AD301465039032936D3FC283ED08D484068C1689448884714
:209DC00034463CE007930024880001A108588746459E0300579E0300A79E03003F9E0300D2
:209DE000139F0300B79D0300B79D0300B79D0300B79D0300B79D0300B79D0300B79D03004D
:209E0000B79D0300B79D0300B79D0300219E0300219E0300219E0300219E0300219E030073
:209E20003846294622F070FE08E001238B406E490B42B6D0384629460DF070FC044620464E
:209E40004BB0F0BD02201CF06DF96860002874D039780170F3E707201CF064F96860002816
:209E60006BD03978079101707B784370BA788270FD78C5703E79067179794171BF79877177
:209E8000009301A864C004910597604A012001020BAD2846079B18F06DFD54484068C168BC
:209EA00028468847CBE710201CF03CF96860002843D0064610243946224622F077FCF17BE7
:209EC000202000900BAB3046224614F0F3FA202835D1002409940420089010201CF022F90B
:209EE0000990002873D00BAE1022314622F05EFC012008A9079A0CF093FD0746099821F092
:209F000057FE10360798314620F032FD002F64D195E710201CF006F9686000280DD006461D
:209F20001022394622F042FC0020079C10280BD0315C401CFF29F9D011E001247FE72B4881
:209F40004068C1682F4846E02848012141704068002804D0C168002901D0254888472046E7
:209F6000314620F005FD0820204D861D262E09D028180622079920F0C1FF00240028304659
:209F8000F3D15CE72C78032C15D806221046604328180830079E314622F008FC601C28701B
:209FA0006868036915490120324698476868C1681348884709E06868C1680E488847686895
:209FC00003690D490220079A9847002437E707484068C1680C4888470127686821F0E8FDAA
:209FE000002068603C462AE70700070018860020B8FC05004B03060038080600A809060010
:20A000009EFF0500DBFD05001805060030F6050067080600FEB50C46C80305D4600740D4DA
:20A02000200758D400242CE10127380402909648007812F0B5F8002800D120E10646054610
:20A040003078B02853D0B12865D0D0286DD0C22800D011E1A87800286DD18C4847720776DE
:20A06000F11C8C4F2022019238468B4B98473146233138462030019A874B9847433640371B
:20A0800038463146019A844B98478048C06A002851D04368002B4ED06A780020062198474B
:20A0A00049E07A48C069002813D01FF0E1FC00280FD00546C07A00280BD10120E8722889D9
:20A0C000A97A6A6804F062FE6868002801D022F0A1FB0420D4E06D484078012805D16C48C8
:20A0E0000078002801D10DF071F80820C8E02879012829D0092849D07D2871D01E2800D0AF
:20A10000B5E06248C07D002800D0B0E06888002110F064F8ABE02879002800D0ACE068882E
:20A12000E9882A8915F0F2FDA6E02846FAF7ACF8002800D0A0E059480078FF2800D19EE077
:20A1400029461FF0C7F89AE0504F787D002800D08DE0287A082800D086E06888019020F0B6
:20A1600081F9032849D002287ED11021002222F05DFC0090019819F01FFF00286AD04449AB
:20A18000097800295FD00120787063E03F48407D00286CD1697868881A2966D0019020F006
:20A1A00061F9032837D00228384960D1288901280CD16889032809D1E8688078002805D144
:20A1C0001021012222F032FC30490746C86A00284DD04368002B4AD0052101983A4630E06F
:20A1E0002A48407D002842D16F88384620F03AF90146384614F0F2FC39E00421002222F014
:20A2000015FC0246F86A00282ED04368002B2BD00421019827E028891822012808D16889E9
:20A22000032805D1E8688278042122F0FFFB02461648C06A00281AD04368002B17D00421DE
:20A240000198984713E04379811D0122134018461FF0CCFFF86A002806D04368002B03D082
:20A2600005210198009A9847688819F057F908362979304621F0CCFB28461FF0D9FC029843
:20A2800044402046FEBDC0463777002020810020118B0020848100202DAF05000F8500200E
:20A2A000F0B5FFB08CB0049315460646909801908A913468204621F004FE22180021899172
:20A2C0000292944244D20022859285A803920273641C0F46601E0078002834D0252806D074
:20A2E00034602946049A90477F1C641CF2E70398C3438997601C03903060207885A9087351
:20A30000732809D18AA989AA28461C46049B00F021F82346899911E005AC85A98AAA2046F5
:20A32000009300F035F8024620462946019B9847009B411C194600D0C1198991029A039C7F
:20A34000481CBED100E03B4618467FB00CB0F0BD0B46F9E7F8B504460868051D0D6006681E
:20A36000002E11D0009414461D46304621F0A9FD07462068C01920600024BC4207DA305D92
:20A380000099A847641CF8E7002021469847F8BDF0B585B001920E4604467F208000251854
:20A3A00000270397FF210291FE312022204621F057FD04956F70307B252852D06A1C782835
:20A3C00014D0642812D06F2810D06328029B20D1019E3068011D31600068C1B24F424F41B9
:20A3E0001946FC3161180491287012E003A9154604AA3046019B00F03AF82A46039800281D
:20A40000029B06D00499481E2D220A702A46002700E00498111A0029254601DC611A4D1C6A
:20A42000411C5B000026284632461FF07CF8002F02D0411C067000E00146A14206D8481EB3
:20A44000611A491C202221F00BFD2670291B2022204621F005FD204621F033FDC01905B0F7
:20A46000F0BD00206070252020700120F7E7F8B514460D460646077B194600F014F8317B3C
:20A48000642904D1002802D50121296040426F2F01D00A2100E00821782F00D1102122467A
:20A4A00000F012F8F8BD007B642805D06F2803D0782801D0702804D10868021D0A60006868
:20A4C000704700207047C046F8B514460D460646002804D12068411E2160302101700A4FC2
:20A4E000002E0DD03046294600F010F801466943711A795C2268531E236011700646EFE700
:20A50000206821F0DEFCF8BD3A0A060080B5102903D0082903D1C00880BD000980BD1AF02E
:20A520008FFA80BDF0B591B08C4A11788C480078814201D100240EE15168091D0027B8421C
:20A5400007D00A78002A09D07F1C3D22D2008918F5E7002420461FF0E7FFFCE0F8B222F03F
:20A5600035F8044607201090800120180D90DD2040000690211807911B200B900001089034
:20A5800020180E90632080000A9020180990572080000190201805904B2080000C90201863
:20A5A00004908D204000029021180391FF231846063021182246F032204686302546623524
:20A5C00001260F96A680A771002767626E71AE72A7662767A76026743926A755A761277745
:20A5E000E78307748770019EA7558026AE742F75EF778626A355029EA753039E7780777154
:20A600000775F020275257609760977317730C9827500C921761CF748F744F740F743046C0
:20A62000F781B78177813781049883624D48059A5060178193724C48069AA052079807717B
:20A640008770024649480078D0700E9887715320800022181E46E636A755C5267600A755CE
:20A66000089EA75527509771978041480088099EF0804048008870803F480088B0803F48B4
:20A6800000880A9AA0523E483E4AB260F06032617061B061F06130620E980B9A42800F9A1E
:20A6A00002717720812802D02354401CFAE7364803782B7043786B708378AB70C378EB708B
:20A6C000007928711098C043304A002805D013185B7A0D182B72401CF7E70878FB2202406B
:20A6E0000A702B480D9D28600C980775A07912F015FE284800782875EF82287EFC210140F3
:20A7000029762A462032286A167910998E430F99C907014020480B18109216712B62AF8113
:20A720002F61AF600220A8732F710C4A1078411C1170002801D1A079907013200001201862
:20A7400016490B4098210E401C211D4621F0C4FC109806710560204611B0F0BD9C7800204B
:20A76000F67900203075000001020000DF790020CE780020CA790020C6780020C8790020A2
:20A78000480148011B001B00E17800202677002089100500278B0020400A0100400A018035
:20A7A000F0B591B09748007821F07BFD0546964CA078FF2802D100201FF0B6FE60780028B1
:20A7C00000D11DE1109520270024904EE0B221F0FDFE05464079012804D179208000285C7F
:20A7E000384205D1641CE1B230788142EED300E03078E1B2814209D1109C002C0CD0A07A44
:20A8000021F0E4FE0546606E807A0BE0804C206822F05CF9002801D0FF2003E02068017890
:20A82000022008430721890169180E91A9214C0029462C310B91532189006B182A5D754996
:20A84000097800290F9229D00D940A93FE2108400024022808D16E4E306822F037F90F9AA9
:20A86000002801D13068C41D099410460A9E3146144620F038FC002815D024200E99085C59
:20A8800038422ED1109800282BD01098406E807C5F490968012831D80A9C2BE000260D9360
:20A8A0000C960B9C80E02046314620F0C3FD002700280C9762D056480068214632460FF03A
:20A8C000F9FFFF285AD0524C21681E274743C81922F0FCF8002846D002200F9901430F9166
:20A8E0004CE00F980A9C214620F0FDFB00280DD04748016820461AF049FC05E008460F99E3
:20A900000A9C22460FF0D6FFFF2803D100200C900D9447E0FF21E63169180F910D99691857
:20A920000C913B4E31681E274743C819C01D0622214620F0FBFA3068C619C75D0222711CEB
:20A94000109B002B0D9105D07420185C0F9B18700C9B1CE008970F9F144621F033FB0128C2
:20A960000ED101200DE02068C01922F0AFF8002804D12068C019407F0128ADD00D9611E079
:20A980000020387022460A9C0D990C9B089F3A430F92F01D0C900120384018700622204677
:20A9A00020F0C4FA0B9C099EA979688E40086A8CEB8E1B0924780D9F009701960C9E0296D0
:20A9C00003AE1DC6002001220F9B06F0F9FEA8790E990968104A891A4A1E91411AF07CFB18
:20A9E000109C002C07D0204617F032F9AA790021204614F057F9A979072001221CF0F1F8B1
:20AA000011B0F0BDD77900209C780020F67900209C790020A478002089100500B0B50024FD
:20AA2000411E072928D8880001A108588746C04651AA03009FAA03006DAC0300C1AA030056
:20AA40006DAC03006DAC03006DAC0300E1AA0300884D22F039F8002805D08B48006800289C
:20AA600001D08088850021F0D7FF00284CD00120294621F0A0FCF8E0102837D07C4988426A
:20AA800002D0202800D0F1E080484088C00600D1ECE022F017F8002830D00420E3E021F0C7
:20AAA000F1FF002836D076480068006A7549097805224A4380188179C07920F0B5FE2AE05D
:20AAC00022F000F800282CD06B48006840696B49097809014018017B407B20F0A5FE21E002
:20AAE00021F06DFF002823D0C56A22E0032021F068FF002835D08421455833E021F0E4FF7C
:20AB000000283ED00120AEE021F0BCFF00283ED001202CE0574D21F0D5FF00280FD002206F
:20AB20003AE0544D21F0E6FF00280ED0042061E0504D21F0C7FF00280DD008202CE021F03B
:20AB4000D9FF00282CD0022054E021F0BDFF00282CD0042069E021F0B7FF00282CD0082032
:20AB600063E0444D21F08EFF002804D01020294621F023FC79E021F0A5FF002822D0102040
:20AB80000AE021F07FFF002822D002206BE021F099FF002829D00120294621F008FC64E002
:20ABA00021F092FF002829D002203EE021F034FF002829D004205BE721F02EFF002829D068
:20ABC000082055E721F096FF002829D0102011E021F022FF002845D121F08CFF00283BD1E9
:20ABE000002420461FF0A0FC40E021F083FF00281FD00120294621F0DCFB36E021F00CFFAC
:20AC000000281BD0022033E721F03CFF00281AD00420ACE721F036FF002819D00820A6E7C4
:20AC200021F052FF002819D01020294621F012FD1BE021F049FF002818D063E721F022FF02
:20AC40000028A2D112E021F03DFF00280ED024E721F050FF002809D0082004E021F0DCFEB1
:20AC6000002803D010201AF0E9FC04462046B0BDFFFF0000A861000094880020E1790020E0
:20AC800090880020E27900209079002078770020F0B58BB08F488078FF2800D1EDE021F044
:20ACA00095FC01460B20400108180190FF2000902030081802900846FC30059008469A30C7
:20ACC000039008916C31049100200A90824E354610351836284631460EF07CFA002800D12C
:20ACE000CDE081784418E17801270991890600D50A971CF03DFF4007C10F079703D00A98C0
:20AD0000000600D1C4E00327099B1F4000D1C2E0201D06780A9A120602D0002900D0B7E03F
:20AD2000032F089D16D0002E14D004990978002900D1B8E00599097801290BD1674909783E
:20AD4000082902D0072905D1ADE00599C978012900D1A8E0032F04D061490978012900D1CF
:20AD600096E00692441C0398007800282AD002980078012800D18BE0361FF2B228461946F3
:20AD8000234610F0B5FF002800D08FE05748006880472946254604464E48406889793D229E
:20ADA000D2004A4380180099663100224254019988790968490813F019FC4D4801682046DB
:20ADC0002C468847032F0BD01FF0E4FF0499087240488078F2B221463B4605F0F9F875E7CE
:20ADE00009942578012300241C2D194600D32146F0B202281A4600D032461B2D00D03246EB
:20AE00000698002800D132460598807B8609022E1F4600D8274628462D380E2800D32346DD
:20AE20003B400B430D280BD8324828182D380021022E00D80B460078D4B2844200D00B46B3
:20AE400009991B2D04D82C48405DD2B2824209D1002B07D02148007808280AD1089820F05B
:20AE6000C6F933E7029885700721089813F0E8FE2CE7089821F0D6FB28E7002007E02846A0
:20AE8000314619F09DFE28461AF014FC0120079007980BB0F0BD2846314619F091FE284665
:20AEA0001AF008FCF4E720F079FFF1E720F076FF0C4800780128EBD10B4D28780121079161
:20AEC0000C0321461BF082F9287821460BF03AF9DEE7C0469C78002014850020F5790020FB
:20AEE000057A0020A4780020D2790020888A00208C8A0020090C060028060600F0B589B077
:20AF0000069314460E460546087AC00624D4109B0F9A0E9F3078022859D170680178407859
:20AF20000002401880B281494118042924D8880001A108588746C0464DAF030019B0030011
:20AF40002DB003004DAF030049B00300002A00D091E0F068008870E0204620F06EFC002873
:20AF600008D003460A2228463146984707460028CDD0D7E00E27D5E06D494118022941D3BF
:20AF80006C49884275D06C49884220D1002A72D101203880F0680078069C20707089401CE0
:20AFA00080B23D460027394618F0C4FD002800D1A6E001782A888918891C2980817A617008
:20AFC000C17AA170E31C41680278184664E003930492059720461FF08BFA0E27002800D171
:20AFE000A0E00468002C00D19CE011980499009103990191029028463146069A059BA04749
:20B0000007468FE0002A36D1F06802783A80416806981FF08BFF84E01D46F068144620F04E
:20B0200034FF81B2A14228D207277BE0002A22D1F0680168284620F082FB022139800699F0
:20B040000870000A48706CE0002A14D1F068072139800178069A1170417851708178917014
:20B06000C178D1700179117181795171C079907157E0002A13D00B2754E03B460027A1422F
:20B080003A4604D02A1991422A4600D8021B1A80F068011992B206981FF048FF42E0F06823
:20B0A00004880420388006990C70200A487008A9204618F03FFD00282CD005461F4CC668C8
:20B0C00008A8028807AB284621460EF045FD002809D16A682B781A48022116F059FE0028EE
:20B0E00001D107A8048030780228069C15D1201D716802221FF01AFF3888801C38800CE08F
:20B100002888001D2880601C00270422394620F0B8FB07E007A80480069C0798A070000A3A
:20B12000E0700027384609B0F0BDC04600D7FFFF00D8FFFF0228000003280000FFFF0000B0
:20B14000DC0E0600F0B589B00E4604462B20C000271820684568E8691CF080FE002800D031
:20B16000F9E00F2040012018029030462646883431680969049021F0CDFC2378002B089641
:20B18000069707950594039040D061883289D24389188CB230373236022B384600D03046E2
:20B1A000019605886543089E306800696F496943091804981CF052FE002839D00598007859
:20B1C000022800D0019F661C38882C18089800680069664F3D466543291804981CF03EFED9
:20B1E000002851D004960398451B05983E4607897E432846314619F023FC4643A91B00D0D5
:20B20000401C4743594D059A049E41E0748E574E6643314619F014FC46430399891B00D0C7
:20B22000401C02990979890626D4089A118925E0748E4E4F3E466643039D2846314619F071
:20B24000FFFB4643A91B3D4600D0401C089B198982B208185881544319680988402924D17F
:20B26000059A1178012920D1518880B281421CD1D0882418089816E0089A51890918518137
:20B2800080B24443394D10E000203D460746059A331808980189C9184181D3883919CC1847
:20B2A0001178012901D10CF093F8089806462E36076838692946614345180798C56138882D
:20B2C00040280ED080283ED1FD60089C618E29481FF034F825494143274808180799C88567
:20B2E00032E02246089CA2610698C0882049401850431921090119F0A3FB401C60612D1AA4
:20B300000799CD6102990979890605D406990968400008180799C88505980078022806D167
:20B32000307812494843079AD18D4018D085089C618E10481FF002F80C4941430E48081890
:20B340000799886200E0089CBD60F07AB072204615F042FF069FA0896189401A81B2E289DA
:20B36000914200D90120F88509B0F0BDC4090000DC050000D804060050FBFFFFF0B585B06A
:20B3800016460546002450043DD5E86A002803D001229202904206D9287941214902401821
:20B3A000A8800224DDE003911DF08AFD074621F048F82846394615F095FD102810D3A988EC
:20B3C000AA79120489180002674A11400843A880080CA87120F038F81FF0B4F8022411E0DD
:20B3E00062480178AA88AB791B04D2185E4B1A4003231B021343AB80120CAA71F8220A4067
:20B40000511C017003996879000203273A02904200D0A6E02B1D012004908205700660D512
:20B420000192534E51480078C2070391029331D05048514A514911805149524B8B60524BB7
:20B440000B60524B4B6000215180049A82600260426D042AFCD141654D4804210160019861
:20B4600020F0D6FBE86A009010201FF033FA4948476237604848411C716000990818B06045
:20B480003A4A1078FC210140881C107004990C430399029B400723D5F068C007FCD114F0CA
:20B4A000ABFB286B00280BD0E96A8A003B4E314621F07CF9E86A8100304620F00DFE01E0A8
:20B4C000364828630399294B1878FB2202401A70029B1878049A1203801818800220044361
:20B4E000019A11423DD021480078800739D502932848204900224A6525490F600168090746
:20B50000FCD527480168049FB9430160254801680C229143016024482021816001601448FE
:20B52000076120F00FFE0646E86A032119F088FA801939461FF00AFC10280BD3029A1178D1
:20B540000002081810800220044314F055FB074A107803E0054A117804200843FD2101401A
:20B560001170204605B0F0BDFF00FF00D579002000500840003008401A680940609100004A
:20B58000BC340840C404860900000E1300003B16641008409C200840FF070000000009409B
:20B5A000B03008400C32084000200840F0B597B0154608910646C089C01D84B220460EF089
:20B5C00095FE0746FF280BD12046FAF7FDFDA04206DA7E480078002800D0C3E00520C1E0D6
:20B5E0007A480078002816D1002D03D0022D12D1FF2F10D1307A11AA1072706812907449C3
:20B60000C878C98800230093032303F001FB159830741498B081B189002926D0F0890028A6
:20B6200023D0091A0791002180B28FB2C21B202A00DB2022307C079B591889B295B209AC8E
:20B6400022462B461FF022FB0898C11920462A461EF09EFA002808D1E9198AB2F089824273
:20B66000E2D30020B081594F7BE05948C778C588002116AC0423384622461FF007FB2078FB
:20B680007E2805D17C2138461AF0B8FF16A800787C2861D10797F789FA1D93B25919012039
:20B6A000C00281425AD804920591307A8000F1888A05920F101809AA10705170B0888108F7
:20B6C000917080013905890E4018D070B80010717C190D2B069547D2029403903B4E1836C1
:20B6E000304608993A46089321F060F8F51909AC05222846214621F059F8781D334F81B244
:20B700000022304620F0CCF98109039A114321718000801C60719620A071072228462146FD
:20B7200021F044F8079C204606993246089B1AF071FB3870264AD188049BC918D1800C2114
:20B7400061435118059A8A8300280AD0029881B2204619F035F804E0012000E005201B4F51
:20B760003870387817B0F0BD00220898394620F097F909AE052231461EF04AF981090A9A48
:20B780000A4332718000801C70719620B071079D28460699089A3B461AF03CFB0B4F3870CE
:20B7A000A1B20723284632461AF034FB3978014339700806D5D10649C888049A8018C8807E
:20B7C0000C206843081805998183CAE7F0820020F86F0020F0B589B01F46049104467D3037
:20B7E0000290804B8048D861256F002D03922FD1606FE16E88422BD1019702219960E16AB2
:20B80000029B1A79A56EDB780E26B61A9B00083B0427BB433343002D01D04026334305939F
:20B8200000BA089000200690079005A8401C20F0BDFF05986D49086006984860079888600C
:20B840000898C86004980028039A019F0FD177E0606C1866A06C5866E06C9866206DD866BF
:20B86000049800286CD0002D049E0BD1A56E206A049E31462A4615F0A3FE039A05462067E2
:20B88000361A5DD0019702998878002825D000270597089707970697087805AA10704878CF
:20B8A0005070206A0499891B4118901C0E2E06D30E2220F07BFF103525670E3E06E03246AE
:20B8C00020F074FF7019801C20673E4605A8102118F0A8F802988770039A0F253746AF435E
:20B8E0000CD0206A0499891B4018394618F09AF8039A206FC0192067354000E03546019F34
:20B90000002D1DD0206F4019A16E88420BD1206A0499491B401829461CF0E4FB039A206F07
:20B92000401920670CE0022D56D1206A04990818801E0178029B19704078587002209870B7
:20B94000002A42D0022F01D0242000E0282025580F271646BE43207E04280BD1002E114602
:20B9600028D02846314618F05DF8039A1740394620D124E0002E11461CD01A4FF8690121C8
:20B9800009068843F861212120461FF0D9FF284631461AF02BF8154804214167206E801B80
:20B9A0002066606F801B60670820386020461CF0ADFB0FE0501A28181CF094FB039A206E97
:20B9C000801A2066606F801A6067443420461FF019FC002009B0F0BD01200249486000205B
:20B9E000C043F7E710000C403400000190000C40F8B51FF0DBF95C4908705C4800681DF033
:20BA000017FE5B4800681EF0B4FE5A483C21405C00250128284608D120F09CFD044620F013
:20BA20009DFD0146204618F051F900901EF032FC51480068058045808580504C2068002805
:20BA40000AD00021817420F00BF921680968884202D14B4820F013FD4A4C206800280AD078
:20BA60000021C17220F0FCF821680968884202D1454820F004FD454D2878002605275D4C0C
:20BA8000C1B28E420ED26168C95D012905D1F0B220F09CFD20F092FD2878761C3D21C90051
:20BAA0007F18EDE720F0C2FD394800783949087015F0C4F9384882780720D10701D0014606
:20BAC00000E00521120700D403200840334908703348002505703348057033480121017001
:20BAE0003248057032480170324805703248057032481B21018032482921C90001803148D0
:20BB000001803148A921090101803048FB2101802F4801802F48304901803048018010F05F
:20BB200091FD17F007FA13F04CFA15F048FD16F03DFE2B4805702B48FF21C170EA43130CA3
:20BB40008370140A447002701F2606712648C1708370447002700671244825210170244834
:20BB600005700098F8BDC046DC790020387900203C790020D4830020947900209088002006
:20BB8000AC720020948800206C720020F6790020F7790020FD79002026770020DF79002043
:20BBA000FE790020FA790020FC790020FB790020E3790020077A0020057A0020C678002018
:20BBC000CE780020C2790020C0790020CC790020C8790020CE79002090420000CA790020E9
:20BBE000F5790020E1780020E6780020067A0020288B00209C780020F0B585B07C490C6806
:20BC0000002C28D0A0880004000F00D0EDE001204702019000020490E06802908D680026A2
:20BC20008E601FF001FD009015F0DAF9401E042820D8800001A108588746C04651BC0300BA
:20BC400063BC030067BC03006BBC03006FBC0300019880030DE068486849672200BF00BFD3
:20BC6000C3E0402005E0049803E03D4302E0019840050543211D049828400490A805400F03
:20BC8000039111D048780002B84243D12F403E460498064320F09AFD002E1CD0544A1046D2
:20BCA000002F0ED11C300DE0680433D5514FBA7879680298806D814217D07860511E8A41D3
:20BCC00014E0103000781821014010791346E722024050181871012010F0BEF8039A117823
:20BCE000000208181080022614E00846618800F03DFF002804D020F058F80226002001E08E
:20BD000000260220B870F878002803D120F094FB0198F87003984078801E0D2805D8A36899
:20BD2000204600992A4698470646F00709D00DF049F8002805D001462D480068012204F023
:20BD40003BFB0F278021300419D500912948827840682749098D00F009FF002805D020F005
:20BD600024F802200643002000E00220214988701F4800680199890418F0B8F80099380336
:20BD80000D400499002901D1039F07E0039F3988014203D10721C90180310E43002D05D0C5
:20BDA0003988014202D10199C9020E436169032292020A43324002994B6D13434B6539889A
:20BDC00001400B4311D000290DD01DF091FE20F0F9FC1FF0FDFE074CE078002803D020F08C
:20BDE00026FB0020E07020F036FB05B0F0BDC04650740020D8770020050A060035F4050073
:20BE0000FEB57D4F38680178002900D0FEBD866EC56E4178891F052928D8890001A251584B
:20BE20008F46C0463DBE0300A5BE030011BF0300FDBE03005BBF03005FBE03009821715A71
:20BE4000CA0702D0AA89D2072CD18A0702D5AA89920753D4490709D5A989490706D5C48804
:20BE600020F04CF9014620461FF038FC01209821715ACA0504D50202AB89134200D08DE066
:20BE80008A0504D54202AB89134200D08FE0490500D497E08002A989014200D192E03868BB
:20BEA000102191E0846D002C08D11C2020F0AAFC044638688465002C00D18AE01CF022FD93
:20BEC000A0760021102220461FF0DBFCA17E481EC0B20F2802D820461FF0F2FE20F09EFC96
:20BEE000208220461230082529461FF0E9FE3868C08821461FF0DEFB38686BE0C48820F0E8
:20BF00001FF8014620461FF0DFFB38680A2561E0826D002A04D0C088118A12321BF0E0FF66
:20BF20009820305A810702D5A98989074ED4410702D5A98949073DD40121C20503D50A02FD
:20BF4000AB8913422AD1820503D54A02AB8913422DD1400536D588029DE71CF06BFB0295C4
:20BF600005463868C08801900124204610F056FE02460094254001982946029C1CF012FD1C
:20BF80009820305A410702D5A189490712D4C105009B06D51902A2890A4202D038680C2173
:20BFA00012E0810509D55902A2890A4205D038680E2109E038680B250CE0400502D598025A
:20BFC000A18969E7386812214170FEBD3868092500E008254570C08817F0EEFF002803D0E1
:20BFE000808A41080A1801E07D20820003480078022118F069F8FEBDC88900200A7A0020AD
:20C0000070B57448007820F04CF900282BD004461CF067F87048006820F0B8FB606E417830
:20C02000CA0609D40120E072206E44301CF090FF0028F9D1606E417889071AD020461CF0DE
:20C04000A5F9207A002825D011201CF0E2FD207B401C2073216F4979002922D0C0B288423C
:20C060001FD1432117E000201EF05EFA1CF039F814E0007820F0A7FC0028DFD00146E07F16
:20C080008006DBD54C20085C0228D7D1204620F0B0FCD3E7002120461AF028F8F8F7F4FF59
:20C0A00070BD254642350020A876616E4A7E002A08D120F0F1F80B2118F0C2FC7D204001D0
:20C0C0004843616E4A7912040B791B029A18C9785118226E137993802269404B4B4318182D
:20C0E0008118206EC1612161206FC2780079000280180ED0A06B00280BD0A27B012A08D08D
:20C10000374A12689288920051181BF0A7FE00285ED0344E307802280CD331480168086884
:20C120000069C968096809691BF098FE002801D011F0A4FD606E4078C00613D4204620F09D
:20C140004CFC002822D0002020723078002802D0204620F08FF9204615F07AFD912020F088
:20C1600049FB9BE7A07B01280DD1002020723078002802D0204620F07DF91C480078022198
:20C1800009F0E0FF02E0206E1749816218480078002812D02878FE21014002290DD1154DC7
:20C1A00028680D301EF0AAFF002806D1204630302968C91D06221EF0B9FEF8F765FF606EB1
:20C1C000007E400603D5034903201EF01DFA70BD3C2160E7D8790020BC8A0020C4090000BA
:20C1E00090790020F979002000204E00D2790020A47800209C790020F0B587B0002949D01C
:20C200000446002800D1CDE00E466F4F6F4D48680590606804901EF0A8FF029020F0E6FA88
:20C220000190401903906A48C07820F0CFF906902088022830D120F07DFA0128624F10D114
:20C2400064480068006A6449097805224A4380188179C079000247186F435B48874200D85C
:20C2600007462088022817D15A480068006A5A49097805224A438018017942791202511821
:20C280008279C0790002801881421AD104980399C16116E01E2094E0042812D120F04AFABD
:20C2A00001280ED14D48006840694D49097809014018017B407B00024018454342488542ED
:20C2C00000D83D46029F2088012818D008281BD004281FD1414800684069414909780901C3
:20C2E0004018817AC27A12025118027B407B0002801881420DD104980399C16109E03948FB
:20C3000000688088850004E020F059FB002800D0C56A2088102806D1032020F052FB00285A
:20C3200001D084214558002F17D0308820F059FB06460598C069F9691BF090FD00280AD1A9
:20C34000294830180290059EF069F96920F0E2FB0299884202D83E4600E0059EF06903990C
:20C3600020F0D8FBA84207D90498C069F169491B1BF074FD002819D020F0DCF901280FD112
:20C380000598C0690499C9691BF068FD012807D10F48C2782046294604F01EFE00280FD01A
:20C3A000BE4201D002200CE004200AE00498C0690E49019A51181BF051FD411E884100E00F
:20C3C000012007B0F0BDC046B8880000C40900009C78002090880020E279002094880020A2
:20C3E000E179002090790020901A0000204E0000F0B58FB00C4610282DD0022831D00828BC
:20C4000000D1A1E0012800D0B8E060480121417000218180251D614801886D4A914206D1C7
:20C4200061890180801C0622294620F0BFF9284617F01AFB034660890090664A0620002450
:20C44000214620F048FA57481EF01CFD0346564A0520214690E06089002800D183E0002112
:20C4600082E04A48002545704948057049480570494800681FF0CCFFA388484801889942F0
:20C4800001D1E943018001200702A0790090444A06200025294620F01EFA42481EF0F2FC54
:20C4A0000346414A0520294620F015FA3F48056A002D02D02868384203D13C48C0693842FB
:20C4C00017D03A48406807903948017842788378C67808970779407900910192029303969D
:20C4E0000497089F05903349334A06232F48079EB047002D02D02868384203D12B48C069B7
:20C50000384209D029490E6929480379407900902B4A08462949B047254A0220002631464F
:20C520000AF04EF8002D02D02868384203D11F48C069384205D01D48C568A3792149224A7B
:20C54000A8472248067019E0A1880D4809AA1EF099FC002812D1E078002809D0A378A08898
:20C560000090084A06E00121204618F0E3FC05E0A388054A0620002120F0ADF90FB0F0BDBC
:20C58000852B05002FF7050057FB05003078002017780020DA790020B8790020247800206D
:20C5A000C3F805005FB80500B10306002C020600B8780020CC090090500000942A0A009054
:20C5C00054000094810A009058000094198A0020FFFF00008AF60500F0B585B00446744D41
:20C5E0002868C06E002802D0112005B0F0BD102020F008F92968C866002865D08F6E3E4612
:20C600009836102221461EF091FC28680178002900D080E00297C16E3288012713463B4038
:20C620008D893D405B1B5D425D410197FB43EF18174037809307DD0F04918B899B07DB0F0E
:20C64000E91A4B424B41002D00D05D0002218F432F4337805107CD0F049989894907C90F3B
:20C66000691A4B424B41002D00D09D0004218F432F4337801107CD0F049989890907C90FD9
:20C68000691A4B424B41002D00D0DD0008218F432F433780D105CB0F04998989C905C90FFB
:20C6A00000258B42039500D11D02019B19028F437F1937809105CD0F049989898905C90FA1
:20C6C0008D4203D0039D02E013208EE76D0259028F437F1937805105CD0F04998989490574
:20C6E000C90F8D4201D0039D00E0AD0299028F437B1933801105CA0F049989890905C90F5B
:20C700008A4202D0029F039A01E0D202029F29490B4099183180816E95228A5C120703D54B
:20C72000C26E1279120705D433310978012914D118205AE7C17808220A43C27031881E4ADC
:20C74000FF320A403280C16E8A8901231D02AA438A81C16E8A899A438A816178002906D02D
:20C760007978002909D1C178090706D409E0C178090706D57978002903D0052101710020F0
:20C7800033E72179490706D4394695310978490701D40121F2E701780029204600D038467F
:20C7A000002900D027463978007814F09BF81CE7C8890020FFF70000FFFDFFFFF0B589B011
:20C7C00003910546C06F082801D3052100E00421032800D203212A468032089200220123F9
:20C7E00007951CB2A1420BD3089D2D68641E0126A640F41CA54200D31A465B1C079DF0E729
:20C800000146D0B2441E01270591491C8A00A1408900039B5E1819460496B618B218069299
:20C820000290022808D3AB6F0598009006980399039AFCF70FFA03993846A04005900C4666
:20C8400038B2059981420FDDAB6FE96F88000019001D00912146069AFCF7FCF9E86F80001A
:20C860000019041D7F1CEBE7A86F8068411E4C424C41801E089908602846069F39461FF050
:20C8800089FF012001B2EA6F8A4211D9AA6F89008A189268E3B2012B07D10023002A02D037
:20C8A000521E1C4601E00124DA437A50401CE9E7521C049803991FF037FAA96FE86F8200B6
:20C8C00051184A680021002A02D05208491CFAE740014318223B0498044618B200284FD48C
:20C8E0009AB25009800038581F211940C840C0071F4638D005970898029901602846069969
:20C9000011F044FF049000252746E8B20899096881420CD90798836FC06F00903046394614
:20C920003A46FCF797F96D1C34463E46ECE70498401E81B2C90B4018400880B2079DAB6F09
:20C94000E96F4A1C42439000039A1218009130463946FCF77FF908980088059B1B1A3046D9
:20C960003E46069FB8E7AB6FE86F0090304621462246FCF76FF97B1E30462646069FABE79C
:20C98000E86F421C039D284621461FF0CDF9284609B0F0BD82B0F0B585B00E4605460A927D
:20C9A0000B93704AD06D002824D110690024002802D0506A002812D0374601201EF001FCC1
:20C9C000684A0646D065002C02D006F033FD654A002E3E460ED115F0DFFD0C2147E0506AD1
:20C9E000401C5062D06D002800D196E0144606F021FD22460AA8049001235F02374003D191
:20CA0000002D31D000240FE004980146083104914468002C00D1544C002D25D060680128C8
:20CA200022DBA06800281FDD019302960020C6431069002806D0506A002803D1D06D314697
:20CA400004F05EFB039628461BF02CF90646002F04D0002E02D0029800052CD4002F0AD15A
:20CA6000002E08D1022527E015F096FD162101600020C74370E0082008F052F807460C20F4
:20CA80000090002F56D0002E18D0F069401CF0613449019A0869002807D0486A002804D15E
:20CAA000C86D00211FF0E4FE019A9003029901403E60796050E01125039C3DE0242008F050
:20CAC0002FF8002833D006460198F061A06870616068306128461FF0FBF9401C08F020F8BF
:20CAE0003062002820D0691C2A78431C0270002A18460D46F7D16068A16800252A4613F088
:20CB000075FFB06000280AD075601649086E002800D0466030600E66BBE701244CE7306AAF
:20CB2000002801D017F0BEFB304617F0BBFB384617F0B8FB039C009D15F02EFD05600949AE
:20CB40000869002807D0486A0028274604D1C86D00211FF08DFE2746384605B0F0BC02BC4F
:20CB600002B008474C800020C8040600FEB5174601910446644D69680068814208D06349D9
:20CB800015F0B6FF064620686860002E02D0B8E0002FF4D0A9686068814208D05C4915F096
:20CBA000A7FF06466068A860002E02D0A9E0002FF4D0E968A068814208D0564915F098FF08
:20CBC0000646A068E860002E02D09AE0002FF4D0E068002808D0298A019A881A431E9841DA
:20CBE000022F03D3009003E0002030E002230093494B4A4E022F01D3914224D00026022F84
:20CC000001D3314600E001212A8202A81FF019FE0420F743E1680A687F1C974210D2051DBA
:20CC2000085802A93E4AFCF7A1FC064600282846F0D07F203949086068203749088060E0D6
:20CC40000098354B354E7F21316068211980354A1168002931D0012831D002284DD1946856
:20CC60000026002C4DD030484268A38813434360026BE38813430363021F136825891D43C1
:20CC800015600268638913430360026A638A13430362426AA38A13434362628E244B1A604F
:20CCA00000687F225202024022480280204611F031FB2046FCF756F923E0082621E0946880
:20CCC000002C1DD01848C26907239A43C2610269164B1340036142697F235B029A434261D9
:20CCE000002686610268F0239A430260204611F011FB204616F062FA03E0906816F05EFAF7
:20CD000000263046FEBDC04698860020000009400040094000600940082009401C320840F6
:20CD2000FF3F000048780020B43008400383FFFFF020084036680940F0B58DB00246002498
:20CD4000E04317683979022900D0CAE0089204903A464832796C381D06918E6807921578C5
:20CD60000F2105910D401EF0DBFD012D40D07E6C3846303010250190294622462B461DF099
:20CD8000A9F90296B068002803940ED00146059A114000D00D46411B0298006803914118FF
:20CDA00001982A461FF002FD2C460798407801281DD102988068002806D0102C04D10020CB
:20CDC00009A916F00DFE06E0012009A916F008FE8020019908553020402808D0395809AA60
:20CDE0001218303A12684A403A50001DF4E7039E3D4D3E482860386A6864786AA864B86A62
:20CE0000E864F86A2865002E0BD0387E042801D00F2E1DD806980068314616F003FE089CC1
:20CE200031E038460DF0C2FC7E69079805780024FC76384614F0FAFF387E012846D1049406
:20CE40003C6C08983146069A2B46A047049848E0089C60680278264821461BF0DBFE286828
:20CE60000121090688432860212138461EF068FD06980068314618F0B9FD1E4804210160D4
:20CE80001C3D0820286024684820255C207E042803D0616C89680F291AD805980540204647
:20CEA0000DF084FC6669012D01D00020E076204614F0BCFF207E012808D120464830256C7D
:20CEC000626C037808983146A84709E0304608E0022805D10848049918F0EEF9606900E037
:20CEE00000200DB0F0BDC0462C000C4034000001C5EF040004010C4004710020F0B587B07B
:20CF00000E4605466B4908781227012800D0B3E04878002800D0AFE00227002D00D1ABE080
:20CF2000002E00D1A8E0002A00D1A5E06248B1681827814200D99FE07168814200D99BE0DD
:20CF4000069200241FF038F8E7B2874206D238461FF0A7F9002801D0641CF3E71FF02CF8E9
:20CF600087424BD232201FF051FC002848D00246047030785070707890707068D0707068E1
:20CF8000000A1071F0885071B0689071B068000AD07170891072307B50724848007890725F
:20CFA000707BD072B07B1073F07B5073307C9073707CD073B07C1074F07C5074307D9074F9
:20CFC000707DD074B07D107500215175F07D9075307ED075517637484068FE0080194171EB
:20CFE0001176059210460491FBF7AAFC421E014691410728039605D04F0004E015273BE0F0
:20D00000132739E0132705990E461D360028049A2BD108461A308C76FF230293CB760A7769
:20D020007270327072713271F270B2701FF086FA1E27002818D1B01D0190B4710298F071FF
:20D04000049B3372059801462631262283544B700146283128228354CB708B704B7001982C
:20D060001FF074FA00280AD00599707C0C4610F0B3FB20461FF0CEFB384607B0F0BD304611
:20D080000F30049AF273012131747474F274B27432751FF057FA07280AD000280599E4D188
:20D0A000044840680399455006980470049FE3E71327D9E7248A002000B80B00E5790020C3
:20D0C000F8B50C4607464B1C0628009317D8B80001A108588746C046F5D0030021D10300A3
:20D0E00033D1030033D1030033D103008DD10300A5D1030062488178491C817019E00E2F12
:20D1000017D100265E4D1EF057FFF1B2814200D3B3E06868C900405800280BD1761CF2E786
:20D1200057488178491E8170080602D101201AF0CFFD2678002215460F2F00D98BE0022365
:20D14000B80001A10858874689D1030011D203000BD203000FD2030057D20300DBD1030066
:20D16000A7D1030057D2030057D2030057D2030057D2030057D2030057D2030057D2030000
:20D1800029D2030031D20300012341E0A6783C484068F1004018407980071ED420461FF00C
:20D1A00039FBF8BD66780A201FF02CFB2022002850D0054660782870A0786870A81CE11C52
:20D1C000174606221DF0B2FE607A2872A07A687220461FF01FFB3A463DE0009F06201FF0A5
:20D1E00011FB1022002835D00546A0782870B878F9780902081868806079287160786870F3
:20D20000204614461FF006FB0CE0042300E008231C4601201FF0F6FA002802D005460670E3
:20D2200000E00025224616E000250120C20712E0009F04201FF0E6FA402200280AD0054629
:20D240002078287038787978090208186880E078687000E00025002D01D10120C207F0B22A
:20D26000FF2809D006494968C0000B58002B03D01046002229469847F8BDFF265AE7C046A6
:20D28000248A0020FEB51225012800D9C9E016460746002902D1002E00D0C2E0002902D0EB
:20D2A000002E00D1BDE03046184300D1B9E00291002B13D05C4800680D30102419462246B2
:20D2C0001DF034FE584800680D3021461CF080FA55480068C11D0D3013F05CFD002E5FD004
:20D2E000012F0AD130461DF009FF002805D1029840798009032800D293E001964B480078AC
:20D30000494909680122D6B286424BD81E252C4674430B5D521CFF2BF5D108190770401C4E
:20D32000062202991DF002FE3F4F386800190D30102201991DF0FAFD386800190D301DF0C6
:20D34000DDFE00280FD138681E277743C0190D3010211CF03DFA34480068C019324FC11DA5
:20D360000D3013F017FD3868001900210191417717F0EEFE012826D12D483C21405C01288B
:20D3800012D1386807191FF0E5F806461FF0E6F802463846314616F0DCFA002841D112E080
:20D3A00000253EE007253CE022480068807C012802D02248016802E01F48016808393868B3
:20D3C00000190BF035F9019F1D480178F8B2884226D21FF0FBF806464079002811D0A92048
:20D3E0004500705D01280CD15320800032180E48006801190D310292104616F0CDFC0028E1
:20D4000001D17F1CE0E77019074909680A19095D01230B400370511C062202981DF086FD64
:20D42000019D2846FEBDC0469C790020047A0020D483002090880020E87200203879002052
:20D44000F679002070B586B0044682780025501E162835D8800001A108588746D5D40300C5
:20D46000F1D5030007D50300F1D50300F1D5030027D50300F1D50300F1D50300F1D5030018
:20D48000D5D40300F1D50300F1D50300F1D50300B9D40300B9D40300B9D40300F1D503000C
:20D4A000F1D50300F1D50300F1D503007BD5030001D5030081D5030020461FF054FA64E085
:20D4C000812A1DD0832A1ED0842A00D090E084201C2157E01046214609F0C2FCA488E0B2E1
:20D4E00001A91FF07FF9204616F066FD00287ED00446827C408801A9520748D5123147E01C
:20D50000182110463EE0A0881146224619F046F90546E07800286BD1A088E1886289238900
:20D520001CF0C0FC64E0A088402101252A4619F0EEFF002630461DF025FBC0B2022838D15C
:20D5400010201BF067F900284CD00146D0200870E078487011208870A0888880E088C88024
:20D560002089088160894881A089888100208873214800781BF0AEFE39E01520182101E07A
:20D580001720062122461FF0DAF9054630E01B4909781DF083FC65883420215C002018F031
:20D5A000B1FA0146284618F04DFD608806F035F81DE0A18801AA118001280DD000280DD140
:20D5C000E08801A94880208988806089C880A0890881002088722E4601A8C67201A809F0CC
:20D5E00031FB04E0A0884021002219F090FF0125284606B070BDC0460E850020E57900202A
:20D60000F8B540201FF0FEF8594908600726002800D1A9E040211EF05FFD1C2420461FF0BF
:20D62000F1F854490860002800D19DE0002707600868C77205210902018247610C201FF0B8
:20D64000E1F84D4D2860002800D18DE00C211EF043FD2868FF21817080210172474D287805
:20D6600060438C301FF0CEF84549C86000287BD0297861438C311EF02FFD1FF0B0F9002831
:20D6800000D0F8BD2878002841D03D21CD00684380B21FF0B7F83B494860002864D0374A5D
:20D6A00011784D43294615461EF016FD28781FF0A9F835490860002856D029781EF00CFD2A
:20D6C0002878382568431FF09DF83049086000284AD02A4909784D4329461EF0FDFC274D6D
:20D6E000287860431FF08EF82949086000283BD01FF000F82878142460431FF083F82549CB
:20D700000860002830D01EF0F5FF1FF042F922480078224909780818C0000C301FF072F8CA
:20D720001F49086000281FD01DF0B6FE84201FF069F81C490860002816D01DF0ADFE1A4838
:20D7400001781E2048431E301FF05CF8174908600028304695D006201FF054F814490860C5
:20D76000002803D03846F8BD3046F8BD0720F8BD908800209488002044790020F679002094
:20D78000787700209C78002034790020B88A002010850020F48A0020E0790020D9790020D9
:20D7A000387900203C790020047A00209C79002094790020F0B5B1B00D460821CF430668C1
:20D7C0002868826928911F9116910D9104913C460834202A00D08AE0297C01290FD1026830
:20D7E00068688168032A33D120297FD1A968896820297BD1E9688968202933D076E068685B
:20D800008268202A72D1AA689368412B6ED152681278042A6AD1EA689268412A66D1002915
:20D8200020D1406828A9091D20220392474B9847A8684068401C1FA9091D039A434B984704
:20D84000A8684068213016A9091D039A3F4B1EE020294BD1A9688968402947D1E96889688B
:20D86000402943D1406828A9091D20220392384B9847A86840681FA9091D039A344B9847B2
:20D88000A8684068203016A9091D039A304B98472868006803282DD1299807218843299016
:20D8A00030982C4908404018401C3090371D8C3603213846324616F01BF9274A28A90DAB2B
:20D8C00038461EF038FA992811D1287C2B6801282FD1196803292CD1EC6860680DA9091DE5
:20D8E00020221EF063FF0220207028E03C46204631B0F0BD301D8C3603213246064613F04C
:20D90000FFFE1FA916AA304603F010F90146E139022916D3E52816D0E628D4D104A80190B8
:20D920000DA8009028A91FAA16AB30461DF01EFDC9E7EA6800900DA804A910F0E3FA0024B4
:20D94000D5E7BC1CD3E7FC1CD1E7C04629D60400BDE80400FFFFFF3F58000600FEB515464F
:20D960000446C26F571C8023C358022B08D0012B0AD0002B15D1656CA06C0190E06C0EE037
:20D98000B8002B18019309E07D43636DA66DE06D0290A8001D1833180193029B1818029072
:20D9A00002E00025019502957943E06D8F00C119E06EA36F0092514E0A46B047206EE26E0B
:20D9C000A36FE16F00912946B0471EF0F5F90199B0473546606EE26E216FA36FE66F00963B
:20D9E000A8472E46E06EA36FE16F0091029D29462A46B047E26E206F616DC919A36FE66F18
:20DA000000963E4EB047606DA16DC019C919A36FE26F00922A46B047616DA06DC019C91965
:20DA2000E26EA36FE66F0096344EB047606DC019216F226EA36FE66F0096314EB0471EF0D9
:20DA4000BBF929462D4EB047E06DC019616DC919226F1EF033FE206FA16DC919626EA36F2A
:20DA6000E56F0095264DA847606DC119E06E1EF0A7FCA06E216F1EF0A3FCA06DC019216EF5
:20DA8000E26E1EF01BFE206EE16E626DD2191EF015FEA06E226EA36FE16F00910146184E19
:20DAA000B047E06EA16DC919A36FE26F00920A46FBF7A2F9606DC019A16EE26E1EF0FEFD51
:20DAC000A06E626DA16DC919D2191EF0F7FD216F2546743529CDA26E0095084EB047E06EB2
:20DAE000226E616E1EF0EAFDA06DC019254674352ACDE26E0095024CA047FEBD558C030028
:20DB0000818E0300F0B587B01BF038F9064618F011FE002800D1AAE0574C1EF0A7FA03465A
:20DB200002210140A06F03220240012A0AD1002908D1524802682068920100D497E0800316
:20DB400000D494E00420034000292CD104904D4F4D484E4A0468396C386806909069002C27
:20DB60000591039028D0019302963A46483200234749DF43052B1AD02046D840C0070ED04C
:20DB800015680D604348C05C069E8640AD1B3C4EB54200D90025C540AF4200D32F465B1C8E
:20DBA000091D121DE6E7002B61D130BF5FE03D46029E344F019B00E0314D37498A6D7D2004
:20DBC000C000504385422A4600D30246FF20F630824249D3314B486A401C486218680121A5
:20DBE000029188431860986858602D490498086020200490154618F02DF8B93DE80803993F
:20DC00004018224DA862029810F0B8FB0298E86068652868049818F01DF81B2020490860E2
:20DC2000F86B0128FCD11A491E4814221EF0BEFD059838641448046014F032FB042018F06D
:20DC4000F7FC38680699401A1AF02CFC1AF08AF90020124A90601068052101431160124860
:20DC6000506005F0E7FB02E0002B00D130BF30461CF0E6FA07B0F0BD48100040E0100040C2
:20DC8000FFFFBFFF04210240442002400020004000770020850E06004C80002010E000E06F
:20DCA000445402404C2102407FBB0000FEB50446016CC26A17F0B2FFA16E012220461DF0AE
:20DCC0003EFAE06C626EA16EA36FE56F0095FAF7C1FF216F226B204617F0A0FFE56FA842CE
:20DCE00001D93C20FEBD002800D1A6E0216F606FA36F626E0095FAF7ADFF606C2546743561
:20DD00002ACDE26C0095FAF7A5FF616CA06CE26F1EF00AF8216D4A4A20461DF010FA606DEE
:20DD2000E16CE26F1EF000F8E16D002720463A461DF005FAFE21444E002974D4206C029197
:20DD400002991DF017FD01904740616D626C1EF0BFFDE16DE26C1EF0BBFDE26D206E616D7C
:20DD60001EF00CFD374FB847216E606E1EF00BFBA06E616DE26D1EF001FD344DA847A16EE0
:20DD8000E06E1EF000FB206F616CE26C1EF0F6FC2C4DA847216F2746743789CFA26E009773
:20DDA000B047206F616CE26C1EF0E8FC274FB847A06E216F226E1EF0ADFC1EF02EF8A84753
:20DDC000606C216E1EF0DFFA1EF027F81F4FB847A06E216E1EF0D7FAA16CE06CA26E1EF074
:20DDE00099FC606D616EE26E1EF094FCE26E206F616E1EF0C3FC154FB847206E216D226F79
:20DE00001EF088FC2746743789CFE16E226E0097A847E06D274670378ECF0097B0470299B4
:20DE2000491E019F88E7616D626C1EF051FDE16DE26C1EF04DFD9920FEBDC320FEBDC04668
:20DE4000CC8B4600F98D0300558C0300818E0300F0B585B04A4908704A49002008604A4913
:20DE60000D220A704A80CD2292008A8047490A78474B1A704C785C708D789D70CE78DE7040
:20DE80000F791F7149795971424B1A705C709D70DE701F7159714049C2438A800A603F49BC
:20DEA00008803F490A7F4B7F1B029A188B7FC97F0902C918090489184A783A4B1A700A78F1
:20DEC000394B1A70394A1288394B1A804A69394B1A60CA78384B1A700979384A1170384AF2
:20DEE0003C23D25C012A01D04800401C3549087012F048FC1CF05AFF334908701DF01CFB3C
:20DF000032490870FFF77CFB07280BD106F02EF81B4800780121890308F014F900201CF0C0
:20DF200003FB2BE008F033FE294800688047044615F088FA1CF042FA01AE30461CF030FA9B
:20DF4000022030700025284631461DF0EBFA2149086021480168204688471AF069FF1F4851
:20DF600005601F4981808571FF20012421461EF01EFD03480078610308F0E4F805B0F0BDAC
:20DF8000D27900202C790020D67800205800004EC0780020D0780020C8780020BE780020C7
:20DFA000D8040600F7790020F67900207E8A0020C479002058790020D9790020047A0020DA
:20DFC000D4830020E0790020DC790020F8790020888A0020A47900208C8A0020947800207A
:20DFE000FFFF0000F0B587B01AF028FC002804D011F072FF0020C04300E00020039052485B
:20E000004068002800D0804750480778564C05A804A906AA12F04EF900282ED10698861F23
:20E020003178032905D1484989680029EFD08847EDE704A9097863680022974212D09D5C59
:20E040008D4201D0521CF8E7D5B2FF2D0AD00838007818F0A7FC3178022906D0012907D137
:20E06000069904E01DF0AAF9D1E70699891C0870069928461BF02EF9C9E735480168002004
:20E0800006460A68002A05D1401C761C091DB842F7D300E00646F5B2BD4224D22D48006845
:20E0A00080472B490968AB000193CA5802920022CA50294909688847234806702748019EE2
:20E0C00082592846029990470546FF201E4908702048006880471E4909688A592A438A51A2
:20E0E0001D49096888471AF0A9FB05460398854214D0002D00D11A4D1A480068854200D372
:20E100000546A06808341DF024FE0F49C868421CCA601649284623461AF054FE14480068DB
:20E12000002805D0134800681DF00CFE07B0F0BD07480168781C401EF8D00A1D0968002971
:20E140001146F8D0EEE7C04648890020F80E0600B0790020888A00208C8A002050FF0500C3
:20E160008EC2F52880790020388900205D6105008479002088790020F8B50446C0C8387808
:20E180001DF0F6FE7A783179904221D1481E0A281AD8800001A108588746C046C9E1030092
:20E1A000C9E10300C9E10300C9E1030067E203007FE20300C9E103008DE20300C9E10300DC
:20E1C000C9E10300A1E203000720307100256CE0481E0A2827D8800001A108588746C046E7
:20E1E0002FE2030027E2030051E2030027E203000DE203000DE2030027E2030027E20300C1
:20E200005DE2030027E203000DE20300307C1221084208D0032535711EF06EF8306810F0E3
:20E220001BFB357101E002203071002551E01DF06FFEB060307C012505401221084246D0F4
:20E24000032030711EF058F8306810F005FB40E004203071307C022505403AE0307C2025FC
:20E2600005400A2034E0307C800624D4B0681CF09DFFF06007203071307C0C2514E0B06830
:20E280001CF094FFF060307C142505E0B0681CF08DFFF060307C0C2505400720307104E0F7
:20E2A00007203071307C042505407878002815D0012815D018E0082030713068316AB26962
:20E2C000891A1EF032FB306810F0C6FA7EE7022030717878002803D0012805D1084900E0C5
:20E2E0000649387815F048FC002D05D07269002A02D0204629469047F8BDC0460400010091
:20E3000004000200F0B589B00D460446C0B21EF05DF90646E8B21EF059F902467179407975
:20E3200000292CD000282FD0DB20400031188B7F032B29D01018877F032F22D00597039358
:20E34000069104903146C3204000331807930892101837687F68FB69029317687F68FB6908
:20E360000193079B1F880796F1894B0800880899C98949089F420AD9884202D909E0002810
:20E3800001D02C4600E0FF24204609B0F0BD8842FAD80F20400131181018096803680120F1
:20E3A000C0071840C90F04D10028069B059FE8D103E00028069B059FE6D088368832307845
:20E3C000002804D01DF0BEFF7188884206D21078002809D01DF01AFDD3D205E010780028F5
:20E3E000D2D01DF013FDCFD3B07B012804D11DF0A9FF318A884206D2907B012809D11DF066
:20E40000F0FCBED205E0907B0128BDD11DF0E9FCBAD31878012804D11DF094FF5988884281
:20E4200007D20499087801280AD11DF0CCFCA8D206E0049908780128A6D11DF0C4FCA3D3AD
:20E440000398B842A0D89CD30798418E0898428E914205D90498008C42438A4291D293E75B
:20E460001B8C8A42049804D95943914289D3254687E7008C834287D8984282D802980199F4
:20E4800019F0ECFC002800D07BE77DE7F0B587B00127049005685B48066828461BF098F8AE
:20E4A0007C20285C0023082806971C4608D8BB22C24001210A40069251229400C4400C40D0
:20E4C00028467C3005905049700701D41C464EE010200860002C0396019301D1242000E031
:20E4E000282002972858296E00290BD02F6EE96DC91B4018394619F0F5FD686FC01B6867F6
:20E50000002028662F46443738461CF07BFE686F00281AD1284618F065FB296B00260029B7
:20E5200012D0059802790698002804D0084639461EF03CF908E0384618F0EFFA002802D1E5
:20E540000320C64300E000266E61002C029F3C46039E2D490BD1E96D284609F033F92A491C
:20E56000039E6861E86D0F28019C00D83C46300702D4002C2DD143E020200860686E0028AE
:20E580000FD03B466F6E686AA96AEA6DD21B801889183A460BF09AFDA86FC01BA8670020A9
:20E5A0006866A86F002803D0284634301CF0EEF9069800280DD1EA6D00260223284631468B
:20E5C000FDF708F96861E86D102800D20126344316D0A86F696FC84201D10020E8762846E3
:20E5E00013F024FC287E022803D108481AF01CFD06E06C6DAA6D6969059803780498A0479E
:20E6000007B0F0BD0C010C400465024004710020F0B585B00D4606460720C44388688107DE
:20E6200002D1E9688B0703D02746384605B0F0BD2B46203304931B78E71D072BF5D30D2BE0
:20E64000F3D80392AB69EA69D342EED0336802931B7E042B03D01CF0FDFD0028E5D00298D8
:20E660001AF0C6FF07460028DFD1029F38681CF073FE002825D00123BB7600227A612868E9
:20E680000178022921D1009301921DF049F9387E042802D0EA690F2A49D80398012816D163
:20E6A000443701222846394605F088FA2846394614F0FCFA686904994A7839461EF076F846
:20E6C00021E00020F876A71DAFE7671CADE73846343001906969049A52781EF067F82846B2
:20E6E000019914F0E3FA443702222846394605F065FA049842783846019918F00EFA002819
:20E7000001D1201D00E0002001900027029CE776204613F08BFB207E012806D1646D304663
:20E7200001992A46039BA0477FE7019F7DE73C467C34BD6503982070A9687962E968B96209
:20E7400069693963696839622969F962049B19786171A969B966FA667A67BA675B782371F6
:20E76000034601983867E070022B00D10093002905D000223846009BFDF72CF8EA69002A69
:20E78000C2D000280099BFD1304616F0B5FB07464BE77047F0B58BB00E4605460878801F96
:20E7A0000121C841082841D8800001A108588746D5E703002DE803002DE803002DE803008F
:20E7C0002DE803002DE8030035E8030065E8030083E80300738805A811461A461EF0CDF8F9
:20E7E000044600287AD105A8018828461EF0BFF8002862D00746059803A9088005A8408806
:20E800004880F9684988884268D1727840480090072103AB28460DF089FF0021022238466D
:20E820000DF09BFE384617F0EDFF57E005AA002414804FE0738805A811461A4617F042FE5E
:20E84000044600284AD12F488189002946D0807B3378717805AA009101920022294614F074
:20E86000EDFE3BE0738805A811461A461EF063F80446002832D1717805AA28460EF09DFEB6
:20E880002CE0738805A811461A461EF056F80446002823D105A8018828461EF06AF800280F
:20E8A00013D0C1680A8805AB5B889A1893B2934217D003210BF079FF10E003AA022010808E
:20E8C0000598508005A8408803E002200390059803AA9080717828461CF09CF920460BB04B
:20E8E000F0BD0A801004F9D0C8680028F6D0064800780028F2D005480078012107F022FC3A
:20E90000ECE7C046987300206C8A0020F17900206BC90500F0B591B009930A920D4606465D
:20E9200001200890000210A9088055480CA99CC89CC154480B900227002E00D19CE0002DC0
:20E9400000D199E00A98002800D195E00998002800D191E01699002900D18DE01798002865
:20E9600000D189E00691079035201DF04BFF1327002800D180E0044620201DF043FF0028EF
:20E980006AD0049010201DF03DFF002866D00390102005901DF036FF002866D00027202271
:20E9A00001920290049839461CF06BFF0CA90398059A354B984720463146019E3246324BE2
:20E9C000984705980090039821463246029B2F4EB047601C27700BA904222B4EB047601DC6
:20E9E0002946059D2A46B047204615300A992A46B04720462530072509992A46B047204694
:20EA00002C3006992A46B0472046333010A90222B0470598009035220A9202982146049E34
:20EA200033461A4DA847089820703346103305980090029821460A9A144DA84707983146E3
:20EA4000019A114B98472046114CA0473046A0470398A04702980EE0204603E020461DF013
:20EA6000D9FE04981DF0D6FE06E02046084CA0470498A0470398A047384611B0F0BDC046C4
:20EA80001C0B0600656C74625DAF0500F909040015C80500F0B589B05A4800781DF001FCA7
:20EAA0000446016E4C3106AD284615F0DBF9284609F056FE002800D1A2E005468078401954
:20EAC000C1780F220A40032A00D099E0C61CB11C04AF062238461CF029FA30784006C60F12
:20EAE000304639461CF0FFFA002824D04648016804A816F04BFBFF282BD00746606E807CD8
:20EB00000121029102210391084303282BD13F4800683D490A681E267E439119491C925D2D
:20EB20000EF044F80146394800680278914213D10020029017E00396284619F019F8616EA1
:20EB4000897C02220A43032A27D100090126864324E00396002621E02B4909688919C91DF0
:20EB600004AA07F0CFFC284800681E267E438019C01D04AF0622019239461CF0D7F922489F
:20EB800000688119805D039A10430390491C3846019A1CF0CBF9029E00E0012606201BF0ED
:20EBA00025FD002827D0606E007EC00723D0002E21D00B201DF02AFE002818D007461320FF
:20EBC00038701048007878700398B870E8783F2101407972284618F0B5FFB872F81C04A911
:20EBE00006252A461CF0A2F92846394601E00E2000211BF009FD206E4C3000210AF0EAFA9C
:20EC000009B0F0BDD87900209C79002038790020F0B58DB00646129D107AD4888006800846
:20EC2000A405A40A201807929288554C1440001901900F2018400690681E05952A46824183
:20EC4000F0201840103843424341134003934D48047800274C4DE0B2BAB2824200D387E045
:20EC60007F1C0497A878F7B2874256D0029688B2172850D3CD1FACB208AE38462146324615
:20EC80000EF04CFEF67A03203040022837D10699032972D80798007A890001A251588F461F
:20ECA000D3EC0300B1EC0300B7EC0300CBEC030008A9097A06E008A90A7A90421FD10798E2
:20ECC000C088C988884204D019E008980199814215D10398002844D005988289836808A807
:20ECE000002114F0B3FA002809D1059A9068D1884018116892881AF04BFF002831D0700771
:20ED00000DD508A8C08984420DD9291A88B21728B0D21C480478029E1B4D049F14E001208E
:20ED2000194D687104E03846214615F049FD164D00273846F7F748FA12480478E878401CB6
:20ED4000214615F07DFE0E46F0B2E1B24018401E11F078FE0E46C8B20C2141436818818B0B
:20ED600079E708A9142207981DF020FD002005E00020079988810A2000E004200DB0F0BD1D
:20ED8000FF030000D4790020F86F0020F0B5B1B014460E46074608AD15F00EF9002863D060
:20EDA000049605942E469C3530469930069030462630079008AC0021A422204601911CF004
:20EDC00060FD27804B49C8782071C87B2871087B2988012402462240474B0B409918022338
:20EDE000024602931A4089180209D207D20D89184209D207920D8309DB075B0D04270740CC
:20EE00008818C018C0193B4F03952880B87B801E41424141079841741DF0C8F8412807D39D
:20EE2000B87B411E8841C000069A1178014311703836787A002819D0347008AE304639301F
:20EE40002E4F2F4D202439462246A84730465930394620312246A84779364037304639465E
:20EE6000244F2246A84703E0142040E001983070059CB87908A948710028069D049E10D0CF
:20EE800008A8801D3946543110221CF04FF82878082806D108A816303946443110221CF0CD
:20EEA00045F8787E07990870012806D108A827301449103110221CF039F8F879FE210E4015
:20EEC000022E06D1002804D0039A1188029B19431180411E8841297801433879421E904180
:20EEE00080000843287008A8214607F0ADFA31B0F0BDC04620810020F8F8FFFF8481002092
:20EF00002DAF05002C750020F0B585B00446807809280AD0082816D1E178534F386800294D
:20EF200013D0002811D004A907E0E1784E4D2868002940D000283ED002A908220A70C088C7
:20EF40001AF086FE8CE000208BE0002854D04A4909783A2905D10178002902D115F0B0FE6B
:20EF60003868406F2030251D2026294632461BF0DDFF3868406F40302434214632461BF09B
:20EF8000D5FF3E4E307800280ED000207070B01C202729463A461BF0C9FF22363046214659
:20EFA0003A46314F1BF0C2FF3868017800293ED011F0C4FC51E000282DD0406F6030211DA1
:20EFC00020221BF0B3FF2A4800783A282DD128680078002805D106F013F9286800780028B0
:20EFE00023D01DF00AFD00281FD001A908702868C0881AF02DFE18E01C484178FF292CD08B
:20F0000001788A0729D5FD22114001701949204610F020FE21E015480178CA0705D0FE2284
:20F0200011400170204616F029F9114816E04178142910D11248006800280ED00069002801
:20F040000BD08047002808D003A908703868C0881AF0FEFD01E01521417007480021017054
:20F06000012005B0F0BDC046C8890020027F0020087A00204C750020097A00202872002015
:20F08000CC89002086B001273802059002200CF01BFA1420002529461CF086F915202946A4
:20F0A0001CF082F9444C66681DF0A0F8024600953046049739462B4613F0F4FC3F48006806
:20F0C0001BF08CFE3E48C169066A059A11400291090A0191C06803903F4F3648406A0321BE
:20F0E0000904884202D1012032490860A078022812D001281FD1AB20344A10703448006878
:20F100000421009101210B461CF031FE3149086002200CF0D9F90EE02A48007A002807D1DF
:20F1200009F0B6FB07F070F809F0FCFB09F044FC25481DF075F83878002832D027480378F2
:20F14000002B0CD126480078012808D1002E19D0306805990842049815D1019813E0002EEC
:20F1600006D0306805990842049802D1019800E00298002815D012481A491B4A039CA04702
:20F180000D4C0EE00298002806D063780C481749174A039CA047084C6178164811F076FB1D
:20F1A00065703D70144800681DF032F90A2019F05DFC92E70C00004040880020BC79002043
:20F1C0002C020600307800206DDF04005E76002074790020A879002088840020DE790020FE
:20F1E000DA790020670100900C000094F500009008000094B0760020B8790020F8B50C464D
:20F20000012508051DD4E00531D4A00634D4200438D4E00740D120074AD4E0064CD4A00718
:20F2200050D4600754D4200656D4E0045AD4A00574D4600576D4600478D4A00479D4002458
:20F240001EE0EE02424F3888FF280CD0C0B21DF0BDF9002807D005468079162116F016FDA4
:20F2600028461DF0ABF9FF203880744008E02D021DF025FB6C4003E01CF039FB202044400D
:20F280002046F8BDED031CF0EBFC0028F2D0002181601DF0D7F9EDE71CF0E2FC0028E9D008
:20F2A000002181602B4800680028E3D08047E1E71BF06BFB0820E2E7002002211DF0AAF9B2
:20F2C0001020DCE701203C211DF0A4F90220D6E71DF0A4F90420D2E701203B211DF09AF990
:20F2E0008020CCE72D031C4E30680D301BF006FF002804D13068C11D0D3011F04BFD1DF036
:20F3000085F91648007816494A68294614F0DCFE0028AFD08E2012F0DFFEABE76D021CF0FA
:20F32000CFF8A7E7AD021DF09BFAA3E7AD038120F1E76D030B4816F0C5FC15F0A1FA0A48F8
:20F340001DF084F909490860FCF752FB92E7C04682880020AC7900209C790020D27900209B
:20F36000A4780020C8780020FEFF0000A079002010B5014683880020524A9A18322A6DD895
:20F38000920001A4A25897468DF403008DF403008DF403009DF403009DF403009DF4030017
:20F3A0008DF403009DF403009DF403009DF403009DF403009DF403009DF403009DF40300BD
:20F3C0009DF403009DF403009DF403009DF403009DF403009DF403009DF403009DF403008D
:20F3E0009DF403009FF403009FF403009FF403009DF403009DF403009DF403009DF4030067
:20F4000055F4030055F4030055F4030055F4030055F4030055F403009DF403009DF40300FC
:20F420009DF403009DF403009DF403009DF4030081F4030081F40300A7F4030081F4030076
:20F4400081F4030081F4030081F40300AFF4030055F4030008461DF082FA10BD1A4A9A1898
:20F46000022A18D3194A9A18022A14D3184A934222D0184A934211D1886813F0B3F810BDA0
:20F480008A68032118461DF05AFA10BD886801784842484110BD08461DF059FA10BD0846B8
:20F4A0001DF057FA10BD8A680B480321EBE78A680948401D0521E6E708F083F908F063FC88
:20F4C000012010BDD9DFFFFFF8DFFFFF8903FFFF0E2000000220000053200000F0B58DB084
:20F4E00017460D4604468E78122E18D01E2E21D1204618F02FFC002700287BD00546807830
:20F5000040087E2876D8E878002700971E2321463A4611F03BFD28461CF052FB6AE068783F
:20F52000012807D147480078FF2862D004970020039022E0204618F00DFC0146002811D053
:20F540000420085600280DD00027002852D4C2B220460C4631461AF0BBFA207980210143CF
:20F56000217147E00497374800780627FF2841D0022E3FD30391182E3CD830461AF09CFF90
:20F580000627002836D0029030461AF0A3FF002830D02878002802D16978012902D1122E7B
:20F5A00028D16978AA68AB8807AE0096029EB047074600281ED1A8781AF08CFF024607A939
:20F5C00020469047002818D007466878002811D1A87805A908700F710798488020461BF009
:20F5E00041FA00280CD0012105AA204609F082FE06E0062738460DB0F0BDAB78042B01D1FD
:20F600000027F7E70F48007807A9009100262146324611F0BBFC07460028EBD1A97807A817
:20F620000AF080F9002801D004980670A878122802D16978012903D00399002900D0087133
:20F640003746D7E7298B0020F0B58BB01F46154605910646002421460CF0BAFF002800D0E1
:20F660009BE004970394059C0296042001210AAF3A461BF00FF8397800281CD1FF291AD03B
:20F680002A46A9422746049E1CD0454F0026384631463246F8F75EFC0190113738462746E0
:20F6A00031463246049EF8F755FC2A46019908431ED01E2071E000282746049E2A4617D118
:20F6C000914215D102201043032811D106AA039890800690062001461AF0DCFF002806D1AD
:20F6E00006A8062231461AF083FA0028CDD02A462C48027002201043032802D1304608F03A
:20F70000E3FF294C677006201BF03CFA20700006039D01D160782070029C204610F024FBC1
:20F7200000283AD1064609950895079506951D480078022804D2002006A914F081FF0EE0BA
:20F740001CF0FEFBFF2110221AF0E8FB012806D10220102106AA1AF09DFF0028EBD01CF0CD
:20F76000CDFC002110221AF0D9FB012811D10320102106AA1AF08EFF00280AD106A8FF2118
:20F7800010221AF0CBFB002803D1012006A914F057FF204611F046FE30460BB0F0BDC046B2
:20F7A00009040000E57900200E850020FEB514460D46089F0978102919D002292BD1696869
:20F7C0000A78497809028918434A118089B2434A91422BD04C4A914226D1012100970191DB
:20F7E0002946224612F006FC0446002069E06868017B407B000240183749088037498842C8
:20F8000012D1002B1FD00020354983421FD0225C0A54401CF9E768681AF0CAF9014600207D
:20F82000002904464DD0FEBD0A20FEBD002B0AD000202B492C4A83423AD0265C0E540126AF
:20F840001670401CF7E7002F34D10D20FEBD012002022448037024480178491C01702348A2
:20F86000066A002E029202D03068104203D11F48C069104206D01D4883681D491D4A984712
:20F8800018480378D9B216481B4A06F035FB029A1A490870002E02D03068104203D1134889
:20F8A000C069104204D0114883681549154A9847002F01D00B20FEBDE868217801700024B5
:20F8C000022008494968002904D00968002901D01AF04EF82046FEBDD0790020CCC0000036
:20F8E0009C76002088840020DA7900202C0206002C07009040000094B8780020DE790020A5
:20F90000C5070090440000940229000086B0564F5448006A0668002E02D0C068046800E0C5
:20F920000024786A401C786202A814F011FC05460298002802D003F07DFD8AE0002E03D019
:20F94000AC4211D9002204E04648406A006842424241786B611B14F0C7FC03F06BFD002879
:20F9600077D11BF067FB74E003F064FD2046294615F086F96DE0029E002E3BD4049C60693E
:20F98000002802D0201D19F012FE01A814F0E0FB0546701E08285CD8800001A10858874603
:20F9A000C5F90300C5F90300FFF903000BFA03003BFA0300C5F90300C5F90300FFF903000D
:20F9C0000BFA03002820215C01220A432254039EA069811920462A46334616F013FC0028A4
:20F9E00037D02046283001784A071CD4FE22114001701EE0039A04980599904729E02820A9
:20FA0000215CFE220A40225423E02820215C01220A4322540398A061411920462A462B469E
:20FA200016F0F0FB15E0A069811920462A4618F02DFF216A204688470BE02820205C81073C
:20FA400003D4204614F02EFC03E02834FE2108402070786B02A9002204F010FF00288AD1CF
:20FA600056E7C046747F00204C800020F0B58DB005920C460546408819F0FAFD871E4F482A
:20FA8000007800280B950AD04D48064634362C30854206D0202229461BF048FA01E02E46B5
:20FAA0000836B8B2801E0A90701D0890444D0796A88B002C57D10A99814254DB3088718846
:20FAC00033790CAA0092089A0DF0E0F8002842D00746408930800B9D68880CA90A8839465D
:20FAE0000CF0B9FF002834D1688809900CA90A88324E736829790A9CA0B20025304CA41CFF
:20FB00000094069501950290039109983946FBF7F5F904463078002804D0002C0B9D079E93
:20FB200004D01AE0002C0B9D079E1AD1688823494968234A52887B890BF0CEF9002808D178
:20FB400030882049884206D0401C308000241C4DAEE7044605E0002403E0162C01D1069CCA
:20FB600029E0174DA88B00281DD0E98A14F068FFA8821248007800280BD02C462C34217987
:20FB8000284634301BF044FF0021202220461BF078FE0B9840881435294617F09BF8002816
:20FBA00008D1044607E0002C00D10A2405993088088000E01624E0B20DB0F0BD98820020E2
:20FBC00040830020FFFF0000F8B551484078002801D11CF06DFF4F4800684F490A78FF219B
:20FBE0001BF04FFE1CF002FE4C494018009000273E4649480078F5B285421BD228461CF09B
:20FC0000E5FC4179002913D08179424A12687C1CFBB2D15401684968CF690099FBF792FA6A
:20FC20002846394613F052FD28460DF077FB2746761CDEE7364E7078F9B2814205D01CF029
:20FC400037FF822012F048FA7778F8B201282ED1002531480178E8B2884222D21CF0B6FC9A
:20FC6000044640796D1C0028F3D0A079294909680978884202D01CF01BFFA079FF2100F0A5
:20FC8000F5FAC3204000205AE1894908884206D8207C002803D1A07901211CF0DFFCA4799E
:20FCA00034E01CF005FF822012F016FA7778F8B2022806D11CF0BEFC04461948844225D1A5
:20FCC0007778144C2068F9B210F004FD206871781CF05BF807F0D0FA0446C5B2FF2D04D14E
:20FCE0001CF0E6FE822012F0F7F928461CF06EFCC3214900415AC2895208914206D8007C02
:20FD0000002803D1012128461CF0A8FCE0B2F8BD9C78002034790020F6790020C409000003
:20FD2000FFFF0000F0B587B00546016E487900020126B203904274D14C3104AC204614F0E2
:20FD400091F8204608F00CFD002400286AD007460196861D17F00CFF0090304610F0CDF9C8
:20FD600000285FD038460830B9794906C90F1CF029FC012856D0381DB9780818411E097817
:20FD80004906CF0F411C02AE062230461BF0CEF8384631461BF0A7F9002846D035480078E7
:20FDA000002805D1686E807CFE210140022939D0314F396802A815F0E9F90646686E407853
:20FDC0000007800F06D028463C30396815F0DEF9864227D1686E817CFE200840FF2E44D026
:20FDE000022844D1254800683A681E2575435119491C525D0CF0DAFE01462048006802786F
:20FE000091420FD039684919C91D02AC224606F079FB38684019C01D062221461BF086F8D9
:20FE200025E00024204607B0F0BD686E807CFE210140022902D10098C006F3D40E4D28688F
:20FE400002AA39460AF036FDFF2810D029681E26464388190D301BF051F9002807D1286822
:20FE60008019407F002802D1DCE70228DAD0019CD8E7C046A47800209C79002038790020F4
:20FE8000F8B514460F4601464A4802781226012A0ED1407800280BD11820022F07D8002F3E
:20FEA00001D0002C03D0022F04D1FF2C02D9F8BD3046F8BD08461CF0F4F9002805D00546F7
:20FEC000007A012803D11120F8BD3420F8BD686E41780907890F0CD037490968002908D0B7
:20FEE0000A68002A05D0C17A0C30904700283046DDD0A86EC17802791202521841798379FA
:20FF00001B025918C379007A0002C0180004431801266946304610F0C3F801783140012F43
:20FF200009D0002F14D1286FC21C002917D100245470147018E02148201880B2204A9042DB
:20FF400001D8002917D1286F210A0171C4700AE0002912D1286F00210171C17004E04621B3
:20FF600051705021117000244471067046701CF0E9FA00289BD01820F8BD696E1820002922
:20FF800095D0002C93D0012CE4D0CA780B791B029A184B791B04D2184B7E0A495143012B4E
:20FFA00001D0094A891822464A4308498A42D1D97DE7C046248A0020D88A0020AFB9FFFFA0
:20FFC000AFB90000C4090000409C00000054EA2AF0B585B01D4604920391C0B21CF0F6FAD3
:20FFE00007463920C0003C183E467436A07902280CD0012800D08FE0022D13D102950025C3
:020000040004F6
:20000000A5801CF0A4F9A560029D02E0022D00D082E00499012918D000291CD18C2012F0B8
:200020005BF879E0218802293AD3049808186188884252D900251CF08AF9A5603748817868
:20004000A2888B2015F066F828E0012020800399097861805FE0039A5078000212788018D9
:20006000001D6080042905D3039A9078D27812021018A080384610F0D5FA0146A06800286F
:200080004AD0012948D11CF07DFB6088B8423ED122481BF0C9FE3A4607F08AFCA5803BE015
:2000A0000120049A002A19D0012917D103980078000261880143081D60800499042905D373
:2000C000039A5078927812021018A080384610F0A9FA411E4842484100E00120A16800298F
:2000E0001AD0002818D0208808181CF04BFB2088C01982B22080608882420DD107481BF0B3
:2001000093FE07F055FCA5802560022003E02088C01920800120A07105B0F0BD9C7800206E
:20012000F0B593B0059304920A460224E74300210A9100280D920ED0002A0AD00499090DF1
:2001400007D100684168464815F0B6F800287DD07F1C0D9900E011460320019001400691FC
:2001600004204049059A002A0C9300D05A1E07921A9A0392199A0292189E069A801A0B906E
:200180000868099000200896002F59D1C00757D13348006D00270C9DA8420BD20699002909
:2001A00008D00B99884205D2099815F06BFE07462B48006DA84201D32C4604E00B9BC11A51
:2001C000019A9143CC18002C18D0002816D0001B254909180D9822461CF0E8FA20483E4619
:2001E0000746006D001B2049081800220999234619F070FF386D001B38653746002F09D119
:20020000A5420D9D07D00C98011B281917F0C6FC074600E00D9D079AA85C0A990840A85449
:200220000120089E002EAFD004980F900E950EA8059901720299119103991291B047A3E7A8
:20024000074818F0F1FE384613B0F0BD0498C01DC308072101408C40601E0A90002778E753
:2002600070680020A00E0600EC740020FEB50C460746C0B21CF0AAF90546407900281ED0C5
:200280003B20C0002B1818780026800718D446484078012816D1474800680078B84204D044
:2002A00000201C461AF040F92346688E3F49414398680122D20702405018986000E0FF266B
:2002C0003046FEBD019328684068C169FF2C1FD102910096384614F093FC86B2FF2E2DD040
:2002E000C0B21CF073F900684068C469688E2F49484302994118204617F0B0FD00281DD1BA
:2003000030463946FDF7FEFFB04221D03046E2E7E0B20F461CF05AF900684068C469688E5C
:2003200022494843C119204617F098FD00281F4B0BD0688E1BF0DCFB9060C1E7688E1B4BB2
:200340001BF0D6FB9060009EBAE7394620460CE0688E164F784302994018214617F07EFDCF
:200360000028009E16D0204602991CF0D3FB019D297BAB680E4C20400122D2071A40131866
:20038000AB606B68234098429AD208351A4329712A6095E7688E4743019A90680121C90797
:2003A0000140C819C8E7C0469C780020C4090000FFFFFF7F34790020F8B516460F46054673
:2003C00018F0DCFC01462C1D6879002800D18AE00F2800D987E0002F00D184E0012820D174
:2003E0000F46474800218160012528460BF034FD21780002081820803D4E304610301BF0B0
:20040000F3FF03281ED1306800281BD0317C490705D438490D60317C04220A433274690230
:2004200028E0032F009129D0022F3AD0012F4FD12F480179B207D20EE7230B40991801716B
:2004400080214CE030461C301BF0CEFF0228394649D13068002846D0317F490709D4317C12
:20046000490706D4234902220A60317F04220A433277290213F03AFD394634E0012251021E
:200480001B48037CB607F60EE7271F40BE1906745B0724D4174B1A60027C04231343037453
:2004A0001DE0012001021248027FB307DB0EE7261640F3180377520711D4027C52070ED4BE
:2004C0000C4A02231360027F04231343037706E009480A493722120100BF00BF00212846B3
:2004E00013F004FD0099084619F0AAFE6078F8BD5074002030100840490E060035F40500DC
:20050000D8770020FEB500286AD004464448006880470646B3204000205C10F05FF9A06E11
:2005200000282ED035463F4E001D18F011FD00281DD0817B0918C97B032906D00F2141561B
:20054000002902D53178491C31700CF063F9A06EEAE7817B0918C97B032906D00F2141568B
:20056000002902D53178491C31700CF053F9A06E0C3018F0EDFC0028EBD1A06E19F0F8FA5C
:200580002E46294800782949087029480168A2791C235343C91800258D600168C918CD60E0
:2005A0000168CD500068C01845602248007801281DD1206F00281AD000961F4EB0471F4FCE
:2005C00038461830B04738461030B0472E46102E0AD0B8590CF01EF90020B851361DF6E7A0
:2005E000002019F0A1FFFEBD00203884009E0D4F3878002808D0A27902A90A8001AA108066
:20060000012011F0B5FD3D7020460FF037FC204606F088FE0A48016830468847FEBDC0461E
:20062000888A0020FA790020F7790020FD790020108500209C7800205DB405001485002017
:200640008C8A0020F8B514460E46074618F096FB0090002C06D0012C0BD11BF073FD0646C1
:20066000C8360EE01BF06EFD05464348C5602E4619E01BF067FD0546C835A81B3D498842E6
:200680004DD935463C48C560284618F04BF81BF059FD401B3749884205D838483849AD22A4
:2006A000520000BF00BF002F2DD0334C20794007800F28D1B868FA68002A05D0911961616A
:2006C000217C01230B4323748118012900DC0121002A00D10146002800D40146012905DB24
:2006E00088192062207F012101432177204610300CF084FE20461C300CF080FE2079F92137
:200700000140881C20711C48017C4A071ED4C906890F11D0012908D00146183107E0022C50
:20072000B0D01CF097F98620F8BD014614310968691A104A914209D9017F4A0714D4C9062B
:20074000890F0DD0012905D0243004E01CF082F903200CE020300068281A0649884203D968
:200760001CF078F90320F8BD1CF074F902200BF073FBF8BDFFFFFF1F5074002011F905005C
:20078000BCF20500F0B589B007931746089104464A4DA87D80001CF035F8002839D00646FC
:2007A00002970E9806902F46062060430190203008210591089D2A461AF0E8FB049020468A
:2007C0000EF040FEB87D8200FF2130461BF059F8532080002018B97D8900039632461AF02F
:2007E000D5FB064604980643B86AE100069C40182946059A1AF09AFB002C06D000211022F9
:20080000204619F08BFB002808D03446029A019D1DE0042019F088FE0A244CE0119F0899D4
:200820008879224601242040002319F08BFC002F019D03D0002801D02048447028462330A1
:200840001021069A1AF0A2FB04463443029A002A07D0284621301C211AF098FB0746274372
:2008600000E02746079A0F9E002A07D0284622301C211AF08BFB04463C4300E03C46002EF6
:200880000FD028462430102132461AF07FFB064626432535042110AA28461AF077FB044668
:2008A0003443039D0548007C002801D015F076FB28461BF0AFFF204609B0F0BD2081002035
:2008C000F0B58BB0039205460620C643AA6805930491581802925168884201D9F61C7EE019
:2008E000109F404CA068B11D019114F0E5FCF80713D1B807059D2ED5029800680499401832
:2009000003992A46002A26D00B7804781C40521E491C401CA342F5D05DE02179002923460C
:2009200000D031490A4605980240C8431B78002B01D1134602E00123DB02D318059C204279
:2009400000D01A4604980140284607F0EBFC06460028059D3FD10298006804994418039E7C
:200960000697002D24D0082D07952F4600D3082718F004FA0A901D490868099000200860DA
:200980001B48006808901B48314622463B46089DA84705460998154908600A9819F050FCF4
:2009A000002D17D1079DED1BF619E419069FD8E7002678070FD50298006804994018059BE6
:2009C000039C002B07D0217802785B1E641C401C9142F6D0019E0348806818F025FB304605
:2009E0000BB0F0BDD489002000F8FFFF244402406000000F8FA0E3B7F0B58BB0039304922E
:200A000005910690102420461BF0FCFE064620461BF0F8FE07461325002E79D0002F77D0E6
:200A2000069831463A4606F07DFD054600286FD1102528461BF0E6FE044628461BF0E2FEC9
:200A400003461325002C57D0002B55D0049A002A0097019602930CD010460F300009461E09
:200A60003001110707D180B20599081801991A460DE00020064680B2059908180F210A40A8
:200A800007AD294618F04AFC28463946029A1AF0A3FB1098049000251022204629461AF042
:200AA000F0FE0A950995089507952F4638B286420FDD002D0DD13805000C0599091807ADF8
:200AC00020462A461AF088FB1BF0D8FD05467F1CECE7002D0DD107AD204602992A461AF0E0
:200AE0007BFB1BF0CBFD054603982146049A1AF01DFA009F019E029B002C04D020461C46FE
:200B00001BF088FE2346002B02D018461BF082FE002E02D030461BF07DFE002F02D038467A
:200B20001BF078FEE8B20BB0F0BD7047F8B515460E460446806AA067616818F039FE024694
:200B4000E067A16F204604F005FDA06FE26FD100091808319000001D0A18131818182746C0
:200B600060370EC7E0663B4F20463246B847616E20462A46B847A16E62682046B847304604
:200B80001BF0C1FBE16FE426884260D128461BF0BAFB0146E06F814259D1206E1AF022FCD2
:200BA000002807D0606EE16F1AF01CFC002801D0E3264CE0A36EE16E226E204608F06AFE12
:200BC000E126012843D1E16EE06F8000085800283DD1626EA36E204608F05CFEE226012853
:200BE00035D1E06EE56FA900405800282FD1A06E216EE269A36F0095174DA847206E1BF069
:200C00001BFAE06E216E226A1BF0A0FD206EA26EE16EA36FE66F0096A847E06E216E626A2C
:200C20001BF094FD616EA06EE269A36FE66F0096A847606E1BF000FA606EE16EE26F19F0BA
:200C4000B2FD002801D11A2000E01920C643F0B2F8BDC0461D5C0500558C030070B5054660
:200C6000434800781BF01DFB04462888012802D0002019F059FC002C20D02888012871D1A4
:200C80002546606E4078C0060FD53A4E1BF0AEFD8019296EC96917F0E1F8002805D01BF031
:200CA000A5FD8019296EC8612861686EC07C29347F2807D130480078207004E0002019F035
:200CC00033FC70BD2078296E2D228854286E696848600121CA030261286E42690223134341
:200CE00043616A6E5378980706D5286E02694023134303616A6E537808025B0704D52A6E95
:200D00001369034313616A6E127E9206920F03D02A6E53690B4353612A6E536904210B430C
:200D200053612A6E136903431361144A1278002A0BD06A6E5278920707D02A6E53690B4390
:200D40005361296E0A6902430A6128690C4909688860296FCA7809790902891802D0AA6BF7
:200D6000002A00D070BD074A4A431018A86370BDD87900204C1D0000DC790020A478002083
:200D800090790020409C0000F8B504463B4E0025F570B570757035703948057020461AF02F
:200DA00060F9384F386016F025FB37480068A0420ED1386833383049884209D201273770F5
:200DC00032481BF051FE32480770324807702D4F31480068A04211D130488188491C818055
:200DE000386833382449884208D20120F070284908702849087025481BF036FE2848006800
:200E0000A04211D12548C188491CC180386833381949884208D20120B0701D4908701D491C
:200E200008701A481BF020FE1E480068A04200D0F8BD1A480188491C018038680146333956
:200E40000D4A91420AD201207070114C2070114908700E481BF008FEA580386812494018ED
:200E600012498842E4D80A4801210172017007481BF0FAFDF8BDC0469D07000018790020D8
:200E800040880020F07800201C790020BC79002030780020D37900202079002074780020DF
:200EA000307900202879002067C5FFFF86130000F0B593B00446062545432F46203708210B
:200EC00011AA384619F0E6FB002600287DD111A8FF21062219F022F8002876D13C48807D3F
:200EE00080001BF08FFC00286BD004900AA8FF261C2231461AF0C5FC3548807D82000498F6
:200F000031461AF0BEFC28462330102106AA039019F0C0FB00280CD106A8FF21102218F090
:200F2000FDFF002805D111A98A790120104019F033F911A80590FF21082632461AF0A1FC99
:200F4000244B38463146059A1E4698470290284621301C2101910AAF3A460597B0473346E6
:200F60000646029806432846223001993A46984707463743102102910398059A154B984785
:200F800006463E43284624300299059A114B984707463743253504212846059A0D4EB047A8
:200FA00005463D435320800020180949897D8900049C2246B04706462E4320461BF02AFC07
:200FC00003E0042019F0B0FA0A26F0B213B0F0BD208100208DAF0500F0B58BB016460A913C
:200FE0000546D0B21BF0F2FA04461BF0FFFB0022002C7AD0002D78D06179002975D00292F5
:201000000F214901079161180391C3214900089161180591394941186868C76920684068D1
:20102000C569284609911BF075FD0A99884207D30A9838180490294616F010FF012810D1A2
:2010400005980088E1894908012588424ED9207C00284BD103980068C00F47D10A983818DD
:20106000049001200190C0070690B0B213F0C8FDFF283ED00646C0B21BF0A8FA0546206830
:201080004068C769384609991BF044FD0A99884205D30498394616F0E1FE012829D1089804
:2010A00028180088E9894908884208D9287C002805D107982818006806990842D5D00398E8
:2010C00000680699084216D105980588A07913F0F4FE281AE18949088842019D06DCA07940
:2010E000012529461BF0BAFA00E0154628460BB0F0BD029DFAE7019DF8E7C046C4090000BB
:20110000F0B585B0044607464437049124300190012500200090434E19F080FFA06B002847
:2011200050D10498002862D0E80703D0306B0290706903901AF0E6FA706A401C706219F042
:201140006DFF3878FF2801D1002038707878FF2801D1002078701AF0D5FA02A804A911F090
:201160007BFC00280AD01BF08FFC02F063F920461AF011F800250028CED03AE020461AF024
:201180000AF8002805D11BF07FFC02F053F90025C2E72068002807D119F040FFA06808F0ED
:2011A000C5FE00901AF0AEFA0499019819F0C6FA1BF06AFC02F03EF900250028ACD119F0BE
:2011C00039FFA9E7401EA0632068002802D119F0F5FEA0602069012500281CD010342046FA
:2011E00005F0AAFA002816D019F024FF13E0002511E00098002813D019F010FF0198006857
:2012000000250028294603D0206B00680A21091AA0680BF0ADFB1AF075FA284605B0F0BD0A
:201220000025FAE74C800020FEB515460F4606460092454802A932463B4616F0E1FA002841
:2012400001D0029C7EE00224781E18287AD8800001A108588746C046BD12040045130400EF
:20126000C712040045130400E512040045130400EF12040045130400F91204004513040012
:2012800003130400451304000D13040045130400171304004513040021130400451304003A
:2012A0002B13040045130400451304004513040033130400451304003D13040030462946F9
:2012C00019F0D0FB3DE01AF071FE01A90880304618F0BEF90446002834D12988304610F09F
:2012E000D5FE2FE03046294614F0B8FB29E03046294615F0BFFC24E03046294615F0EAFCEE
:201300001FE03046294616F00DFA1AE03046294616F0DCF915E03046294616F0EDF910E06C
:201320003046294615F0BEFC0BE030461AF030FB07E03046294616F0B3F902E030461AF093
:201340001FFB0446E0B2FEBD29120400F0B59DB00D460822D74306680968886914920B9201
:2013600002923C460834202840D168688268202A3BD12A7B012A07D10A68A9688968032A69
:201380000FD120290FD030E0A968896841292CD1002A08D1406814A9091D20220CF044F9C3
:2013A00007E0402921D1406814A9091D20220DF085FA2868006803281BD1159807218843F3
:2013C00015901C98274908404018401C1C90371D8C3603213846324612F08AFB224A14A9BC
:2013E0000BAB38461AF0A7FC1CE03C4620461DB0F0BD301D8C3603213246064610F080F93E
:2014000014A930460AF0C0FBE72826D0E82826D0E92807D102A8009014A90BAB30460A467D
:2014200016F0CCFD9928E1D12B681968287BAC6803290AD1012808D160680BA9091D2022B2
:201440001BF0B4F90220207005E000900BA802A922460CF057FD0024C8E73C1DC6E77C1D25
:20146000C4E7C046FFFFFF3F58000600F0B589B015460E460746487816F0C4FC002812D0B7
:201480000446029700270771307815280DD007281DD013282DD001284BD1728803A829465B
:2014A00012F068FD2DE0002743E02078022840D1728803A829461BF05EFA002821D103A85F
:2014C000028900270125002A36D0394659E0207803282ED1728803A829461BF050FA0028F9
:2014E0000FD100270125204639462A460BF035F809E0207804281CD1728803A8294619F08B
:2015000029FE0746012520461AF09AFB3378072B0AD0152B08D0207A03A9002200920191D1
:2015200002993A4612F08AF8002D02D0204615F069F9384609B0F0BD03A800883F21024681
:201540008A43402A14D103A94988172910D303AA9288172A0CD3E36803ADED881D80588003
:201560009980DA800120207000221546114608E0E1684880E08861881BF0DBF903A8028914
:20158000022120460AF0C3FABDE7F0B58FB003930292069105460420C6431AF091FD14F0AE
:2015A00077FF074600200E90002F6BD0002D0BD0681C01D1351D07E00DA9284614F012FB74
:2015C000064600285ED10D9D149800900120019004031AF09DFC2818089007940597786837
:2015E0000026214632462B4613F0C2FC002837D00CA80BA909AA0EF05DFE00281ED10CA846
:2016000000780AA916F0C2F9002801D0099C0CE00AA800880BA90F78099C049039462246BF
:20162000069B9847002830D1059F0EA8214617F06BFA7868079C214618F07AF8681E0221C7
:20164000C943884209D81AF063FC0899814207D00899081AA84201D902E028460546BEE768
:201660000D95019E0E9C19F0B3FE002C08D0224611460C390A68002AFAD1BA680A60BC60AE
:201680001AF081F830460FB0F0BD04990D950298002800D001800398002800D007700098F1
:2016A0000460059FDEE77047F8B5082832D814460D46800001A108588746C046E1160400C2
:2016C00019170400231704002D1704003F170400491704005917040077170400A3170400CE
:2016E000082D65D12079617909020818A179E27912025118090408182178627812025118D2
:20170000A278E3781B029A18120451182A4A116150612EE00220F8BD142D49D8264E263658
:201720001EE0142D44D8244E3B3619E0142D3FD8214E5036152130461AF0CEFC14E0142D70
:2017400036D81D4E65360BE0142D31D81B4E152130461AF0C1FC07E0142D29D8174E15368B
:20176000152130461AF0B8FC304621462A461BF01DF80020F8BD28461AF0DCFE002819D05A
:2017800006460D4F786839461831884201D01AF0C5FE304621462A461BF008F87E603D70AE
:2017A000E7E7072D04D10448083007222146DEE71820F8BD1320F8BD887E0020E4840020F6
:2017C000F0B587B01E4617460691054609201AF040FD04460028059601D00A2005E000200D
:2017E0001AF037FD00286CD001200490222017F011F8002865D00646039707463448308084
:20180000002D08D03120F87030460830002106221AF037F807E00C990020F8703046083018
:20182000062219F083FB049A10AD29CD0F99BA70002C01930490029109D00E9C0D99304650
:201840001530002918D0062219F070FB18E03046153000240095062521462A461AF011F815
:201860001B36304621462A46009D1AF00AF8019B01200599014013E0002106221AF001F846
:201880001B36002C05D006223046214619F04EFB04E000210622304619F0F3FF0599019BC7
:2018A000F9710698B880039ABA710298F881049838827B823D75074800783946174617F05E
:2018C00009FD0022069839461AF01FFD07B0F0BD913E0000E9790020F8B51AF087FF044661
:2018E0003D4D28680021002873D03C4E3278002A6FD07D214901009101680A7A514251411A
:20190000C90742D0317802293FD314F0D3FB1AF081FF3078401E307037E0997B012907D1D0
:201920001AF064FF00994218286801680A611FE05A6E517E002901D0002109E01AF0ACFC97
:201940000B2113F07DF800984143286803685A6E5679360417793F02BE19D278B218204ED1
:201960007243204E31401E6971188A181A611B4E3178022909D3C06800680169104616F037
:201980006DFA002801D00CF079F9286800680169204616F063FA0146286803680029BCD156
:2019A0001A7A0121002AABD0596E09780E4A11700068016ECB690269934208D0CA61C27F1C
:2019C000920604D51BF017F828680068016E406841600846F8BDC04690790020F979002008
:2019E000C4090000E0FF0000D8790020FEB50C460646056E3C4FE81900212622019119F076
:201A000040FFEC5539482F18E00707D0314630310622384619F08AFA35482F1832463546FE
:201A20004435A007029627D5288A002802D1906D002813D02F4800681646526E0C320021E3
:201A400008F038FFFF2806D02A4909681E2242438818C11D0AE0716E0C3107E0106E264E54
:201A60001146825DFD23134083553C310622384619F05CFABF1D029A200701D4384604E09D
:201A8000287838706978B81C797015462135E10601D4064614E0538D516E897D3F22332B4F
:201AA00002D37F23DB4300E0D3432F781740FA18027049012039019A4270C61C8170029ABA
:201AC000A00604D5104631461AF023FC1236600608D5287A1AF014FF307008490968097963
:201AE00008183070FEBDC046BE030000BF030000C50300009C790020B20300009479002003
:201B0000F0B585B004463F48006880473E490A68019412190A603D49096888473C4807680F
:201B2000002F6DD0019B180A190CC0B201434A424A4104920002FF2109021A468A43801801
:201B40000390D8B202900024002F59D02D480068804705460498002808D0387902998142C0
:201B600010D9786888420AD9029904E078680399884204D90399401A786080B206E0002047
:201B8000786005E00199401A3871B888002807D1F888002826D0B988002901D1002805D0D4
:201BA000B868002802D000263C4606E0002C184800D02046396801603E463F6813480168CA
:201BC00028468847002EBFD0B088002806D1F088002803D1307BB16804F0B4FA30461AF07A
:201BE00019FEB1E7396900200029D4D0B9680029D1D0387B04F0A6FA38697860000CCAE73F
:201C000005B0F0BD888A0020007900208C8A0020B4790020F0B58DB00F461021CD43046830
:201C2000A921615C00297AD026468436B369F1698B4207D20792069017F0AAFE002803D08F
:201C4000002004E06D1C6AE018F0CCFF401E19F083FB29460F35002861D004913068006854
:201C600049220021019103928154384607991AF033FA05972746203701213846029113F0F1
:201C800099FE88340894079C059809900A9005970B970C94306808A918F0F1F9002815D0BC
:201CA000074619F095FE3846083032D0B81C36D00698046825469035019E6E761AF0FAFCEC
:201CC00026626662A662E662EE6020E0601E0109059813F06FFE0025069F384629462A465A
:201CE0000AF08AFB0446306800680399029A425419F06EFE002C0FD03C682646903675760C
:201D00001AF0D8FC25626562A562E562F560049D05E00498451E02E0B069401CB061284699
:201D20000DB0F0BDF0B589B004910021002A059309D090CA1578083A6B1E9D41002C04D07A
:201D40002146204601E00D460F4601240668704270417B427B410343079465402B4304D1F5
:201D60003878102303433B7000270192002A0798039000D003950295002306933A46002E10
:201D800044D00498834241D23446B089401D8508274800688008854238D8089326460C369F
:201DA000012020720398002804D1A07BC01C17F01FFD024630462946164610F0BDFA324606
:201DC000266850425041002E079900D001460029079800D102980028089B04D110781021E1
:201DE0000143117000220598C00707D028463746164616F02FFB32463E46089B06982818CD
:201E000006905B1C002005902146B8E71046019A002A09D01160506050890699890040188C
:201E200050819089C0189081184609B0F0BDC046D011084070B586B00146414D28684830A4
:201E4000102219F073F82968C878000706D408460830483102AA02F075F932E00879012863
:201E60000CD006280AD0052819D14878052805D01C2834D01D285AD102245EE0487805289C
:201E80002BD116F017F82B6818790024012803D0062836D0052850D10EF07AF84DE04C6F13
:201EA000886F20340A4648328B687026895DCB408021194302AB009381230B40214602F00E
:201EC0009FFE2968383102A8102217F091FE012805D115F0EFFF002803D008242DE00424AB
:201EE0002BE02868C178090701D4062123E07021425C521CD3B24254142B1BD10EF048F8DE
:201F00001AE000240294596F986F20311A464832283302AE009602F0E3FE2868C088029A2B
:201F200003210FF009F828681821417005E01B20487001E0022141700024204606B070BD09
:201F4000C8890020FEB50F46002808D0002F0BD005464078297888420BD10720FEBD0020B2
:201F600018F0E2FA002F02D1002018F0DDFA1E20FEBD1C461646284639460AF017FE297828
:201F8000884263D100960194C100083100221046083081422FD02B796C792402E318AC79DD
:201FA000EE79360234192404E3189C189A5C64782402A418E2070246EAD1012121431A1806
:201FC000083A230A53701170831F0022062A17D0B95C02912C796E7936023419AE79394614
:201FE000EF793F02BE190F46360434190299E154521C5B1CEAE7002018F096FA1F20FEBD4D
:20200000009C611E8C4129796A7912025118AA79EB791B029A181204511808180838017828
:20202000427812025118022291436200891801706A78521C6A70019A002A02D0FB220A40D5
:2020400001E004220A43090A417002700020FEBDF8B5044618F0E2FF3B4EF068401CF060AE
:202060003A4A1068002809D03069002844D11068C06AE16A88423FD814603DE01460F06862
:20208000012839D10021C843314AC8290AD053181F4608375F609860DF601F610023535050
:2020A0001431F2E72B490A4608324A608860CA600A6100220A600F461C370B4614338F6121
:2020C000C8610F624F624A61234F3D466035FD6538667D66BD66BA653D4638357D63B86370
:2020E000FD633D643A633D464C35BD64F8643D657D657A647960BB607068401C70606064A3
:20210000E06AB169884200D9B06114214143104842185368251DA3609F68E7609F687D600A
:202120009D6062614258521C425019F0EBFA3069002807D005480068C06AE16A884201D2F8
:2021400018F078FFF8BDC0464C800020E48A0020486A0020E07F0020747F0020F0B585B08D
:202160001227062936D30E4604461920C001814230D81546062A2DD385422BD8B54229D343
:2021800099087C2926D80A990A2923D3814221D80491C8000393591C69434900884219D95A
:2021A00020461AF0E7F90746002813D1E0B21AF00DFA014677318A7A002A07D00A78102A23
:2021C00004D801239340254A134202D1497C012903D13A27384605B0F0BDFF2211460631E2
:2021E000411803681B88402B05D11D4B5B789B072ED41127EEE7097802915B239B00C31843
:2022000068328118019104468C3401468A311E805D80039A9A80049EDE80022626700027D6
:202220006780868EF61D0E80A580E280049921810121019A117078215A5C102414435C5474
:2022400002998907CA170F2111400CF0F9FCC1E7097802918B07D0D41A27BBE701800100A9
:2022600026770020F0B585B003910446817B4A1CD2B28318DD7B3A4806462036002704962B
:2022800077752027C5551D7CAD0667D05B7CDD0664D5002B62D001201D46029005406F4212
:2022A00006253D409F0700D5AD1D5F07FF0FED191B0700D5AD1C4819C11C01910398101864
:2022C00049B203914518274F2846B847244E3063681CB847B062A81CB847F062049801994A
:2022E000017103982218137C2121745C3046213045782D022C1985782D0464193F252B4084
:20230000AC43E3187354147C40252C40AB431B1973541C0A4470157C80273D40BB435B19C1
:2023200073544470947CE406E40C557C641924020D4D1D4064197354250A4570270C8770BB
:20234000927C520952051F273F042740BA1873544570110C817002980499487505B0F0BD1B
:20236000346F0020F1970500FF00E0FFFEB515460E46044614F07AFA0028029608D02E46FF
:202380000024254627460298046035603846FEBD10201AF037FA002813D0074604603148D5
:2023A0000068314C21780028019715D1002913D12E462C480760FF601AF018FA2B49451851
:2023C00041E02B48C26B07272E46002A46D00E2000242146904742E0002811D001290FD195
:2023E0002E4600682546046919F056FF19F007FD2C4680010D181B480068F860C76022E05A
:202400002E4600240028BCD0022925462746BAD30068046919F040FF19F0F1FC80010D1827
:20242000104F39680C46C86800680069294615F015FDE168002802D138688142F2D10198C0
:20244000C160E060084C0027002D04D02078401C2070019C97E73C463D4694E700242546F1
:2024600091E7C04690790020F9790020E02E0000E4710020F0B58BB00227002876D00C46D7
:20248000002973D01646002A70D0002B6ED00546109800286AD0119A002A67D0129900296C
:2024A00064D00A901398002860D0059206930791089041201AF0A6F90990002849D01020D7
:2024C0001AF0A0F9002846D00490102738461AF099F9002842D03A46099F0390384621465C
:2024E00014460292234B98473846103031462246204EB0473846203006992246B047384655
:20250000303003220A99B04738463330072405992246B04738463A3007992246B047039C0D
:2025200020462946029D2A46B04700954122204626463946049C2346FEF75EFA089821461A
:202540002A460C4B984738461AF064F90027204607E013270AE01327099E04E013270998B8
:20256000049E1AF057F930461AF054F938460BB0F0BDC0465DAF0500F0B593B017460691B9
:202580001021CC430168A9228A5C002A71D01E460D4684356A699A4201D2103469E0059062
:2025A000039117F0F5F9002801D0002002E018F019FB401E18F0D0FE002832D004942868F5
:2025C0000068492100240191445402956D69A91B00D2214607A80090801919F07DFD00987E
:2025E000394632461AF0E2F80095A80800281AD006990A5907AB19191E5D4D782D02AD198E
:202600008E78CF783F02BE193604751955401D552A0C8A702A0ECA702A0A4A70401E241D57
:20262000E4E70F3425E007A9059D2846009A09F0E3FE064602980068006801240199445446
:2026400019F0C6F9002E0ED02D68284690300024447690202958284619F03EFD2C626C62C6
:20266000AC62EC6202E000200490039D9C202C50049C204613B0F0BDFEB5089D022D01D9B9
:202680001220FEBD1E460F460446029219F072FF002800D0FEBDE0B219F098FF01906F2235
:2026A0003448837804210024180701D5E04300E0C84300949200DB0701D0072400E005244A
:2026C000019B9B5CDB060CD40440022F0BD0012F10D0002F234613D1029BB3422BD12340D9
:2026E0000EE01A20FEBD1120029B9C42D2D3234006D1CFE71120B442CCD326403346C9D078
:202700006720860001988718861923407B70BD705A1E1A420CD0042B009C01D3002D0DD100
:2027200002210A0609D0194208D1C9B24908F8E71946009C02E01120FEBD1946F1770268B4
:202740001288402A10D1C8B217F0D9FB3076348819F0E4FF844201D2308802E0307E19F007
:20276000DDFFF0820198009C16210CF069FA2046FEBDC04626770020FEB5029201230A46A1
:2027800001931A408B07DB0F9A184907C90F561880081D301E27394612F052F90246344CD9
:2027A0002120205C214621314B781B0218188978090445182F482840802808D1002E1CD0AE
:2027C0001E235343A521490059184E431AE0A520410080232B40E802C40C002B384601D0CF
:2027E0004B208000604357437A18002E16D034465443844217D900271CE01E205043A5218A
:20280000490046180299002900D0783601271E21304612F015F97F210D401AE08242029A9B
:202820000AD9002709E03424114F3C5D341B62431018019F029A00E0019F002A00D07830DA
:202840000B4C002B01D01E3900E01E2112F0F8F8EDB2C104C90E226B1570A26A10702320A1
:20286000205CE02202408818E16A08703846FEBD346F002080FF1F00F0B589B00A88059195
:20288000498801248A4271D8002A6FD0029007A900270F8008973E4604970397059841880E
:2028A000039B009390B21A460AF0F0F9002845D00446300402D007A885781CE0052106AB56
:2028C00002982C4A04F0D6FB00284ED0074608902078022806D107A80125857006A800885F
:2028E000800807E007A80225857006A80088122112F0A6F804902078012D04D102281DD14E
:202900000425022203E0102818D112251022A07A3870E17AB81C7970616818F007FB0798B1
:20292000461CB0B207A90E80049989B2884205D27F1961894A1C0F488142AFD1300412D084
:2029400007A9029D284613F089F8002400280DD0052107AA284606F0CDFC002806D008986B
:2029600009F058FF02E00A2400E01124204609B0F0BDC046FFFF0000F0B591B016460C467E
:20298000054600270F970E9708A8182119F0A4FB002D62D0022E61D132480668324A08328A
:2029A0003248082118F006F90590002856D031882F48814252D0B07801284FD12D4808AADD
:2029C00018F060FA074600200794009581B20190201A049080B20390069168180290F8B24E
:2029E00014283BD0172839D007980699814235D208A8408A401C03998842049C02D208A8E0
:202A0000408A441C0EA844803088A2B21B21002304F030FB0F9015270028E0D00EAF7A8816
:202A2000029919F0C3FE059840893880354630880026394632460AF02DFE002806D0074653
:202A40000EA81B2118F0E4FF2E46C8E7019820183746079C2E46009DB8E70227F8B211B041
:202A6000F0BDC04610790020888400208C7D0020FFFF0000852B0500B0B592B00446806819
:202A80000578691E0D2927D8890001A251588F46C92A0400C92A0400E12A0400E92A04003F
:202AA000F12A0400F92A0400012B0400092B0400112B0400192B0400212B0400292B040038
:202AC000312B0400392B040002A907F02BFE122835D101A8062101E001A80721017043E00D
:202AE00002A917F057FA2AE002A917F071FA26E002A917F03DF922E002A917F02DFA1EE0E5
:202B000002A915F077FF1AE002A917F034FA16E002A916F03BFD12E002A917F068FA0EE0E2
:202B200002A917F0E1FD0AE002A914F007FD06E002A917F03EFA02E002A918F0D9FD002805
:202B400009D00B2D14D00B480068002810D0A08815F03CFF0CE0A08802AA294612F0F0F83C
:202B600001A908700028ECD0A08801A917F070F812B0B0BDC8890020F0B589B00025002942
:202B800011D00E46044607684068049016F0F6F837490978012904D13A46A832117800290B
:202BA00004D017F04DFB284609B0F0BD012102920191117017F044FB3069317810318842C2
:202BC000F1D838468030039005AD0095284618F09FFE307D28703D4630354C21284619F000
:202BE0007BFA38467C30FD670499039D2960009914F010F86860002833D038468830327894
:202C0000394619F091F900253D627D62BD62FD623178384619F060FA30781030039988618A
:202C200070680862029F01987870334608330ECB2046FFF7A1FC002817D00398406819F04F
:202C4000EAFA246826469036757690202158204619F042FA25626562A562E562F5603D7075
:202C6000A1E70025029805709DE725469BE7C046168B0020FEB5122601286AD8002968D0A9
:202C80000291354909780127344EFDB2CAB2954216D833681E2465435A5D82420ED1019494
:202CA00006465819401C062202990C4616F0A0FF002807D1284801783046284E7F1CE4E706
:202CC000022646E025480068FF21415512F040FA012821463446019E3AD121483C22805C88
:202CE00001280FD11D480068441919F033FC054619F034FC02462046294610F02AFE002878
:202D000027D125E017480068807C012802D01748066802E014480668083E304622460D4608
:202D200009F044FF317888420CD130462946224607F07EFD00280BD017F0CCFF081816F04D
:202D400067FC05E017F0C6FF0A5CF72313400B5400263046FEBDC046047A00209C790020FD
:202D6000D483002090880020E872002038790020FEB53B4F3F68002F70D03E464236386E64
:202D80000290786E407840073ED53078FE2202407178022A02D0012936D101213148006884
:202DA0003D463C352A4607F085FDFF282CD02D4909681E24444308190D3018F09FF900283D
:202DC00022D1284800680019C11D0D300DF0E2FF24480068001919F081FC0298002813D0FE
:202DE000029C20465A300622019229461E4B984720468E302946019A1B4B98471A4BCA34FD
:202E000020462946019A98473078FE2101400229B0D1144800680D3018F070F90028A9D19B
:202E20003D4630350F48006819F058FC02980028A0D0029C204654300626294632460A4B6C
:202E400098472046883029463246074B9847064BC43420462946324698478BE7FEBDC046B5
:202E60008C8800209C7900202DAF0500FEB53A4C606A002804D0E06A401CE0620020FEBD46
:202E80006069451C656109D334484168826842608160206B401C206316F052FA206A8542C7
:202EA00001D2002052E000202C4A0090019002952B4B51680968002944D05168C968CF68A1
:202EC00079688D4240D3391D7E69B868FA688260FA6850607068884200D172603068401E41
:202EE0003060BE6A002E0FD038461830FD693A6AAA603A6A55607568854200D17260002073
:202F0000B8623068401E3060FE6AA069864200D9A661142070431A185568BD60AC68FC6095
:202F2000AC686160A9607A611958491C19500D480068C06A864201D901200190029D074A6E
:202F4000054CB6E70098C14321620198A16A002995D00120FEBDC0464C800020747F002051
:202F6000486A0020E48A0020F0B585B0049307460D9E0C9803900B9C0A9D0292104611F018
:202F80001BF80197002F27463446049B1DD100281BD00179DB220A40990020230B40D118FF
:202FA0002A463A43039B1A432243531E9A41920089180171002C08D02269014618318262D0
:202FC00010220846214617F0B1FF24484068002841D0002D0FD0A4268059002807D11C201B
:202FE00019F010FC1D4949688851002803D01C22294617F09BFF0398002811D017484068D8
:20300000A8254059002807D1172019F0FBFB134949684851002803D01722039917F086FF12
:20302000002C049E11D00D484068AC254059002807D1142019F0E6FB084949684851002899
:2030400003D01422214617F071FF0198029932463B4601F0D5F905B0F0BDC0462C8A00205F
:20306000F0B589B016460D46044605A80021102218F007FC374F3A68002A05D0D088A0420D
:2030800002D11078002819D0204610F095FF00280ED00746C16A00290AD0088AB04207D1ED
:2030A00019F0F8FA012803D1F96A8A7E05A846E0204615F02DFE012009B0F0BD50780628C7
:2030C00028D1D078000734D41046083011462831483201AB0EF00CFE0028D5D1204610F000
:2030E0006BFF0028D0D00746C06A002805D11C2019F088FBF8620028C6D015F003FC0246FD
:20310000F86A827605AD01A9284617F00FFFF86A102213E0916D0029B6D01128B4D1088AF2
:20312000B04213D119F0B6FA01280FD13868856D00E0956D15F0E6FB024605A8294617F032
:20314000F5FE05A9204615F0F5FDB4E7322012F00BFB99E7C8890020FEB506463A48007892
:20316000012818D11C4615460291304619F099F8002812D0074601961826029A012A0ED00C
:20318000002A3FD1786E407812210140022938D03846683009E0122634E0342632E0786E13
:2031A000407880072DD538466C30006803214170290A0171C570210E0172210CC171210A71
:2031C00081714471002A02D019F0C0F901E019F0B5F9002806D0072814D0122811D10CF0C9
:2031E000F7FB0FE0184C6068019DE900411809794A0710D5386F0121017019F0A3F9002823
:2032000002D01E263046FEBD6068E90042181379FB2119401171029B002B04D101220A40CF
:2032200001D0FE2205E0012B08D102220A4005D0FD22EB00C018001D1140017060780026B1
:203240000028DFD06670DDE7248A0020FEB51227002802D00E46012901D93846FEBD04466E
:20326000007819F01EF805464220002D62D06A6E002A5FD06078FF2810D0E11C042814D08E
:203280000328384656D152780878497809020818D10630D42849098888422ED8287A0128B0
:2032A00025D1002E44D02C6543E0287A0028D4D00091601D0378019343781B0201995B18B2
:2032C00001938378C0780002C0180004019BC01802D1A86E0028C0D05278D006BDD400996A
:2032E00008784B781B021818384623D1CCE7002E05D06C2004E01F28D0D90720FEBD68204C
:203300000E4F2C50443502AE0221304615F0B4FD308829880A4642403A42F4D00F2212039B
:203320001140384008182880204607F0CBFB00E0EC640020FEBDC046FC8A0020FF0F000014
:20334000F0B585B015463A4A1268002A2CD0D388408883423DD110780724012864D0481EA8
:203360000C2861D8800001A108588746A133040029340400D7330400DF330400E733040016
:20338000F1330400F933040001340400093404001134040029340400193404002134040007
:2033A000284610F05DFF3EE001291FD146882F7868780490281D19F0B3FB297AEA6800AB86
:2033C00007C30024204631463A46049B0BF00AF82AE0082428E0284607F054F823E02846A6
:2033E000FEF728FD1FE0287812F0BEF900241BE0284610F013FF16E028460BF02BF912E047
:20340000284612F0CFF90EE028460DF0B7FF0AE0284610F033FA06E028460CF063F902E052
:2034200028460BF04BF90446204605B0F0BDC046C8890020F8B517F0F1FD374D686A401E00
:203440006862686A0024002803D018F05BF92046F8BDE8680028F8D00021304A946D002C32
:2034600040D0516EC9680F4618378C6ACB690E6A9E600E6A73606368BB4200D1666000233B
:203480008B6223685B1E23600C1D4E698B68CF689F60CF687B607368A34200D1776033689A
:2034A0005B1E3360CE6AAB699E4200D9AE61142373431B48C718786888602A468568CD606B
:2034C00085686C60154684604F61154AD058401CD05014480068C06A8642104ABED301207F
:2034E000A862BBE7002901D015F02AFFEC6A002C09D0FFF7BBFC002801D00120A862641E4A
:20350000F7D10020E862A86A002803D017F092FD01249AE7002498E74C800020747F00208E
:20352000486A0020E48A0020F0B587B00446806AA067616816F03CF9E067002804D0024685
:20354000FF2803D9D22066E0082064E0A16F087AC00701D1DC205EE090000B185B68002BBE
:2035600058D0D3005B18083304931D180835561CB0002B1803931B180693069B1B18029369
:203580001F1805972778BF1EBE40B600059B9F19BB190193049B23646564039BA364069B33
:2035A000E364029B2365059B6365A765019BE3659B1906931D182E1837183B181818059018
:2035C000069820666566A666E766236705986067204601F0BFFFE16C204602F0C7FB206EAB
:2035E000E16CA36FE26F00920A46F5F705FCE06F400180216050226E656EA16E20462B4622
:2036000005F074FC0146E06F421C284618F08CFB992000E0302007B0F0BD7047F0B585B076
:20362000374D2C7B012103AA204618F041FA022102AF20463A4618F03BFA687B0090AE7B54
:20364000701C30490D78294611F0FAF9B87801903C888FB20099C8B287420ED00199884299
:20366000214600D010210C224243254B9A189183401C294611F0E4F9EDE700200190204F5C
:20368000009CF0B2401CE9B211F0DAF9E4B2A14232D00C2060433A18908B102808D10198C0
:2036A000401C0190204603F027FB1749087019E01C32042502232046294612F0ABFB12495D
:2036C0000870002104AE204632462B4617F0DEFA30787C2802D0FE2804D10CE0782120466D
:2036E00012F08CFF07480578601C294611F0A8F90C46BE7BC5E7FEE70198C0B205B0F0BD5B
:20370000F86F0020D4790020F0820020F0B585B00446016C0B1D08460491E16F4A1C910040
:203720005F180397D1005918029180256251616D304EB047A16D62593846B047E16D6259C1
:20374000029F3846B0472078801E03218140C81D6051204639463E46F9F730F8606EA36F41
:20376000E16F0091244F31463246B847206E626E18F02BFE226EA36FE06F00903046039DE1
:203780002946B847626EA36FE06F009028460499B847A06F616816F00BF8A16FE26F204648
:2037A00001F0D8FE216F0122204617F0C8FCA06E226FA36FE16F00912946B847A16EA26F3E
:2037C000E36F2846F5F7A0FBA16B20462A4617F004F8E06E226F18F0F8FDE16EA26FE36F2F
:2037E0003046F5F791FBE16B2046324616F0F5FF05B0F0BD29BD0500558C0300F0B591B0A0
:203800000226002A6CD0169D002D69D017460C460893079010F0D0FB002815D0E9780A06D7
:20382000A97809048A1869780902521829785118826A914201D8521C52D1002C06D00279B2
:20384000920703D401264BE0142649E0044603910FA8002108220291069218F012F8089E80
:20386000301D80B2059018F0CDFF002832D018340490001D1C4B394632461F469847042271
:20388000049E30462946B8473B4609AF1022384621469847069800900FAB38463746314619
:2038A000059AFDF7A9F80646002816D10DAC0FA908262046324617F051FB291D2046324685
:2038C00016F096F9012807D10798039915F018FC029E02E0132603E00126384618F09AFF1A
:2038E000304611B0F0BDC0465DAF0500F0B585B015460F460446062060432030082103AA0A
:2039000016F0C8FE0026002824D103A8FF21062216F004FB00281DD102952F48807D8000FF
:2039200018F070FF002812D005465320800020182949897D890001902A4616F0ABFE0028B7
:203940002C460AD0204618F065FF012602E0042016F0EAFD304605B0F0BD204616F098F85B
:20396000002F1AD03846214615F0B8FB0028029D08D1002D2CD00020214615F0AFFB00286A
:2039800026D007808178A942DCD0029981700029114D13D10021018010E00F48807D8006B7
:2039A000020E0021204616F0B9FA0028CAD10A4DA87D82000021204617F063FF204616F09A
:2039C00067F8A87D81000198224617F0DFFAB9E7204618F01FFFBDE72081002010B5032286
:2039E0000A7000281AD00278531E132B23D91346703B122B4FD91346303B052B48D3134645
:203A0000503B032B44D3FC2A4AD0002008702C484068C1682B488847042444E00020087093
:203A200027484068022400283DD0C16800293AD02548884737E09A0001A39A589746C04652
:203A4000AF3A0400B33A0400AB3A0400AB3A0400AB3A04000B3A04000B3A04000B3A0400F2
:203A60000B3A04000B3A04000B3A04000B3A04000B3A04000B3A04000B3A0400913A040078
:203A8000913A0400913A0400913A0400913A040018F052FB06E001249C40084B1C42AAD083
:203AA0000BF000FD0446204610BD132002E0042000E00A2008700024F5E7C0460F000700BA
:203AC0001886002058050600F3030600F0B59FB005930392089101902898099027980790CF
:203AE0002598069024980490269F324B0BAD0026302228460A953146009698472E4B10220D
:203B0000284601991546029298471BAC204631462A46284B98470725204603992A46264E57
:203B2000B047E01D05992A46B047781E8741A7730499481E8141E17317AD28460099029F8F
:203B40003A461C4B9847281D0595062606993246194B98470A35284607993246164B984735
:203B60000A9E35461035284608993A46124B98472846214616F0EFFE304618F099F80890A3
:203B800034462034284621463A4617F0CFF92846059916F0E0FE0A9818F08AF8054608982C
:203BA0000543099821463A46034B984728461FB0F0BDC04683B805005DAF0500F0B587B0EB
:203BC0000192029105460346203334493448486102200860296920202A5CAF69E8695B7818
:203BE0000E26B61A9B00083B0424A3433343002F01D040242343039300BA069000200490FB
:203C0000059003A8401C18F0D1FD0398234988670498C86705982349086006984860002F8B
:203C20001BD0686839463A460DF0CAFC3C1A14D00F272146B94308D06868AA69121B8018B4
:203C40000FF0F0FE274001D107E027466868A969C91B4018394614F045FAEF69002F17D09C
:203C60000198012801D00C2000E008202E580F243946A14306D030460FF0D4FE274007D006
:203C8000E86900E03846C01B3018394614F02AFA029817F0B7FA07B0F0BDC04618000C408B
:203CA0003400000198000C40F8B52B48017800294FD10126067029494A68531E14469C41A0
:203CC000447089684260816025482030254A132500242946234607F093FF234803210160E3
:203CE000F70338460A3021490860284618F00EFC1F48204A2021234607F082FF1E48066001
:203D000086601E4806601E48C1681E4A0A40C26001680F2212039143C919016018F003FEBF
:203D200001467D20800010F08BFE0246164D1749284623460FF06EF809F0F8F828460AF0FE
:203D40008BFD0A4AD06CF1070143D1641048102101600020F8BDC046B8840020AC0C0600FB
:203D6000E4810020A15C04001054024058100040C075002061C0050058200040602002407A
:203D80001C11004000F0FFFFA07100202533050000580040B0B5002918D00B785C1E132CF0
:203DA00016D91C46703C122C41D91C46303C052C3AD31C46503C032C36D3FC2B3CD02E48D3
:203DC0004068C1682D488847042138E0022136E0A30001A4E3589F464D3E0400573E0400C8
:203DE000433E0400433E0400433E0400BF3D0400BF3D0400BF3D0400BF3D0400BF3D040034
:203E0000BF3D0400BF3D0400BF3D0400BF3D0400BF3D0400293E0400293E0400293E040061
:203E2000293E0400293E040018F06CFE06E00125A540104C2542B8D009F0DCFD0146084697
:203E4000B0BD4968102218F0B1FC02E04968097801700021F3E74A680021017001234370C2
:203E60008370C170137903715379437192798271E5E7C0460700070018860020D105060026
:203E8000FEB504463648407800280ED002910846214617F028F90028019408D03148016802
:203EA000204611F073F9074602E00020FEBDFF2700242D4E00943178E0B288424CD218F0A1
:203EC00085FB4179002945D05321890040188179FF2F1FD1029A91423CD10178019A1278E3
:203EE000914237D14178019A5278914232D18178019A927891422DD1C178019AD278914293
:203F000028D10179019A1279914223D14079019949791DE0134A12681E237B43D55CA9423D
:203F200018D10578D1184A78954213D142788B789A420FD18278CB789A420BD1C2780B7989
:203F40009A4207D102794B799A4203D140798979884203D0641CAEE70098FEBD0120FEBD22
:203F60009C7800209C790020F679002080B52C480068002801D018F04DFC2A4800680028EC
:203F800001D018F047FC28480068002801D018F041FC2648C068002801D018F03BFC2448B5
:203FA0000068002801D018F035FC22484068002801D018F02FFC20480068002801D018F058
:203FC00029FC1E480068002801D018F023FC1C480068002801D018F01DFC1A4800680028F6
:203FE00001D018F017FC18480068002801D018F011FC16480068002801D018F00BFC1448D5
:204000000068002801D018F005FC12480068002801D018F0FFFB0FF0E2FC11F0AEFC80BDB4
:2040200090880020948800204479002078770020C88A00209C78002034790020B88A00204B
:2040400010850020F48A0020387900203C7900209C79002094790020F8B5354EB568002D8B
:2040600009D0287900280AD018F06CF8E96916F061FE074604E0042000BF00BFF8BDC8272A
:20408000E879002808D1C72F06DC281D01784322520289180180F8BDE968264C20462A46FF
:2040A00009F0E4F9206800280AD080880004000F3DD021482149FB22520000BF00BFF8BD03
:2040C0000020B060201D282118F006F82560286917F0AEFDE9682268304618F02BFD18487B
:2040E000874205DC2068012189030FF0FFFEF8BDD720C700B078022806D2FD21CE00002833
:204100000ED0E868806D07E0E868806D716888423E4601D0FD21CE0011F00CFE002801D078
:20412000BE1978362068C069801B13F0EBF8F8BDD87700205074002024FA050035F405006F
:20414000204E0000F0B595B00E46384C216800292FD015460C90C8880FF02EFF00282AD0E9
:2041600007460A950DA810F0CBFD20680578C06E099014F05FFA0446401E8441002008F028
:204180004DFD7A7902211140002D0B9615D0002906D017F0F3FD0DAE00283BD07A79059847
:2041A00001251540B91D06910DAE08940790099816E012202CE014202AE0002906D017F010
:2041C000DDFD0DA900282AD07A790598012111400891B91D07910DA925460690099E084677
:2041E00013AC214617F066FE11AF3046394617F05AFE0898009007980190029506980390F2
:204200000A9804900C980B9922463B46FFF75EFC15B0F0BD0695012508940598C6E70120AD
:204220000890079525460598D7E7C046C8890020F8B580780024262866D80D46800001A143
:2042400009588F460D43040009430400094304000943040009430400E1420400E142040046
:20426000E142040009430400E1420400E1420400E1420400E142040009430400E1420400B4
:20428000E1420400E1420400E1420400094304000943040009430400E14204000943040042
:2042A000E1420400E1420400ED420400ED420400ED420400ED420400ED420400ED4204007E
:2042C000ED420400ED420400ED420400ED420400ED420400ED420400ED420400ED42040046
:2042E0000C49401814380668002704E0084940186438066804273846314613F0DAF800287C
:2043000002D02E602F7104462046F8BD0124FBE780FC0500D4F70500F0B585B0334D2C68F2
:20432000002C60D0E768002F05D1314831499922520000BF00BF17F00BFF0490A08800047E
:20434000000F0DD02A6800212960D0680368934202D102C014F068FE18F082F817F040FCF9
:2043600014F00CFD7E6D61690391A169029100257D6515F065FF3005800F25D01E488768CC
:20438000002F21D0F97900291ED1184909790196CA07019E18D08560FE2001401348017190
:2043A00018F05EF8019E38790B2149024018B880BB69002B08D0B88A1049084204D0002147
:2043C0000E4A38469847019E0398304002460499002901D0029B02E0002A029B03D0002B5B
:2043E00001D02046984705B0F0BDC04650740020E406060035F40500D877002002200000AC
:20440000F8B51C4600920F46064608460FF0D4FD002863D03248406800285FD0A43001682B
:20442000002901D0342100E018218268002A00D01431002C00D01C314068002800D01731BA
:2044400088B214F0E7F9002848D005460021182217F017FAD02028706E700A20A870AF8069
:204460000098A871284618301D4F7A68A4215158002907D0A8602E4634361C2216F056FD9C
:204480007A6800E00646AC201158002907D0EE60374614371422304616F048FD00E037466F
:2044A000002C08D02F613E461C361C223846214616F03CFD00E03E4609484068A821415871
:2044C000002904D06E611722304616F02FFD05480078294614F0FEFE0FF044F8F8BDC04605
:2044E0002C8A00200E850020F0B587B003930191044606464436069210300290012516F089
:204500008DFDA06BE16B884242D3039802283FD00698002850D0E80704D02C49086B0490E2
:204520004869059017F0EEF82849486A401C486216F074FD3078FF2801D10020307070785F
:20454000FF2801D10020707017F0DCF804A806A90EF082FA002832D116F060FDA56BE76BC2
:2045600017F0D0F8BD420DD10699029816F0E6F818F08AFAFEF75EFF00250028BFD116F0B1
:2045800059FDBCE718F080FAFEF754FF0025B6E720460199039A07F0A5FF616A002903D097
:2045A0002434204602F0C8F8002801D016F042FD17F0A8F8012007E017F0A4F803E018F010
:2045C00063FAFEF737FF002007B0F0BD4C800020FEB50346364802681220002A67D01479DF
:2045E000062C64D801263746A7405C252F425ED0D08888420BD1062C0BD1186800283CD0E2
:204600001078002849D02A488068C06848E00220FEBD0832102410461946224616F086FC37
:20462000234D28682830214617F04AFB2C68E078000708D42046083022461832283421468D
:20464000FFF780FD0FE0702000212154606FA16F203022461832237A283433408033009240
:20466000224600F0CDFA1248016808784A7800280BD0032A15D1022016E002AA0C20107090
:204680000846114615F0E4FA0BE0032A0BD00020042A0CD102224A70FEBD0548406840693D
:2046A00080470020FEBD0520487013F0EDFBFEBDC8890020F0B587B00293174603910446B8
:2046C00001261546354003D11D2F01D01B2F07D104A9204613F0B1FC172807D01E2F09D1D0
:2046E00004A9204613F094FC172803D11726304607B0F0BD019627480078012808D116262E
:204700001A2F01D8002DF2D01B2F01D31E2FEED10C9E002E334605D1172013F023FE034693
:20472000002820D01F70039A002A019D009304D0581C02999047009B451C78B23746002855
:2047400009D404A80480042141800593058104F0F9FC064612E01021204614F02BFD002836
:2047600003D019260AE01326C1E7A9B200984218234602F027FC0646002807D0002FB6D190
:20478000002EB4D0009808F045F8B0E70C35009BD7E7C046018B0020F8B51D4608780228FD
:2047A00035D114460E46069F48680178407800024018002F05D015214902884201D00B201A
:2047C000F8BD2A49884226D02949884229D0294988422ED0284988421DD01521490288420F
:2047E00015D107980090F06817F04FFB009980B2C01B884200DB084682B2D1191F292FD8F5
:204800002880F068C119204616F090FB26E0002028800120F8BD01202880F06800782070FA
:204820001CE0F0680088022129802070000A607014E0F068002815D0082129800178217031
:20484000417861708178A170C178E17001792171417961718179A171C079E0710020F8BD37
:204860000D20F8BD00202880F8BDC046C92A0000012A0000042A0000A62A0000F0B585B0DD
:204880000091044605464435049224300190012716F0C4FBA66B002E47D10498002857D0CF
:2048A000F80704D02D49086B02904869039016F029FF2A49486A401C486216F0AFFB2878BD
:2048C000FF2801D1002028706878FF2801D10020687016F017FF02A804A90EF0BDF8002808
:2048E0000AD018F0D1F8FEF7A5FD204616F053FC00270028CCD02EE0204616F04CFC0028E6
:204900000DD00499019815F019FF18F0BDF8FEF791FD00270028BBD116F08CFBB8E718F018
:20492000B3F8FEF787FD0027B2E72046009914F00BFE701EA06320690127002809D0103400
:20494000204601F0F9FE002803D016F073FB00E0002716F0D7FE384605B0F0BD4C800020EC
:20496000F0B58BB006462B4800780024B0424ED90D46002901D0286806E0274906AD1422C7
:20498000284617F013FF0520F100244A53185758029359680191224EB047B8616868B047C3
:2049A000F861A868B047386228697861287B3874386800282BD103AD284617F03BFC002400
:2049C00004942C7002980590164821462A4615F0F7FE386000281AD0029D019E717800294B
:2049E00001D0124800E010487268002901D0114900E00F49002A00D10F490C1830780F4977
:204A000015F076FB3078214617F01EFC2C4620460BB0F0BDFF0606001C09060098040600D8
:204A2000A18B050079E103000400020004000100022004600240046002000460050205003F
:204A4000F8B50446314A1078314D2978491D814203D8002015F068FD2C4A102C18D80120EC
:204A6000A0402C49084213D02878401DD1680022D5B2A8420AD91C236B43CD18AE78012EE1
:204A800002D1CB5AA3421DD0521CF1E71F4A02E02878D168401D92680023DDB2A8420DD909
:204AA0001C266E438D19AF78002F05D18E5B1A4FBE4209D0954207D15B1CEEE70025284678
:204AC00015F032FD2846F8BDA81C2C80002169606961012101700D4B5988214359801878C2
:204AE000421C1A701A46002803D0802C01D0402C00D19560D0888142E4D0D1800748C2682B
:204B0000002ADFD000699047DCE7C04678770020F679002002010100FFFF0000D48300209C
:204B2000F8B5334D696A491C6962E96B00291ED1304B07211F460F40DE1DCA431640002FF5
:204B4000314600D119462C4B002412C32B4B002F02D0284FBE1BF318CB18083B1340EB63A5
:204B60001C605C605A1A0B604A606A642A640027002839D0072101400A46113A824233D3F2
:204B8000411A103101292FDB2A6C91422CD80097194F3E6834463B467068884203D2266833
:204BA000002E2746F6D1EE6BB442009F1CD01F6826681E60431A112B06D3601843606160D8
:204BC0000FF0A4FA60682A6C111A29646A6C914200D2696408370121C907084300212160BC
:204BE0006060A86C401CA864FEF724FC3846F8BD4C8000206004002064780020085200006B
:204C0000F0B589B0064608A803700224002E60D00F4600295DD01546002A5AD00E9800289B
:204C200057D00690412017F0EDFD1324002850D00790102017F0E6FD002842D00590102036
:204C4000049017F0DFFD00283DD000244122029203900798214616F014FE05982146049A3A
:204C600016F00FFE20220192079831461A4B9847079E304620303946019A174FB847304692
:204C8000403008A90122B847039E30462946049D2A46B84700952F463046079E3146029A03
:204CA000059D2B46FBF7A8FE069829463A460A4B98470A4F3046B8472846B8470398B847B3
:204CC00007E0079803E0079817F0A4FD059817F0A1FD204609B0F0BD5DAF050015C8050023
:204CE000F0B587B00224002863D00D46002960D01746002A5DD0002B5BD006460C98002889
:204D000057D004930590502017F07CFD0690002842D0102017F076FD00283FD003901024D8
:204D2000204617F06FFD00283BD020220194069C02902046314616461F4B98472046203024
:204D4000294632461C4EB047204640300499019D2A46B0473346029E304639462A46984736
:204D600000955022304621462746039D2B46FBF743FE29460C310422059C20460E4B98478D
:204D800020680E490FF05CFE2160384617F042FD00242846354607E013240AE01324069DA7
:204DA00004E013240698039D17F034FD284617F031FD204607B0F0BD5DAF050040420F0053
:204DC000B0B588B0401E07285AD80C46800001A108588746F54D0400FF4D0400814E04006D
:204DE0005B4E0400814E0400814E0400814E04006F4E04002388207A0090274A3EE02388BD
:204E0000207A0090224A17F028FD17F067FB05462188204802AA16F035F8002830D102A859
:204E20004078FE21014002292AD102A808300021062215F073F8002822D1208816F078FA5E
:204E4000C0B2FF281CD00C2141436818801C02A9891C062217F0AAFC12E02388207A009014
:204E60000A4A17F0FAFC07480121017008E00548012101702388207A0090034A17F0EDFC25
:204E800008B0B0BD15860020DDF6050081F7050024F80500852B050074F80500FEB5144689
:204EA0000290DD2040001518314A1068002859D09088A379984202D02E4B984252D1207CC0
:204EC000002802D09079C0070DD16B799079012B04D1800746D50E46022006E0FF2841D105
:204EE0000E46FF2001E00E4601200190202017F08DFC002836D00746492080002018214685
:204F0000743122463A32029B3B70A3797B8012783A712A787A710978B9713E81008878810C
:204F20002089B8822068C0688008B8610198387716F096FE00280AD00188B981846817F0A3
:204F400055FC0146204617F0E5FD800805E00220C043801CB8810020C04338610448016892
:204F6000384688476879012801D100206871FEBD94780020FDFF000082B016F0C5F90AF03C
:204F8000B1F8324E70686946082200230EF0E6FB0128F7DB019C6846007808284FD88000A0
:204FA00001A108588746C046CD4F0400EF4F0400F74F0400FF4F0400075004000F50040060
:204FC00021500400255004002F500400002CD9D025686168A26828460DF0D4FE204617F081
:204FE0009DFA002DCED0284617F047F9CAE7204613F046FE23E0204610F04CFD1FE0204625
:2050000016F084FE1BE0204616F087FE17E06568204616F0C5FC204617F080FA2C460EE0E4
:20502000012000E00220214617F0FFF807E02168606888476068002801D017F06FFA002C84
:20504000A0D0204617F06AFA9CE7C0466C7800207CB50446012908D0022905D1012120467C
:2050600014F0A8F8002800D07CBD204613F046FB002801D00DF0DCFA274D01A80090274AC7
:2050800001200223294607F001FE064600280CD0F0680168204610F051FD01A8028800234A
:2050A0003046294604F058FDEFE71D4800781D4D002815D0E88DA04212D12C462C342079F3
:2050C000411C28461430C9B216F0A2FC21792846343016F09DFC00212022204616F0D1FBFC
:2050E0000C35284617F018FD0646002EBCD03446304617F013FD064620890028F5D0284688
:20510000214615F001FC20460C30A17A16F080FC204617F07FFBE8E7FFFF0000060906001E
:205120009882002040830020F0B585B004460029049302D00F46164601E016462C4F3420DF
:20514000FFF7EEFC0C2300284FD0054603943869411E02468A412A740024EC60AC606E611B
:205160000499A961EC612C6239686960AC62EC622C63002808D10120002103221E460BF091
:2051800035FCA86000282CD01A480669002E03D0416A416A491C4162388982083868009007
:2051A0000195154815492B4609F076FE012806D12868294614F0ECFD00232C4608E0A86847
:2051C000002801D016F078FB28460FF06BF80C2303980460002E08D01C46FEF72BF9234675
:2051E00003E028460FF05EF83346184605B0F0BD940906004C8000206FBE0500EC0E06000F
:205200007CB5344E3068017900254A1E052A5ED8920001A39A5897467B520400315204007A
:2052200031520400315204004F52040073520400C27804252A43C270C088022900D001218B
:20524000002422460BF078FE3068457040E0C17804220A43C27007F051FB04463068417828
:205260001B292AD1002C33D112F024FE0AF090FE2DE0C17804220A43C27008300024102597
:2052800021462A4616F0FDFA30682830294616F017FD3268506F916F20301346183328321A
:2052A00000932346FFF7ACFC12F0EEFD411E8841C4003068052141700AE0022C03D0042CF1
:2052C00003D11C2102E01D2100E0052141702C4620467CBDC8890020F0B587B0C80301D4E8
:2052E000002452E00C46012637042E48007806F057FF002848D005460078A02841D103A8E2
:20530000067004A9284609F08DFE0646002829D104A88078C00709D123480368002B0FD0E5
:20532000A88804A903AA984706460AE01E484368002B16D0A88804A903AA9847064611E006
:20534000062604A8002E0DD0407800280AD104A8807801A90870002048800E71A88815F04D
:2053600081FB062603A80078002804D0A868002801D007F04FFA002E0AD0A888012113F0C0
:2053800033FD284614F054FC7C40204607B0F0BD04A98878122802D149780129F1D01B28EC
:2053A000EBD1EEE7E8790020448A0020F0B587B013F0E4FC29490A78012A02D114F040FFF9
:2053C00049E0012203920A7014F03AFF002420460BF0A4F804AD284616F022FB214EF0680B
:2053E00005902148214A15212B4606F009FC204800782049097882001F4F029401918842F6
:2054000024D833689D58002D1DD4AB0710D4039B83401C43C3B2FF2B12D02E46039F3E4077
:205420000F4FBC373B43144F01991E700D4E07E06B0705D5039B8340029F1F4302970E4F2A
:2054400007239D43D551401C121DD8E70B48046003480299016007B0F0BDC046158B0020AA
:20546000443002409C0A060088750020755B05004B0A06003F0C0600003100400035024044
:20548000F8B50F4606462E480068804702462D48044680680546002806D0686E0078B042A1
:2054A0003AD028680028F5D10026002F42D03046174617F063F83A46217888423AD2782041
:2054C00017F0A0F90646002D01D1254608353A462E60002E2ED0314646313546203500221F
:2054E00032607260F262B265304660303276F2752A70F2777284F2643265CA8132724A8029
:205500000A80142116F0E8FD0F483821405C002804D07D20800002E02E460BE0607870856E
:2055200028462430022113F0A7FCA88C07490140A9843A4606480168104688473046F8BD67
:20554000888A002084880020D4830020FF0F00008C8A0020F0B585B00092049003918E68A8
:20556000C8680024B51C074603460190674128463946324613F07CFD16F0CCFE05460F46E6
:2055800002963246019B13F073FD16F0C3FE05460F463246019E334613F06AFD16F0BAFECD
:2055A00016F0F6FE16F0B6FE16F0F2FE801C61412A463B46009F13F05BFD039B03C3B800FC
:2055C000083BC1184968CA0F049D6A70002911D419460831002202243B46002B1ED00D68AD
:2055E000ED43EE0F6D002C1956410C505B1E091D3446F2E71946083101233A462546002A16
:205600000CD00E68F643F6180E501D436B1E9D41734273412B40521E091DEFE70498039954
:205620008167C76705B0F0BDBCB5002847D004460568E97801A801702979417016F0F8F9C6
:20564000A868002801D02349016029462031E868002801D0204A02602A8820480280204A99
:205660001288204B1A806A79C270AA7902710A78027649783C228154296981606969C1608C
:20568000A9690161E96941611749184AC16102621749097828228154292100224254428591
:2056A000144A01218B04C2620363A0688068006815F0C4FBA16803C915F0DEFF01E017F096
:2056C00036FA06483821012242540B49418700218187BCBD217C05000DAE0500D4830020A3
:2056E000968600207E8A002094FB0500AC0A0600058B002001000200DC050000F8B504466B
:205700002D486946224612F07BF8002801D0009D3BE02088002837D06068426803782748A4
:20572000022529460CF034FB002808D1606842680378234829460CF02BFB002825D0A07889
:205740001825072821D310281FD81E4F3888012500281AD021881C4A5040401C884214D3A9
:205760000C2017F04FF8002821D0064620883A880001002188420AD0531C3B8065686D189E
:205780006A8110311A46F5E70225E8B2F8BD0025304620C00822214615F0C8FB786800284F
:2057A00007D0014600680028FBD10E60EDE71325EBE77E60E9E7C046FD560400D80E06002C
:2057C000DC0E06003C8A0020FFFF0000FEB50D46014601200602244F3C6A002C02D02068E0
:2057E000304202D1F86930420DD0029401963E46FF680C461D491E4A30462B46B84721462F
:205800003746019E029C1B482A4616F0CFFF1A4845701A4805701A480078012823D11948E1
:205820000178491C0170184816F0FAFC00280CD0002C02D02068304202D1F869304212D039
:20584000FC681249124A0B230BE0002C02D02068304202D1F869304205D0FC680D490E4A8F
:2058600010233846A047FEBD2C020600F00200901C000094B076002040880020F3790020B5
:2058800017780020DB7900204D250500B0030090240000945303009020000094FEB51C46C4
:2058A0000E460978012302291ED171680D7849780902491989B20325284FB94215D00292FB
:2058C000089F274A914212D0264A91420DD015225202914208D10190F06816F0D6FA80B2B3
:2058E000B84208D2072500E01D462846FEBD002F1ED00B25F9E73D191F2D2DD8F068C01937
:205900000299224615F012FBF068A9B240182022521A0025294615F0B4FF13480068002882
:20592000E3D00268002A0198DFD00025294611E0022C11D1F368029A11785278120251187C
:2059400019800949096800250029CED00A68002ACBD001219047C8E70D25C6E7C92A00004E
:20596000012A0000A62A0000B48A0020F8B50C460646314F3868C0880EF01EFB002826D0E6
:20598000054638680078002823D0002007F046F901460622304615F0C9FA12F04BFE411EDC
:2059A0008841B0716879800708D52E460C3600210622304614F0B2FA00281FD0A91D06228E
:2059C000204615F0B3FA69790120084030E01420F8BD6879800708D52F460C370021062225
:2059E000384614F09BFA00280FD0A91D0622304615F09CFA6979012008400CE006222046C5
:205A0000314615F093FA012012E006223046394615F08CFA0120B071002007F0FFF801462B
:205A20000622204615F082FA12F004FE411E8841A0710020F8BDC046C8890020F8B50546D6
:205A40000620C4432E683079022854D10F46301D2A4915F013FC307E042802D0B06B0F2864
:205A60000CD83046203014F0A9FF3246303207CA3B4604F02BFB0020F06312E068680278DB
:205A80001F48294613F0C6F8334630330ECB30460BF0BEFDF16B081AF0632036304614F0ED
:205AA0008DFF2E68307E042802D0B16B0F2919D83046203014F076FF74694820305CC006FD
:205AC00001D40020F07630460CF0B0F9307E012811D130464830326C766C037828462146D9
:205AE000B04707E0022805D1A11D06480FF0E4FB746900E000242046F8BDC0462A002A0187
:205B000059AD040004710020F0B589B00490002804D00391012903D9182056E0022054E01A
:205B2000029201930E9800900025294E2F46307D87422DD2B06A401906240499224614F0DB
:205B400057F80399002804D0B06A40198079884220D0012919D104984079C0210140402944
:205B600013D17C432334A0B2102405AE2146324614F090FD3046214613F02AFE0498314667
:205B80000EF00AF901280BD0114E7F1C0835CEE734201AE000200299002916D00F7014E089
:205BA000029800280A4A00D007700199002903D0906A4019807908700098002804D0916A9F
:205BC0004919062215F0B2F9002009B0F0BDC04620810020FEB51F4602920D4606462C487F
:205BE000006880471224002D14D0012F12D80190284800880299884205D28A200CF06CFA44
:205C00003024019806E0304616F0B4FC04460028019804D02149096888472046FEBDF0B239
:205C200016F0D4FC06461C480178002913D0491E0170D9204000305A029A904213D23046F5
:205C4000294606F014FC044600280198E2D1284606F0E0FD0FE0012014F058FA022016F042
:205C600056FB0724CDE710200090D2B2304629463B4604F0D1FC3068058815F0F1FF0088E7
:205C800000248542BDD1304616F08CFCB9E7C046888A0020C4790020FD7900208C8A002086
:205CA000F8B52B4F01243E68BE603E6130041AD56004B860274809F045FA002525482946EE
:205CC0002A4615F0D9F92448786524488068002803D080472148856005E0082010F0A8FC1F
:205CE000012011F07FFA1E4A0A25354011D0E003B96BA143B963796D1140796519490A682C
:205D00000F231B039A4302430A6007F00FF9144AFD6030070DD5154613F030F8B96D2940BF
:205D2000B965B96D6A1C0A43BA6514F089FA0820F86070050BD57C660B48016804220A43C0
:205D40000260102010F074FC204611F04BFAF8BD4C100040A071002011000380B884002023
:205D6000FFFFFF7F1C1100402C000040FEB50D4604460220009002900298E16F891C8842E1
:205D800002D215F03FFDF6E701222046294615F0D6F9A36F0833204629462A460EF0EAFAD1
:205DA00015F0B6FE02D016F025F901462046803001908020215016F0D5FC16F029F9E06FE7
:205DC000800000262E5002962F1F0299E06FC20E12075242914221D281007918012807DB6F
:205DE0004A68401E4B881204D2184A60091FF5E728680004286015F08BFE02D016F0FAF89E
:205E000001460198016016F0ADFC16F001F9E06F80002E500298401C0290D6E700990291D4
:205E20000299801C814204D215F0ECFC0290E06FF6E7FEBD70B5059D04984C68267864789B
:205E40002402A419A4B2274EA619062E0BD2C96800240E5D641C002EFBD1641EA4B28442EC
:205E600016D2072070BD20498C4226D01F498C4218D01F498C4231D10828F2D808210C1A1A
:205E8000AC4200D32C461C801A49091810311FE0241AAC4200DB2C461C800918A3B210468E
:205EA0001A4617E013490C788442DAD3241AAC4200DB2C461C804968EFE70728D1D807219C
:205EC0000C1AAC4200D32C461C800A49091808311046224616F06AFC002070BD00201880F1
:205EE0000A2070BDDCD5FFFF502A00002A2A0000232A0000887E0020F0B585B005462D4FBA
:205F00007868002812D00220002D10D00E4602290DD31446002A0AD07B782846314622466B
:205F200009F010FC002804D0012000E0052005B0F0BD6B78D81E032806D32046019310F001
:205F400047FC019B00282FD000220392029229780220022910D1002BE9D0FF2BE7D0164600
:205F600002A916F0BCF9002819D178680368687802A92246984712E0032ED8D3014303294E
:205F8000D5D1164602A916F0AAF900280AD12878012804D17868426802A82146904702A8EE
:205FA00004F00AF83046C2E77868C168024888470820BCE7188600203504060070B52D4848
:205FC0000078052108424ED015F0F6FFC00016F019FC294E7060002847D00024254615F0CC
:205FE000EBFF854208D27068011900220251032088806D1C0834F2E720490024204610F0F3
:20600000A1FF00282AD11D490125284610F09AFF002823D11949022010F094FF00281DD1E1
:206020001649032010F08EFF002817D11349052010F088FF002811D11049062010F082FF2F
:2060400000280BD10D490E2010F07CFF002805D10A490F2010F076FF002809D0706816F069
:20606000D9FB1E2402E0122400E01324204670BD3570FBE7D0850020248A0020C1D00300EA
:20608000FEB504460068018840294DD1E18B00294AD026490978012946D146682548006828
:2060A0008047054616F0A2FBA179244A92789142029532D11E4F618E794340181E494518F8
:2060C000F069294611F0CAFE002829D020463830019015F0C5FD00900121304616F07FF942
:2060E00000980169284616F015FD618E4F4339460EF0A6FC218982B20818608120680069A8
:206100007A438018F06101994878087020460BF063F8002012F08AF902E020680069F06182
:206120000748016802988847FEBDC046E3790020C4090000888A0020881300009C78002033
:206140008C8A002070B50E46044640B2002815D428480078A0423AD9274800688047274958
:206160000968A2008B5833438B502549096888472448006815F0E6FD002432E0082012F00E
:2061800049FB002825D00546174828806E60174801781748FF2904D04068164A1278511850
:2061A00040180678FF2E16D0204614F065FA0146A81EFF2202700024304622462B4602F028
:2061C000D9FC00280DD0284613F032FD08E0032407E0042405E0284613F02AFD15F0EEF8BF
:2061E0000124204670BDC046FFFF00004889002038890020F80E0600888A0020B07900208A
:206200008C8A00208879002070B5264C6078002846D0254D697A002942D1244A00211180C9
:2062200051802A78012A18D100260128314613D11F48142115F050FF1E4800210170687865
:20624000002801D0012007E01B48002101701B4815F0E6FF6078697A2E70012820D100295F
:206260001ED1687801280ED10120A87012490978012908D113F09CFB0020607010480068E5
:2062800014F0ACFD68780F490A78152A08D3002806D10020607008700948006814F09EFDBE
:2062A00070BDC0461879002030780020AC780020B0760020F379002017780020C1DD0400CB
:2062C000BC79002040880020F8B504462C482D4D0126B702394632462346A847631CB91C19
:2062E00027483246A847A31CF91C25483246A847E31CB91D22483246A847231D3946113179
:206300001F483246A847631D39461B311C483246A847A31D39460D3119483246A847E31D54
:206320003946123116483246A8472346083339460C3113483246A847234609333946183147
:206340000F483246A84723460A33F91D0C483246A84723460B333946143109483246A847E5
:2063600023460C333946153105483246A8470E341C370348394632462346A847F8BDC04612
:20638000557F030085AE0500FEB50D4604462C48416A491C416226683146294048424841F6
:2063A000491B4F1EB9410193002B00D0084601270028029214D0089A002A16D002990029F7
:2063C00001D02048411C0198002802D0012080060143201D29430EF0F3FC0026374604E08C
:2063E000002A02D03046A8432060FDF723F8002F24D1002801D114F01DFE14F0F7FD064630
:20640000800118D414F00AFE2668314629404A1E084690414A1B51425141019A002A00D0EF
:2064200008460299002904D0002802D03046A843206015F067F9FF20000686433046FEBD17
:206440004C800020FFFFFF00F8B500281CD00C46074600880DF0B0FD002817D00546042043
:206460002856002814D424480078401E122602280FD3002C02D0A87C08280AD01F4E706897
:20648000002808D0112604E0022602E0142600E01C263046F8BDB02016F0B4F970600028D5
:2064A00028D00026B022314615F0EBF93888134949684880081D391DA02214F037FD0F482B
:2064C000436802201870A97C0839484248410C4909783A881B1D02F0BFFC0746002C03D025
:2064E000284621460BF0DCFB002FD2D00DF03AF83E46CEE71326CCE7D08500202C8A002085
:20650000E6790020F8B5002855D0002953D01446002A50D005464879C0220240402A17D190
:206520000122284604F084F9002811D029796A7912025118AA79EB791B029A181204511879
:20654000C0000818801C0622214614F0EFFCF8BD19480078194909780918C2B291422AD36B
:206560002B796E793602F318AE79EF793F02BE193604F318D6009A199B5D57783F02FB18BD
:20658000401CDF07E9D101201843190A51701070901C0622214614F0C9FC2879697909028D
:2065A0000818A979EA791202511809040818815D02220A438255F8BDD9790020E0790020C6
:2065C000FEB52A4C6168002919D01546002A18D0012822D002281AD1019120780290083422
:2065E00000270298B84214D0062620462946324614F084FC002812D07F1CA41DF1E7052498
:2066000031E0C968022400292DD01B482AE0022429E00198C16817488847002423E02046D3
:2066200005F004F9114803787F1C9F420AD2A51D0622204629461C4616F0B8F823467F1C61
:206640002C46F2E7002B094A07D05E43B0180021C18081804180581E107000245470506877
:20666000C168034888472046FEBDC04618860020AFFE0500AEFD050078FF0500B0B52C4C37
:20668000002020702B4D2868826E9521515CC90709D0C16E097903230B40012B03D1C178EB
:2066A00001230B43C370C178090711D401798B1E032B16D2C088022900D0012100220AF04D
:2066C0003BFC2868C17804221143C170427027E00FF0D0FD01F05EFF2968002810D015206E
:2066E0000FE0012901D005291AD1022343700830012908D10021102215F0C3F828680BE0F6
:20670000132048700CE0911C102214F00FFC2868C17804220A43C2702830102115F0D0FAEE
:206720002078002800D0B0BD0EF0CAFAB0BDC046097A0020C8890020F8B5C068C5682846A3
:206740001830A96AEB692A6A9A602A6A53604B68834200D14A600024AC620A68521E0A6044
:20676000204F796A00290ED01F490A465832CB6DEB619E682E629E6870609860AA62886D95
:20678000401C886524E0281D6969AB68EA689A60EA6853604B68834200D14A600A68521E5C
:2067A0000A60E96ABA69914200D9B96114224A430E498B185F68AF60BE68EE60BE68706036
:2067C000B860084F6B618858401C885012F0B8FDE86A07490968C96A884201D90124BC6286
:2067E0002046F8BD4C800020747F0020486A0020E48A0020FEB50E4605460720C1432F680B
:206800003C4648346078022802D1B068002807D03078800701D00F4647E0F068102801D9A8
:20682000CF1D42E0019302920091384612F0E0FE39460746002838D1A07800280F4606D0CB
:20684000386814F089FD002821D00120B8767E6401982070002001907861381D029E1ECE30
:206860001EC0019E38462030102132460B4613F031FC3C463879082801D002280BD12846FB
:20688000F6F75AFA0746002807D137460DE03C460098871D07E00098C71DA07E002804D0C5
:2068A00015F096F8A6760020E0763846FEBD7047F0B58BB00A9308920A46022100284BD0F6
:2068C000002A49D007460A98002845D012980490002841D0119803901098069000262049C9
:2068E000204B099607920878864234D23D889D422ED0BC78002C2BD00A98069914F05AF912
:20690000002822D00346E007059301D1099D0CE0039800900498019001212846089A04F0B3
:206920004DF8054609980543BC78A00701D409950BE0388803990091049901910221089AC4
:20694000059B04F03BF828430990079A0449054B761C3F1DC7E70999C8B20BB0F0BDC04608
:20696000F4790020FFFF0000F8B50D460090294800780027294B3C46C1B28C421CD2196846
:20698000CA5D002A15D0CE19F188009A914210D1072D03D17188009815F0CBFF0021304614
:2069A0002A4605F0DAFD30460FF02CFF194800781A4B641C1037DFE7002D00D0F8BD164E1A
:2069C0003078C1B28C421AD21968CA5D002A13D0CD19697AFF290FD0E988009A91420BD1A3
:2069E000284615F02DF91421284607F0A5F828460FF008FF094B3078641C1037E1E70424A0
:206A0000A0B20728DAD8FF2200990FF015FF641CF6E7C046708A0020F07900206479002073
:206A2000F0B585B00F4604A900260E7027494968002933D00224002F31D01546002A2ED0B0
:206A4000039004A93846FCF7C9FF002827D104A801780124204601910CF06FF8002821D0DF
:206A60000199C91E81700290C01CCAB23946FDF791F90398029A10703878507004A8017871
:206A8000124F7B7810462A4608F08CFE796800280FD0C9680E488847029813E00524204600
:206AA00005B0F0BD09484068C1680A4888470124F5E78B6804A80178029F38462A469847AA
:206AC0003446384615F074F8E9E7C04618860020B305060095050600FEB50E4604460720E3
:206AE000C5434868810703D11746B1688A0701D02846FEBD23681A7E042A029305D032692B
:206B000014F0A8FB029B002830D0306900282DD0184612F06DFD002838D102990A464832EB
:206B20005078002809D00192086814F015FC00281ED0012002998876019A0E6417700020F0
:206B400001904861091D3268A9CAA9C102987168016331698163C163B1684163F16820307F
:206B600000290AD0102215F021FE0BE0E81DFEBD00200299C876A81DFEBD019901604160FC
:206B80008160C16001212046FEF758FFFEBD704770B5049C294E3070294D2975AA756B75BE
:206BA000EC75C80015F02EFEA862002842D0297DCA00002114F065FE287D15F023FE6862AA
:206BC00000282ED02A7D002114F05BFE287D15F019FE2862002826D02A7D0024214614F0CB
:206BE00050FE2846383015F0B1F9317806200DF0C7FC2846303012F0ABFD0AF061FF297DBB
:206C00002A6A052013F046FD002816D0287D2146A04212D0CA4382182B6A1A55641C491C07
:206C2000F6E7283503E0A86A15F0F4FD2435286815F0F0FD042013F077FC70BD37770020BF
:206C400020810020F0B587B004460088402112F0B1FA00280FD001266088A188E288238962
:206C60000DF00EFDE17A002807D00025002907D02846324606E0122538E0481E81414D00FD
:206C800000223046A17A002914D003AE30802088324613F0CBFF3088002822D12088618882
:206CA000A288E3882689002700960197029712F01DF816E0208803A98880002A0ED00D48DC
:206CC0000390A18803A801816188C180E188418121898181012111F0C1FC02E03B2112F0AA
:206CE0003BF820884021002210F011FC284607B0F0BDC046913E0600F0B585B00446274EE3
:206D00007068002802D08047002810D0B068E102726915F0D0FA00280BD40C2060432049EE
:206D20000F18F87D41087F2905D3012004E00B2530E001252EE0401CF87500021949014304
:206D40000491002504AA0423204629460FF062F83070002803D1FF20B875032078760397E3
:206D6000EA430192FF26204631462B46274602940D4CA047012338463146019F3A460A4C0E
:206D8000A0470223029831463A46A0471020039988830E76284605B0F0BDC046F0820020AC
:206DA000F86F0020FF000F961D850500FEB50D78FF24022D19D1089D4E683778767836025D
:206DC000F619B6B2214FBE4223D02148864202D02048864224D1002B24D000201E4E834241
:206DE00005D0175C3754401CF9E701251FE01B4801260670002D17D1012B17D1CB68127879
:206E00001A70C9680D30081A411E8841440000250DE00126009501960BF0ECF8054606E077
:206E20000A2504E0002D01D00B2500E00D25FF2C09D00A484068002805D00068002802D0A2
:206E4000204612F085FD2846FEBDC04602290000F3FF0000F1FF000048760020F485002095
:206E6000F0B58DB0002950D00C4606468879002801D0042500E00825002805D115F06BFDAE
:206E8000002842D000F09DFC0896E0780C90204800780B90E0790A9026460836A388E789EA
:206EA000228A608A217D00930995019502970392049005910C980B990A9A334605F0ACF980
:206EC000E078002801D031201EE008980A28104801D0002201E022461B320378A0880B9021
:206EE000E0790C90E589678A218A172000960192099A02920395049005970691012218461C
:206F00000B990C9B00F062FBE0700DB0F0BDC0460E850020F8B52349087007F0FFFA22487B
:206F200000243022214614F0ACFC204E707900280ED0000115F066FC1D490860002807D036
:206F40007179F170B27932718A00002114F099FC3079184909780818174F3870C0B20001A8
:206F600015F050FC154D286000280ED039780A01214614F086FC2868093039788C4207D206
:206F8000FF210170641C1030F7E70020387030710448007814F0F8FF094812F0F9F8FFF760
:206FA00086FCF8BDF1790020987300206C8A002068790020F4790020F079002064790020BB
:206FC00035730500F0B58DB0022700284FD01546002A4CD00C4606460693081D80B20590EE
:206FE00015F010FC00283FD0074606980CF0E4FF00283BD00395856A381D3146224613F08E
:20700000ADFFFD70280A0290B870280C0190787004952E0E3E7015F071F8014607AC1022A1
:20702000204613F09BFF082000900BAB20463C463946059AF9F7E0FC0746002810D1049D16
:20704000039805700299417001998170C670001D0BA9082213F082FF691C069812F050F827
:20706000204615F0D7FB02E0132700E0142738460DB0F0BDF8B51C46154602270A46113A86
:207080000C2A1FD8920001A39A589746DF700400DD70040019710400197104001971040070
:2070A000C1700400C1700400197104001971040019710400DD70040019710400DD7004008C
:2070C00005270CE005290AD0D22907D0092906D0522903D006291FD1072700E003270F4AB8
:2070E000954203D0D22904D10C3502E012F0C0FAC51BA8B2C11988B2002688420AD111F01D
:2071000031F9002806D0002C00D02580794211F05AFD06463046F8BD0127E0E7FFFF00002F
:20712000F0B58BB006A8FF2101702548007D15F069FB00283DD0044607AFFF2610253846D0
:2071400031462A461F4B98471D48027D204631461C4B01941C46984704A803900622029206
:207160003146A047184B022029463A4698470646032029463A46144B9847134F054635439D
:207180000420012106AAB84706462E430C48017D0520019C22463D46B8470746374302985E
:2071A0000146039AA84705463D43204615F032FB03E0042013F0B8F90A2528460BB0F0BDD9
:2071C0002081002083B805008DAF0500F0B585B027480078002801D0012047E012F0CEFF9C
:2071E00014F0AEFE0346002420462146224612F0A9FF204E2746307D874235D2B06A001908
:20720000FF2106252A4612F089FE002829D17D432335A8B2102101AA13F03CFA002820D168
:2072200001A8FF21102212F079FE002819D101A80021102212F072FE002812D1B06A01191B
:2072400088790125284001AA002312F07BFFB06A0119C879C00604D4887928402A4612F067
:20726000C5FF7F1C0834C6E70020707005B0F0BD118B002020810020FEB52848407828499B
:2072800009680A78012801D1154644E000230124009202921E460193DFB2C0B2874225D258
:2072A000E5B2854222D2042E20D8C85D495D05F077FA01281AD10296194E3168C85D495DAA
:2072C000F7F720F831684A5D9042224600D0019A641CE3B2CB5CFF2B01D10023DC43029EA9
:2072E0000290761C0D4840781346D4E7029DAEB2009CA64205D02046314605F051FA0128AB
:2073000004D1FF213046F8F7B1FF04E020463146F8F7ACFF2546A8B2FEBDC0469C7800204E
:2073200034790020F8B500280ED004460668002E0AD035882048854206D0012D06D1012025
:2073400015F01CF9002800D0F8BD3588012D0BD11A4F3878012807D1194D286815F05AFA36
:20736000002028603870358800272760B770802D01D0402D04D128460EF060F9002803D1AA
:2073800010484188A94341800E480178002903D0491E0170090602D187600B490F70418817
:2073A000C2889142D0D0C1800848C268002ACBD000699047F8BDC046FFFF0000F979002005
:2073C0009079002078770020F5790020D4830020F0B585B004463120C000029025468C357D
:2073E0002F89AE88B8B2B1B203910DF029FB314641430497791A090400D0401C02996218A6
:2074000021462E31E081EB88638400272777E78367893818A081608E029086420AD1E78EC3
:207420000498B84206D1A78EBB4203D15C27D75DFF0608D55C2701911946D35D0820184319
:207440000B460199D0552746823702981080287808706686A3860498E0867D204402204654
:2074600003990DF0EDFA4643B1B2A14200D0401C38800220B87105B0F0BD7047FEB5144668
:20748000002802D0254A12780270002902D0244840780870002C3FD000273E461F4800782B
:2074A000FDB2854238D2284615F064F8002831D1284615F08BF853218A008118731C0293A2
:2074C000F5B2675505682D88803D6B1E9D41B31C0193029BDBB2E554805CF21C019BDBB22A
:2074E000E0544878331DD2B2A0548878721DDBB2E054C878B31DD2B2A0540879F21DDBB2DB
:20750000E054487933460833D2B2A05488790936D9B260547F1CC1E70020FEBDF67900201E
:207520009C780020FEB50292019107461024204615F068F90546204615F064F9044613265B
:20754000002D35D0002C33D03E46002710222046394614F096F9304621462A4612F0A8FE80
:207560000646002824D1E857002805D42846019E314612F0EDFA09E02846214612F0E8FA53
:2075800011492046019E324613F026FEF057002804D43046029912F0DBFA08E030462146F9
:2075A00012F0D6FA08492046029A13F015FE3E46002D02D0284615F02DF9002C02D0204610
:2075C00015F028F93046FEBD0C0B0600F0B589B0119E002E0AD01F4615460C4608900846AA
:2075E0000CF0EAFC002803D011273DE031273BE007951F480CF0E0FC002834D005461498E8
:2076000006901398059012980490109803900F9802900E996F71A81D0622019213F086FC56
:2076200028460C30002700903946019A14F029F902996C800798287108982870EF620398C6
:20764000A874AE820498E8820598288606986886002903D00622009813F068FC20463946F9
:2076600011F0BAFD00E01527384609B0F0BDC046FFFF0000FEB501273D021F4C266A002E0B
:2076800002D03068284202D1E069284204D0A3681A491B4A204698471A48077001A8802181
:2076A0000170412080006F463880029713F05EFA03463870002E02D03068284202D1E06908
:2076C000284204D0E7681049104A2046B847104901A811F003F900280CD0002E02D030686A
:2076E000284202D1E069284204D0A36809490A4A20469847FEBDC0462C0206003802009011
:2077000014000094028B0020C504009030000094B8780020260500903400009470B50226D7
:2077200000284CD00D46002949D004462878702815D0FC281ED0722807D0802805D0812860
:2077400023D082282AD0712838D1012630460EF0E9FC6860002832D0217801702AE0022048
:207760000EF0E0FC6860002826D021780170617841701FE007200EF0D5FC686000281BD0E5
:2077800013F052F8A179817114E006200EF0CAFC6860002810D013F047F80BE003200EF094
:2077A000C1FC6860002807D02178017061784170A1788170002602E0012600E004263046F8
:2077C00070BD7047F8B50446254A836FC66E25481060207E001F451EA84100910F2901D8B1
:2077E000002700E001270740012F10D1616AA26A204635461E46009B09F00AFF33462E465C
:20780000174AA16F091AA167616E081A6066B34206D1E06A8121615C01220BF023FA07E07E
:20782000606B5066A06B9066E06BD066206C1067002F04D0204610F069FC06460EE0606A70
:20784000A16A0026009D2A46334602F03FFCA06F401BA0673434204613F098F83046F8BD47
:207860002C000C402A002A01F8B505460620C44308680078022841D10E462F68CA68381D80
:207880001F49102A00D0891C13F0F8FC387E042808D0F068102805D368680278194829469E
:2078A00011F0B8F9331D0ECB384608F053FC2E68307E042803D0316AC9680F2915D8746917
:2078C0002820305C032801D00020F07630460AF0ADFA307E012811D130462830326A766A38
:2078E000037828462146B04707E0022805D1A11D05480DF0E1FC746900E000242046F8BD79
:207900002800000105F8040004710020F8B50446007814F0C6FC01464220002945D04A6ED4
:20792000002A42D0601DE11C53780A784D782D02AA18DD060CD41D4D2D88AA4213D90022B2
:207940004A700A70C2708270427002700720F8BD202A26D300224A700A70C2708270427060
:2079600002701220F8BDDD071BD004261E40B508002E01D0102600E00A265F06FF0F7D194C
:20798000AD199B0600D51235FF23AB439A4208D900224A700A70C2708270427002703020A9
:2079A000F8BD00212046FBF751FCF8BDFC8A0020F8B514460D4606462148007801280AD166
:2079C00020480188491E0180080404D101201F4613F01CFD3B461C4F3878002810D00C207B
:2079E00010F018FF002826D00146184808804E8002200871CC808D60387811F06BFCF8BDB4
:207A00001F46082010F006FF002814D010490180691F416002220A7041684E70310A3A014A
:207A20000A4341688A704168CC70210A4268117109F02EFFF8BD284604F0ECFEF8BDC04638
:207A40005484002056840020EA79002090FF000001FF0000FEB502463F2047060E06BE4267
:207A600004D111F051FA030A040C3CE0214C00237F20002A37D015680195002D33D0BE4209
:207A800031DA7D273F06BE4207D00127FF07BE420AD110795379D48825E0019880008118AA
:207AA000805C4B784C881EE04DB2042691578D4219DB0296171D0199491E002907D02E4640
:207AC000029D7D57AE420BDB35463F1DF4E7019989002E468D56AE4205D18918E8B2E0E769
:207AE00038787B787C882104DAB212028918C0B20818FEBDFFFF0000F8B51546009104464B
:207B0000254E37461C373F68002F03D03889A042F9D126E00C2014F075FE1526002825D00B
:207B2000074604810098B87200203860F872002D0AD00821284612F06BF87860002804D1B7
:207B4000384614F067FE11E07860134EF169002904D0084609680029FBD101E030461C3066
:207B6000076013F04DFF002802D000263046F8BD0120F872204600992A46F7F707F93146A5
:207B80000646C86A0028F1D04368002BEED0002120460A469847E9E720810020F0B58FB0BF
:207BA0000D460646254F3868406F603000242022214612F0B3F9002803D0082738460FB0F1
:207BC000F0BD1C2014F01EFE3968886508270028F4D005A803A90AF081FE0028EED11748DB
:207BE0000068406F603007A9019103A9009105AB31462A46F6F78EFE0028DFD10F4F386879
:207C0000806D07AD10262946324613F08FF93868406F803010352946324613F087F93868CD
:207C2000806D048212300822214613F02AFE10F069FE3968896D88762746BFE7C889002053
:207C400070B50C460546264E306800281FD0C188A9421CD14178112923D0062919D10178A6
:207C6000002925D0826EC16E9823D25AD30702D08B89DB0724D1930702D58B899B0721D42D
:207C8000520702D5898949071ED4B06811E014F007FE204629460CF033FF11F0E9FF012041
:207CA00070BD002C00D0322414F0FAFD204614E0706800280AD04068002807D0804705E0C3
:207CC000072102E0092100E00B21417014F0E8FD306840781228E2D100200DF045FDDEE769
:207CE000C8890020FEB517460D460646087A44B2810607D4002C25D401072DD480073DD4C4
:207D000003263EE00293384613F022FD01463046082634400190224605F044FF002806D059
:207D20000299487A00282CD0087A012829D1384613F083FD002823D003461222019829467C
:207D4000984707E0384613F003FD01460022304605F028FF064614E01C46384613F0F8FCCA
:207D600001460122304605F01DFF002806D00646607A002805D0207A012802D1002600E055
:207D80000E263046FEBD7047F0B58B4200D1824204D90B0002000021002040E0002B00D179
:207DA000002A0CD10B00020000210020002B00D1002A01D0C943C04314F099FD2FE01C00A3
:207DC00015000B0002000CB4002126002F00FF19764102D2491C4029F9D100201E001700BB
:207DE000FF19764102D2401C4028F9D10E1A21002800320012F038F80C0005000CBC002084
:207E00000021A34200D1AA4201D3521BA341404149416D08E7073D436408761EF1D5059F22
:207E2000002F01D03A607B60F0BD7047F0B587B01C4617460D460646502019460FF00AF85F
:207E4000009701901F4806A932462B460FF0D8FC002801D0069C07E0039405A9304610F0EB
:207E6000ECF80446002802D0E0B207B0F0BD002F13D004AC00202080288821460BF05AFEF8
:207E8000208813F065FC0146781E42424241304605F088FE04460028E6D1304629460FF0F4
:207EA000A7FB04460028DFD10024039EFF2EDBD0059DAB1C04481E22294613F0DFFFEE70BE
:207EC000D2E7C0462D7E0400817D0500F8B51F4869460FF095FC002801D0009833E01C48D6
:207EE00001782820484314F08DFC1A490860002828D00026184F1C4C3546154800788542B2
:207F000015D2144801688819002E3A4600D07A1C8A530021817004818172FF22120282845E
:207F20000C30182213F0ADFC6D1C2836E5E70B4814F0F6F80A4813F0DFFF0A4811F028F980
:207F4000002000E01320C0B2F8BDC046CD7E0400E7790020F4780020FEFF00004D4A0300CF
:207F60009DA40500719C0400FFFF000070B50C460125C8030BD4E0071DD1A00724D460078A
:207F800026D420072ED4E00632D4002434E02E041A48007804F004F9002813D005460CF04B
:207FA0004DFA00280BD116480078FF2807D0294611F090F906E00FF035FA6C401CE028467F
:207FC00011F036FE744017E00EF038F9022012E00C480068002803D08068002800D0804720
:207FE000042008E00FF07AFC07490870082002E00AF09AFC10204440204670BD0A7A0020B3
:20800000128B0020CC890020097A00201FB5042836D8800001A318588746C0463180040061
:208020008580040039800400458004006D8004001A480D3014231EE001292AD110781749DF
:20804000887024E0012924D110781449C870C91C13480068134AFF231124009401930292D0
:20806000114B00242246FEF723FC13E0052910D10A480830052311461A4614F097FB06E01D
:20808000022407E0012904D1107804494870002400E01824204604B010BDC046F485002081
:2080A0000C79002089D90400407B0020F8B524490F78002801D0394601E0224909780028CC
:2080C00000D00027CDB2204B19683A0100928E1839460024A94230D27288002A02D0491CE0
:2080E0001036F6E700280BD0202014F08BFBF060002822D00021202213F0C3FB124B01E0C4
:208100000020F0600020307019687F1E009841188C1C4022009453B2002B0DD4D3B239466D
:208120007F1CAF4207D2208810349842F8D1521C0F46009CEFE7738034462046F8BDC04688
:20814000708A0020F079002064790020F8B504460078C206970F022F03D0012F05D1221D59
:2081600001E022460832166800E000260125002901D1E94301E00221C9430840207020465D
:2081800005F03CF92078C006800F012810D0002811D10025002F24D01348017906220A4026
:2081A000042A1ED11030844219D011F0A1FC18E02F46241D01E02F46083420680025B04236
:2081C0000FD0094C207906210140042909D100F0F9FD0546206839050BF088FE01E014F006
:2081E000F1FA2846F8BDC04650740020F8B52548007814F056F8002842D00446406E4078B9
:20820000C0063DD426464736B078022835D3717DC9434018010630D0216E3B2212018F1845
:20822000E17F3278BB689B18BB60FA70C0B2CC250D40012802D17078F87001E01020054384
:20824000002220462946F9F7D1FB28460EF028FBF9784018401C7D7039783F2529403970A3
:20826000C2B20721204614F090FB606E4078800703D53878284080303870707D401C7075EA
:20828000F8BDC046D8790020F0B585B01C4604920D4606461D4800688047002E08D0009611
:2082A00001950A9901290390029403D0194E02E002261AE0164E0024174F0F2C13D0386848
:2082C00000280DD115480578E0B20F210CF0B8FB01228A4028461146049AB04700280AD004
:2082E000641C0837E9E7082603980D4909688847304605B0F0BD00983860019878600026F1
:2083000002980028F0D00470EEE7C046888A00202D570500C9400500B06C002016860020CB
:208320008C8A0020FEB50523204C2679002E00D01F4EDD4333460B408B422CD18068436875
:208340008B422AD954189C422DD8164096422AD1019500684418002A21D0164610F00EFDF9
:20836000029014490D68002008601348026813482146904707460F480560029811F060FFB0
:20838000002F0ED109480078411E8841C00204193246321ADFE76D1C05E0AD1C03E0002536
:2083A00001E0019D6D1D2846FEBDC046D489002000F8FFFF244402405800000F8FA0E3B738
:2083C00010B523480078052816D00E282CD011282CD12148007813F064FF002826D00446CB
:2083E000406E002822D0E17A007E002927D080061CD5194902201FE0164C2068017F02292D
:2084000015D0012916D0002910D1406A8178C078000240180A214143202010F0D3F92068E5
:2084200001210177082006E0FFF727F810BD0121017710BD0B20002112F0E6F810BDC0068C
:2084400003D50549002012F0DFF80120E07210BDF579002090880020D8790020F8B50E4685
:2084600004461D481D4920252A4613F05DFD1C48412721463A4613F057FD1A4C2046314688
:208480003A4613F04BFD184E304613F0D8FE1748017F427F12025118827FC07F0002801865
:2084A00000044018806830600B4870600C48B060F4600A4F3846294611F08AF90C48006887
:2084C0003146F5F777F90B4C20603846294611F07FF900202056F8BD887700204C75002041
:2084E000E8770020F8770020C4760020D80406004879002078790020F0B585B00C460546C9
:208500000127C80330D4002C32D01E4800688047782304955D431C49491B0D1F00210A4667
:208520000F2927D03E468E40491C08352642F7D00390164800884343E818001F01900168D1
:2085400000291F4601D0E85988470297B6B2049831460EF041FA002804D100200199086040
:2085600002996850039806E038044440264606E0002604E016460649096888476640304604
:2085800005B0F0BD888A0020B06C0020168600208C8A002070B5214E3168002400293BD094
:2085A000486F002838D0896E34228A5C002A17D01B480822027035311A4D20242246A84729
:2085C0003168486F2030896E55312246A8473168486F4030896E75312246A84701241BE053
:2085E000114D6978FF2913D02A78002A01D091420ED22030A91C2024224612F097FC3068F3
:20860000406F403022352946224612F08FFCE5E70FF064F905490870204670BDC88900208E
:208620004C7500202DAF050028720020097A0020F8B50C460546471C02780846394604F033
:20864000B5FA064628460D3012F058FD00282CD1687F002829D11A480078864216D12A78C4
:208660000023204639461F4600F0CEFA064600281BD114483C21405C002816D1384611F092
:2086800053FF8F2014F0B6F83E460EE02079617909020818A179E2791202511809040818F8
:2086A000F100425C08231343435405480078864205D0E91D01222046134600F0A5FAF8BD85
:2086C000D9790020D483002080B5002819D01E49097805291AD006291AD0112921D11B49C2
:2086E000096800291DD00A7A012AF9D14A6E5278D206F5D542228A5C02231343032BEFD1A3
:208700000DE0002011F010FF1E2080BD114900E00F490968897A02220A43032A01D10C201F
:2087200080BD01780C4A11704178517081789170C178D170017911714079507107480121D7
:208740000170002080BDC046F57900208C8800209488002090880020C8780020288B0020DC
:20876000F8B50446002804D11F482049D42200BF00BF6668002E0BD12068002805D11C48FF
:208780001A49D92200BF00BF20680668002E28D02789F589AF4205D3307A022802D13668A5
:2087A000F5890027AF4217D2F219108A401D03218843C719AF4206D90E480C490092EF224B
:2087C00000BF00BF009A1032AF4206D3307A022803D13668002700E0002266602781104642
:2087E000F8BD0022FBE7C046AC0806003EF30500E8FF050050080600F8B506460C274743CA
:20880000204800248470204D6868406800280CD014F000F86868001D1C490A78944206D271
:2088200000220260641C0830F7E7184802787A4390B213F0E7FF002821D005460096134C03
:2088400022787A430026314613F01BF80E48406821788E420ED2F10041184D6000218F42DE
:2088600005D06A1800236B5293600C31F7E7ED19761CEDE70098034988700020F8BD132063
:20888000F8BDC0469882002040830020F479002070B51C4C2078012833D11B4D28780128F0
:2088A0000FD11A48142113F017FC1948002606706878002804D117480670174813F0B0FC6E
:2088C0002E70687801280FD10026AE800120A87010490978012907D111F014FF26700F48A7
:2088E000006812F07BFA68780D490A78152A08D3002806D10020207008700848006812F0E6
:208900006DFA70BD1879002030780020B0760020F37900201778002025E70400BC79002064
:208920004088002070B51C4CE078012833D11B4D287801280FD11A48142113F0CDFB194869
:20894000002606706878002804D117480670174813F066FC2E70687801280FD10026AE802A
:208960000120A87010490978012907D111F0D8FEE6700F48006812F031FA68780D490A7811
:20898000152A08D3002806D10020E07008700848006812F023FA70BD187900203078002059
:2089A000B0760020F37900201778002055DD0400BC7900204088002070B51C4CA0780128F5
:2089C00033D11B4D287801280FD11A48142113F083FB1948002606706878002804D1174831
:2089E0000670174813F01CFC2E70687801280FD10026AE800120A87010490978012907D197
:208A000009F0DEFFA6700F48006812F0E7F968780D490A78152A08D3002806D10020A070C8
:208A200008700848006812F0D9F970BD1879002030780020B0760020F3790020177800200B
:208A40002DDE0400BC79002040880020F8B51C461E4D28701E4E317072701E4F3878C000EC
:208A600013F0D0FE686000282AD02A461A4D7178002916460BD13878800013F0C3FEB06016
:208A800000281ED0014628460DF058F8706800213A78914205D2058000224260491C083083
:208AA000F6E7002C00D105242046FFF7A5FE307813F058FA094810F06BFB307813F04EFB0C
:208AC000F8BD706813F0A6FEF8BDC0464083002098820020F4790020FFFF0000515004005A
:208AE000F8B5144606460D461E4F3878002803D11E480078002803D01B480078002806D005
:208B00000E2031462A46234604F020FD14E00C3108460FF07FFE00280ED03B46074614499A
:208B20004A1C964201D08E4207D110490978002903D00091922103E0F8BD197800919121F8
:208B400039700E2179700121B970BE800C30B86021462A4612F0EAF90098394610F0BAFBEF
:208B6000F8BDC046E9790020148B0020EB79002017200000FEB505460220C44305293CD8D5
:208B8000052D3AD816460F46029312F021FC3B011B49CA18516800291FD001921C4612F0E2
:208BA000F2FD02990B460C3B1D715F719E711448005B144A904213D10198C268002A1BD083
:208BC0001E46002420460D469047002D15D0002813D0304612F012F80FE012F0D4FD0CE030
:208BE0000198041D206808300FF08EFF206840680121090410F09CFD00242046FEBDC0462C
:208C0000986F0020F8FF0000FEB50293019206462048077820480078C019FAB2904213D30B
:208C2000337974792402E318B479F5792D022C192404E318D4001A191B5D55782D02EB18CA
:208C4000DD0703D07F1CE8E7002720E0012018431B0A53701070901C062212F067F9019B16
:208C6000581E83413079717909020818B179F2791202511809040818015DF5220A405900A5
:208C80005118029B5A425A41D20089180155F8B2FEBDC046D9790020E0790020F0B585B09E
:208CA0000291002842D01C4607460A9D1426284631460BF0C5FE039046430195AE1B3F6892
:208CC00010F05CF80090002E01D1039801E00398401C401C0390143C00260398B04222D059
:208CE0007868451C7D607878FF281CD004A9384610F0B3FB13F0EAF901460498816005606B
:208D0000002E07D00321017310301422214613F04DFD05E0022101730299016101994161D7
:208D2000761C1434D9E7009811F08AFA05B0F0BDF8B505461F4CA068002805D01E490978CA
:208D4000A9420BD8002426E00EF0A4FEA0680024002820D018490978A9421CD90C2169439C
:208D6000164A55186F68AE680024E1430CF0A4FA387800280BD130680E4909784A1E9141F9
:208D8000C9024A1E024202D17068884205D2094A906810F049F92046F8BD064A1179002965
:208DA00000D0074901408842F2D1012038702C46EEE7C046D4890020C30D06005002060004
:208DC00000F8FFFFF8B5224F38794007800F0CD00FF0D4FF0446387CC0060025800F15D0ED
:208DE000012804D03846183003E000252EE0384614300668304610F09BFE13F0A3F9801B21
:208E00001449884202D813F0DDFC0325387FC006800F13D0012802D03846243001E0384632
:208E200020300668304612F021F813F08BF9801B0849884202D810F05BFE02253879F92181
:208E40000140081D3871204611F0FAF92846F8BD50740020FFFFFF1FFEB50F4622490968A2
:208E6000002902D011242046FEBD1E460224002BF9D0019202909C20355C042011F082FE0C
:208E8000A842F0D830469C300578052011F07AFEA842E8D37C2013F0B5FC134D28600028BE
:208EA0001DD000247C22214612F0EBFC28684470029901708770019AC2808666C466047104
:208EC00000290ED00BF0FCFE29460546086801214170002DC7D004F001FB2C46C3E7132492
:208EE000C1E701214170BEE7C8890020F0B587B01E460F460446836FC06F009008461146AC
:208F00000292EFF7A7FE8020059420580490002101200390C5070A46002D2ED0002A06920F
:208F20000DD00598836FC06F009030460C4639463A46EFF78FFE214630463E4607462C46AC
:208F400004980440002911D0002C11D00598836FC06F0090304606913946029AEFF77AFE46
:208F600006993846039A3746064603E0069A01E00024039A21436D08CEE7384607B0F0BDD9
:208F8000F8B501220092D2070A43026043688268C56801699A60826853604B68834200D1DB
:208FA0004A60002202610868401E086010F0C8F9281D6969AB68EA689A60EA6853604B685D
:208FC000834200D14A600A68521E0A60EA6A0E498B699A4200D98A61142353430B4EF71891
:208FE0007C68AC60A168E960A1684860A0606F61F058401CF05006480068C06A824202D94B
:20900000009801498862F8BD4C800020486A0020E48A00200021016041608160C1607047A7
:2090200070B478C8194A78C2491EFAD170BC7047F0B4F0C8144BF0C3124BF0CBF0C1521E73
:20904000F7D1F0BC7047C046F0B4F0C80F4BF0C3521E07D0F0C80D4BF0C30A4BF0CBF0C1AB
:20906000521EF7D1064B1C680F25AC431C60054BF0CBF0C1F0BC7047C046C046C046C0460D
:209080002C000C4070000C4080000C4090000C40820706D18A0704D130B43CC93CC030BC5D
:2090A000704710230A780270491C401C013BF9D170477047FEB5074621480078401E022834
:2090C00001D21220FEBD1C46002B28D00E46029238460AF071FF002823D00546C06A0028C3
:2090E00001D013F097FB1C21204610F091FDE862002818D00146089A0020002A0AD0AA7C4C
:20910000082A07D10A8A0B461233887E0090384610F028F92979002E07D0062206E002200F
:20912000FEBD1420FEBD1320FEBD042211432971029A002A02D0202211432971FEBDC046FA
:20914000D0850020B0B586B004460220002C38D0618803229143042933D16168002930D05A
:209160002088012110F026F8002825D0208812F06DFB05462088618813F0F9FB002804D009
:2091800001AD294602F0A7F8AD8820880E4988420AD02189A94207D962881B20062A10D19E
:2091A0000A4A128891420CD809480078002805D0204600F0E7F804E0142002E020460EF0B1
:2091C00037FE06B0B0BDC046FEFF0000C68900206C8A0020FEB507680024002F39D00190A0
:2091E0000291BE89FD89AE4204D91B481B49882200BF00BFAE4212D3387A02280FD1019D24
:209200002846029911F085FF2F68FD89B8890026002804D012481149922200BF00BFAE426A
:2092200017D2BC19208A401D032188438619AE4204D9094809499B2200BF00BF1034BE81AD
:20924000AE4206D3387A022803D10198029911F060FF2046FEBDC0467E0806003EF3050018
:2092600044060600F8B50D46044646680FF086FD3178002901D000242FE00121317010F08B
:20928000DFFF687970706768A06805681548854201D900250FE07D20C600284631460BF096
:2092A000CFFB0097C7037043281AC00331460BF0C7FBC519009F0C4E0FF060FD0B49B160FF
:2092C000B1680129FCD079784A424A41726008490D60096831600021B16010F0B1FF20469D
:2092E000F8BDC04618FCCF070013004051E5CC1A04790020FEB502920D460646012421464B
:209300000FF058FF002825D0242013F07BFA002822D007460195054616480C30009013F0A9
:209320006DFA00280AD0134B13480178FF2901D0124A117019780170114804702E810198A5
:20934000A8720C370299002908D01822384611F0EDFD08E01420FEBD1320FEBD0021182251
:20936000384612F08EFA0098294611F009FF0020FEBDC046408300206D8A00206E8A0020E2
:20938000018B002070B5054601891B20002903D01D4A1288914200D970BD1C4E68680424B4
:2093A00021460FF010FC0346287A1870687A5870A8789870E878D8702889011D2888B042DD
:2093C00005D189B230461A460BF04AFE70BD8AB2002529460DF00EFD1F2807D002280DD039
:2093E00007280DD012280DD00028D5D108480178002901D0491E0170284670BD142070BDE5
:20940000204670BD022070BDC6890020FEFF00006C8A0020FEB51E4614460D4607460629A8
:209420000AD16188384613F0A2FA029000282ED0C168498821800BE001960A9A099902AB83
:20944000384608F0DDFB0646002826D10298019E0899017012490A78531CDAB29A4200D084
:2094600001220A700271142D04D1418861802189C0680181009638462946234603F056F99A
:2094800006460298002E04D00DF0BCF905E0022603E01E2111F08EF800263046FEBDC0461F
:2094A0001F8B002070B5002400293DD01546002A3AD0002838D16879002835D00E460888B1
:2094C000102805D0022812D11848C068282105E0032013F076FA002808D09D21405C0228A2
:2094E00004D875218900695C88421CD83088012807D008280AD0042816D10C480069007EDE
:209500000AE00B48006800685D2104E013F057FA002809D06221405C022805D87521890042
:20952000695C884200D90124204670BD8488002090790020F8B5044605467735A87A00287E
:2095400028D02068008880280AD0402822D1042924D010290DD0FC290BD0172909D019E0DD
:20956000182904D801208840134A104201D1FC2910D128781A280DD11A26204676300778D3
:20958000FF22204601F028FD012F02D1EE73FD2100E03146204605F053FBF8BD28780C3813
:2095A000C2B20F2AF6D2054BD340DA07F2D040B2034A165CE1E7C046010020010D4500003D
:2095C000DC0B060010B5002808D004462048846060680179002905D0C06905E0002010F0D5
:2095E000A3FF10BD13F002F9A0606169002901D0204688476068C06912F03AFB606881880C
:20960000827912048918FF2212020A4019235B029A4204D1001DCAB2090C81700280208806
:2096200013F014F8616809F0C5FE41B2002907D40F2805D8002803D0204613F0B6F910BDAB
:2096400060680EF0F3FE012012F061FE10BDC04678770020F8B506461B4D2027284639465A
:209660000DF0A0FC194C204629463A4612F05CFC174D41222846314612F050FC154E30466A
:2096800012F058FC1448017F427F12025118827FC07F0002801800044018806831C60F48EE
:2096A00000680C3E3146F7F751FE0D4C2060002802D0002010F038FF0348202110F088F80E
:2096C00000202056F8BDC0464C7500208877002098770020B8770020D804060048790020F8
:2096E00078790020F8B5044611F098FC002C01D11D480468251D28460FF059FFA06A0028C5
:2097000003D0204618300FF052FF184F7868401C7860154E3068844208D0F868401EF8604E
:20972000204610F021FE0FF00BFE0AE010483030294611F067FCB868401CB860204610F02D
:2097400013FE11F0DFFF3068844202D0204610F0F4FB3869002802D03068844200D0F8BD16
:2097600011F068FCF8BDC046E48A00204C800020747F002070B5044611F050FC002C01D182
:209780001D480468251D28460FF011FFA06A002803D0204618300FF00AFF184E304644302E
:2097A000294611F02FFC6020205C012803D1204660300021017011F0A5FF114D28690028D1
:2097C00005D011F02BFC0FF0BBFD11F09BFF0A4801688C4200D070BD2969002902D011F026
:2097E00029FC70BD716CEA68914202D10021016070BD01F0F1FC70BDE48A0020747F0020E7
:209800004C800020F8B50026002841D00446C06B00283DD00D46226C0026314633460FF0B0
:2098200027FC481E814133D12646443611F0F6FB2168E06B226C431E50430F180020A06361
:209840005343CA186160A760E260FF2131707170002D0FD021461831C2436161A261E1611C
:209860002162206121462C31A162E2622163616360620AE010342068002806D02046FCF7C2
:209880005BFF002801D011F0D5FB11F03BFF01263046F8BDF0B585B0029000921568280C68
:2098A00001931E68F7433F0C1D4CB443ADB22C19641C250C3E1876193504A4B22C190C602F
:2098C000012297B20298C46F651CBD421CD9300C0390BF000098C5592E0C0198C459E34380
:2098E0001B0C084604920E4AA243A9B2039C091989180A0C9B199E18320489B252180146C1
:20990000C251049A521CDCE7A0000A58521C01D0002003E0081800210160012005B0F0BDFC
:20992000FFFF000000224B1F182B39D8990001A359588F4699990400AF99040099990400CE
:209940009D990400999904009D990400999904009D990400999904009B9904009999040049
:209960009D99040099990400999904009D9904009D9904009D990400AB990400AB99040003
:209980009D9904009D9904009D990400999904009D99040099990400001D026810467047DF
:2099A0005229F9D0D229F7D0F8E70830F5E70C30F3E7FEB50124062940D30E4607461920A4
:2099C000C00181423AD81546062A37D3854235D8B54233D399087C2930D808990A292DD369
:2099E00081422BD8C8005A1C114669434900884224D938469A30007800280CD00B20400120
:209A0000381800680A2102920BF01AF8C00002996943814212D83846294607F007FC0128FE
:209A20000CD00C980B990A9B099A009101903046294601F0BDFE401E444244412046FEBD7D
:209A4000FEB504464088A188E28823890AF018FE002811D0208801210FF0ACFB00280DD074
:209A6000208811F005FF164E042809D170881549884205D01120FEBD0220FEBD1420FEBD22
:209A800020886188A288E388278900250097019502950FF02BF9002800D0FEBD2088708099
:209AA000208811F0E5FE042808D1608806490880A0884880E08888802089C8802846FEBDDC
:209AC0002C8A0020FFFF00008C780020F0B587B0059317460C46064606A920460AF02AF8EE
:209AE000002833D00546049706A8008810F000FD0E2700282BD003964668002E27D00D99B8
:209B000002910C980090019103982946049A059BB04707460298FE2819D0002F17D1287800
:209B20000027022813D168680178407800024018084988420BD10499087849780902081895
:209B400082B20398214608F07BFA00E00127384607B0F0BD02290000FEB51C46164607468F
:209B600002A8002505807889421C90B2904206D17A683B7802AD009503F088F805467A68CE
:209B80003B781548022108F003F9002807D17A683B781248022108F0FBF8002807D07889A1
:209BA00011F024FD002C00D020802846FEBD7A683B780B48022108F0EBF8002808D002A82E
:209BC000002D07D00088B04204D16889401EE9E77889E7E73046E3E7D80E0600DC0E060028
:209BE000DA080600FEB5019102901B4D85204400204606F093FC12F01FFC0AF041FE1749B4
:209C0000174808F00BFC074601202860154E00251548356070601548202112F05DFA019816
:209C2000B0620298F06238460B4909F0C3FB0646102803D8084807F02BF9064638460DF00C
:209C4000E9FA204606F03EFC12F0F1FB102E00D0ED432846FEBDC0467C200940BC0A06007F
:209C600020200940802009407DB30300882009407CB5214EB0420BD00446022909D0012969
:209C800014D0002904D120460EF0FCFC00282AD07CBD012120460FF08DFA0028F8D12046C6
:209CA0000EF0F0FC0546002808D1F1E720460EF0E9FC0028ECD00546701C2880287AFE2822
:209CC00009D0FF280CD0687AAB78002100911422214607F05BF9284601F0A0FEFF20287253
:209CE0000020A8727CBD701C80B20EF0CBFC0028CED004807CBDC046FEFF00007CB5214E48
:209D0000B0420BD00446022909D0012914D0002904D120460EF01EF800282AD07CBD012125
:209D200020460FF047FA0028F8D120460EF012F80546002808D1F1E720460EF00BF800286B
:209D4000ECD00546701C2880A878FE2809D0FF280CD0E8780021009114221E23214607F0BF
:209D600015F9284611F02CFFFF20A870002028717CBD701C80B20DF0EDFF0028CED0048021
:209D80007CBDC046FEFF00007CB51A491A48086012F078F90CF0CEFF0CF020F800F0DAF916
:209DA00007F016FB0AF0CCFE12F0BCFB134E716908600DF067F8716948600FF019FE10482F
:209DC0000125009501900F480F49052212020024234605F061F80D4800900D487D21C900D1
:209DE0002A4623460CF0E4FE706006F0D3FD20467CBDC046508A00200DAB050040880020D2
:209E0000BC79002085F00300640E060039A904006C0D0600F8B5052600291DD017460D46FA
:209E2000044640B2002801D511F0C8FA18480078A0420DD93A462F460C3F3868002803D1A9
:209E4000A81E0178FF2909D028460FF0F1FE03E028460FF0EDFE03263046F8BD0470012A38
:209E60000AD10D48006880470A490A683A600D600A490968884703E0064829460CF0C6FDC5
:209E8000012001042046FCF75DF90026E4E7C046F80E060084790020888A00208C8A002065
:209EA00070B5002900D070BD0AF086F80028FAD0044620791021014321711B4E31680029D8
:209EC000F1D02546886D002805D00A78002A12D0CA7812070FD4C86D00281AD009780129A6
:209EE00017D12C34E96A00290FD0084612F092FC30685C3008E02C34E96A002905D00846D6
:209F000012F088FC3068583000681C210FF080FE206030680028C6D0C0784007C3D52879EB
:209F200002210143297170BDC8890020F8B500281ED00446C06A1D4F3968C96A884212D25D
:209F4000A169002904D43968C96A0A22511AA161616914267043164A101881420AD038680D
:209F6000C06AE06220E0E06C3968C96A88421BD30020F8BD251D28460FF019FB3868C06A3B
:209F8000E0620C498A69904200D988614643084B98194168A1608A68E2608A6855608D60A4
:209FA00060619859401C98510120F8BDE48A0020486A00204C80002010B5002840D0044641
:209FC000406800283CD021780A46303A032A11D8910001A251588F46E99F040007A0040053
:209FE0001BA004002FA00400406811F0E1FD606808301DE0103902291DD2406811F0D8FD6A
:20A000006068103014E0406811F0D2FD6068806811F0CEFD60680C300AE0806811F0C8FDB4
:20A020006068006811F0C4FD6068001D00E01430006811F0BDFD606811F0BAFD00206060A2
:20A0400010BDF0B588B007930692802202908058020C019280B2009000231F461A46029833
:20A06000C06F82422CD2069820C80690280C05910799049204C90791110C0391ADB2009CC2
:20A0800021466943BFB2C91992B28E18320C274647439CB23C19A218140C01994D43039BF6
:20A0A000EB1892B29A18130C48432018C7183B0C10040599B2B28018049A01C1521CCEE76E
:20A0C000B8B21A041018086008B0F0BDF8B505460F271446BC430CD017401009002B01D133
:20A0E000002F1DD02E46024628460D46FEF7A0FF02E02E460D461746002F25D0281931197E
:20A10000124A134644335432002F1DD00C7814701C7804707F1E401C491C521C5B1CF3E744
:20A12000202A08D3421E28460E46FEF781FF103C2D19361900E00E46044805490160012230
:20A1400028463146FEF774FFF8BDC0462C000C4028002A01F8B512F0BDF9194D284611F0F2
:20A1600027FC18202873174828617D20C000322129606860144E012420462946B047134F4B
:20A18000386000202946B0471149086003202946B0471049086002202946B0470E4908604E
:20A1A0003968002909D00A490968002905D009490968002901D0444244412046F8BDC04651
:20A1C000D8760020890D0400614904002079002030790020287900201C790020FEB50D46CB
:20A1E0001D49884212D009F0E7FE002824D00646801D7279002400940121114002AA23463F
:20A20000FBF782FC002819D015241DE015240026124F387D864209D2F0B202212A4606F044
:20A22000D5F9002800D00024761CF2E7002D10D00B480AF0A5FC0CE014240AE002A800789E
:20A2400002212A4606F0C2F9002D02D0304611F0B9F9E0B2FEBDC046FFFF00002081002080
:20A26000C5B50500FEB51A4810F00CFE0446000627D012F033F90190E0B202900025029857
:20A28000854219D20F273846684313490E180C246C4301980019801C09F0E6FB0146304667
:20A2A0003A4612F083FA0D4908190E510C4941600C4981606D1CE2E70648029910F034FF2F
:20A2C000FEBD094A0020014612F005FBFEBDC0465FB80500A00C0600A88900201878002077
:20A2E000D1980500F70E06006D030600FEB501901D48C5781D4807780024F8B2A1B28142C1
:20A300002FD2EEB218488078864221D0002102AF042330463A4610F0B9FC3878782817D0B0
:20A32000FF2801D07E2803D17C2130460CF066F90D49CD700C2070430818808BC8800199BE
:20A3400040180B4988420DD3782130460CF056F9641C06480778701C39460AF071FB0D463C
:20A36000CBE7FF25E8B2FEBDF86F0020D479002001080000F8B513460C4606461948002789
:20A380001F22394610F07EFD0546000628D11648FF43394610F076FD384607F005FE2046C8
:20A3A0000DF07CFF0520064204D01048FB21104A10F068FD0A27374008D00E4800900E48F5
:20A3C0002921CA001B21FB2310F05CFD3007800F01D0FDF77BFD002F02D020460DF04AFF06
:20A3E000E8B2F8BD01D704007197050025A205004808000068420000C98C0500F0B587B029
:20A4000004460079617909020818A179E27912025118090408180690207861780902081823
:20A42000A178E2781202511809040E18356870680590374608378CCF143643CE009701AF36
:20A4400043C728460599069DA8472178627812025118A278E3781B029A1812045118086039
:20A46000083C20780CF09EFA044601200EF0D2F9002805D0014642200870204610F051FA69
:20A4800007B0F0BDF8B501461F4C20683830102210F04CFD21684878042803D1032048706A
:20A4A0000020F8BDCA78120707D4084608300A4618322831F9F746FE1AE0022821D1283175
:20A4C00010220846114611F0FBFB2368586F996F20301D4618351A4628329E687027DB5DC5
:20A4E000DE4080273743009581233B40FAF788FB0DF0CAFC411E8841C000216805224A70E0
:20A50000F8BD0820F8BDC046C889002010B50246037800201C46903C042C0DD9012B29D021
:20A52000A02B33D0A22B29D0B02B2BD0D02B24D11046F9F77DFE10BDA30001A4E3589F46CB
:20A5400055A504005DA5040065A504007BA504006DA5040010460DF011F910BD104607F038
:20A560008BFC10BD10460DF01FF910BD10460EF063FF10BD10460CF085FF10BD10460DF0D6
:20A5800029F910BD104607F06BF810BD10F05EFD10BDF0B589B01C4615460891064611F0A6
:20A5A000E9FF0746002834D107940E9CF0B212F00DF806465B20800037183089397A7A8946
:20A5C0003B460C3306940094079C0190029103920493304608992A462346FFF7EAF90028A9
:20A5E00001D012270BE030469030089939807D80BC800699F980058044808180002730687C
:20A6000000888038411E88410101FC22304600F0E3FC384609B0F0BDFEB51D46019202904E
:20A62000089800901426084631460EF0CCFA044600273946324611F024F9002D01D0012181
:20A6400000E00221029D019A009BA174E27427720320A073D800E37B0343E373901DA08148
:20A660006720285C012813D128469A300078002809D023461433101DE07410460A30A0812F
:20A68000284603F0DFF8A86E21460CF06BFE04E0A86E0C3021460EF06DFC0020FEBDF8B514
:20A6A0000D4601460220002A3BD0002D39D0144611702878507068789070281D12F030FAE7
:20A6C000E070287A20716A7B01200090024062716B7B02210B409B1863716E7B042216400C
:20A6E000F61866716F7B08231F40BF196771687BF0263040C0196071287B009F3840A07173
:20A700002F7B0F403818A071297B11400818A071297B19400818A071297B31400818A07145
:20A720000020F8BDF8B5022600283CD00C46002939D0054640782070A8786070201DE97896
:20A7400012F0F0F92F7927726879217BC207D20D51184208D207920D89188208D207520D1A
:20A76000C308DB071B0D891800090003C9180818A081A979FF2290434018A081042010F082
:20A7800001FA1226B8420ED8257A052010F0FAF9A84208D32078042804D86078012801D8B0
:20A7A000002600E018263046F8BD704770B50446456C4820265C6069002800D070BD0F204C
:20A7C00006402079082801D002280ED1012E08D0206B16490860606B4860A06B8860E06B86
:20A7E000C8602046203010F00DFD012EE6D0204648300078C0060BD4204620306968EA68B8
:20A800000CF08BF9002809D10320C043606105E0686821462031EA6811F0C8FF20340022D2
:20A82000102120460B460FF055FC70BD90000C40FEB50192029106461C4801781C480278F7
:20A840000F46F8B2CBB2D4B2E31883422BD3337974792402E318B479F5792D022C19240447
:20A86000E318C400185DC0071BD01819811C062202980FF0BDF90D4909780D4A12780028CD
:20A880000FD0307973791B021818B379F5792D02EB181B041818005D8007C00F019B9842B3
:20A8A00002D07F1CCDE70027F8B2FEBDD9790020E0790020F8B514460E46054601291BD144
:20A8C0006079C0210140402916D11A4E30780127C1B2FAB28A4229D81E2151436A5CFF2A47
:20A8E00008D06818C11D062220460FF081F900281DD130787F1CEBE70E4800780127C1B287
:20A90000FAB28A4212D81E2151436A5CFF2A0BD0B24209D16818411C062220460FF068F99F
:20A92000002804D1034800787F1CE8E7FF27F8B2F8BDC046047A002010B51B48006811F033
:20A9400067FD1A484178012905D08178012902D0C178012913D117480178491C0170164C2D
:20A96000207801281AD113488078022814D11048807900280BD001280ED1022008E00078EB
:20A980000128E8D00A48007A0028E8D0E3E701200121FA2202F026F800202070054881680B
:20A9A000491C816010BDC046B8790020187900203078002040880020D3790020F0B589B082
:20A9C0001C4615460F4606461B211C4A06ABFCF751FB089000281FD00246049705950F9DAF
:20A9E00007A8831C06A80088FF21002700970190029130462146A8470546002816D16089C2
:20AA000007A908800498C00708D10E9B07A93046059AFDF70BFA06E015270CE007A9304627
:20AA2000059A02F037FE0546002804D007A81B2110F0EEFF2F46384609B0F0BDFFFF0000DA
:20AA4000FEB50D4604461B4E1B4FA06E4168002917D00A7A022A14D1001D8A7B5218D27B9E
:20AA6000032A09D00F228956002905D53178491C31703978491C39700EF06AFA01F0CAFE34
:20AA8000E3E73078002813D00C490978884205D2012D0DD10A490978002909D0A27902A91A
:20AAA0000A8001AA1080012007F062FB00203070FEBDC046FA790020FD790020FC7900201D
:20AAC000FB790020FEB5002836D00546007811F0E8FB002830D002466878042815D0194C94
:20AAE00001921746443702AE022130460EF0C4F9308839880A4642402242F4D00F2212032E
:20AB00001140204008183880019AE8782979090208180DD1506E007D80210143832907D063
:20AB2000D07F800604D4907D8009401E012804D8D07D18210143D175FEBDD07DE72101400E
:20AB4000F9E7C046FF0F0000B0B5002928D00C460546400819490140681A1949820808403D
:20AB60000A408018010940181649014016484843000E022814D2082D00D8082508346019FB
:20AB8000F9F7CEFF00280FD001466A1E28180A4210D06A421040083888420CD228180AE0A8
:20ABA00007F0FAFC162102E007F0F6FC0C2101600020B0BD083812C00030B0BD5555555588
:20ABC000333333330F0F0F0F0101010170B504460078C3069E0F022E03D0012E05D1231DC4
:20ABE00001E0234608331D6800E00025002A01D1042300E00823002A01D1012200E00222F5
:20AC0000E15010432070204602F0F8FB002E0AD1207818210140082901D0082000E004208C
:20AC20002058A8420ED0094D287906210140042908D1FEF7C7F8044628680121090509F0B8
:20AC400055F900E00024204670BDC04650740020F0B58BB005920D4606461D4F3C68002BD4
:20AC60000FD0A06E01780AAA1170417851709521405C907020781834002812D008A806A920
:20AC800011E0E06E001D11F04BFF3C68E16E0A780AAB1A704978597098702078383400289B
:20ACA000ECD006A808A907F019FE00280ED13868406F8030039406A9029108A901910AA996
:20ACC000009131462A46059BF7F7D4FB0BB0F0BDC8890020FCB5079D1D4C266887681D4C22
:20ACE0003C40871B80263E40019305D002270F43062F01D1012739432F01103F3C430C4336
:20AD000003272B46BD0627462F40AF42009306D0BD0EAB409A180027FF43AF40D219026092
:20AD2000A20F022A01D9019B0FE002252943062904D10346002E07D18C3306E0009B9340D8
:20AD40000199C9184B1E00E00C3343608460FCBD0860024008C0FFFF70B5044605681B4801
:20AD6000066828460EF034FC30072DD5184820210160EA6B501E0E280AD82B4630330BCB09
:20AD80009B1AC018C9180123FFF7A0F90020E863284620300FF006FE4820285CC00601D4DF
:20ADA0000020E876284607F041F8287E022803D108480EF039F970BD284648302A6C6E6CD0
:20ADC000696903782046B04770BDC0460C010C40046502400471002070B588B00C46012528
:20ADE000C80303D4E00710D100242BE02E041748007801F0D5F9002805D0054602F01EFAA0
:20AE000028460EF015FF74401CE008F03BFC104A1178002807D0002905D00C480078012105
:20AE2000FBF790F90DE000290BD05078FF2808D002AB19700022009201930649652308F092
:20AE4000FDFB6C40204608B070BDC046F17900206C8A0020FFFF000070B50C461D49097801
:20AE6000814233D911F0B2FB0546407900282FD0FF20E6302818AF2149006A182946383142
:20AE80006B6A23701E0EE6701E0CA6701B0A63706B8E23711B0A63710B79A3711288E27185
:20AEA000120A2272097861720078A07420460A3029466231052210F039F80F342835032243
:20AEC0002046294610F032F8002070BD1E2070BD022070BDF6790020FEB5019314460291A9
:20AEE00005460EF0C5FB0746194EB08B002804D0F18AA21C8A420CD00FE00921154A0023E2
:20AF00002846FCF7B7F8B06100281FD0A01CF082B08B21183A1F914201D90120FEBDB1695B
:20AF2000421CB283019A0A54100AB169B28B531CB3838854B069B18B4018029922460FF0E4
:20AF4000F5FFB08B0019B0830020FEBD1120FEBD40830020FFFF000010B51C48007811F02C
:20AF6000A0F91B490A68917C012915D1116A4B78032B11D80C219B0001A4E3589F46C0465D
:20AF800091AF0400C7AF040091AF0400C7AF0400526A5278012A16D00E490968CA7A012A67
:20AFA00003D14969097801290AD000280AD0416E002907D0007A012804D1887C002801D060
:20AFC0000C2100E00021084610BDC046D87900209088002094880020F8B5002811D017462A
:20AFE0000E460546044677341948006880470246FF2F0AD12670A07A002819D10120A072E7
:20B0000016E000200FF090FAF8BD7720812804D0295CB94207D0401CF8E7A07A411CA172AC
:20B020002918773101E0291877380E70000602D1763500202870A07A0A2804D300201446FF
:20B040000FF072FA22460348016810468847F8BD888A00208C8A0020F8B5CF214900465AA1
:20B060002536B1B21A4CA28C8A422BD2216880791C22424388180830164FB84720461C3082
:20B08000B847254614352846B8470027102F05D0E019406801F0BEFB3F1DF7E7A684002680
:20B0A000102E0FD0A719A08C06F014F97860002806D0A18C0BF0D6FA796828460FF02EFE3C
:20B0C000361DEDE7143420460AF0F4FAF8BDC046108500205DB40500F8B50D4604461B4880
:20B0E00047691B4E3068001D0EF061FA601C17D1002D15D0174801464431826C33689A6015
:20B1000093683468E36033681B1D9468636033681B1D936032685161416C491C4164F8BD45
:20B120003C19306844600B4805D380683168091D0CF01BFAF8BD40683168091D0CF015FA74
:20B140000249086A844200D20C62F8BD4C800020E48A0020747F00201CB5044680780828A7
:20B1600024D0052820D1A08810F082FB0146012004291FD11649097801291CD115480168D6
:20B180000120002916D08969002913D001A88847019801210170A188C180E189018208304E
:20B1A000A11D08220FF0C2FE00201CBDA088A179FCF746FD1CBD074909680029FAD0CB68B7
:20B1C000002BF7D0A088A11DE28998471CBDC046358B0020CC890020B0B51B4C606A00285B
:20B1E00002D00120A062B0BD18480021A162184D2968096B0A68824208D14A68824205D1A4
:20B200008A68824202D1C968814204D028682968343110F0E5FFA069142141430D4A5118F1
:20B22000401C0A681439401E002AFAD08A6952688A610B461C33934201D152688A61D168E4
:20B240002960A061B0BDC0464C800020A5A5A5A5E48A0020486A0020F8B50446066CC26F77
:20B26000900087190837616DA56D304610F05CFDE16DE26F384610F057FD20463946F1F772
:20B280009DFAA36FE06F0090284631463A46EDF7E1FCA06F61680EF08BFAA16FE26F2046DE
:20B2A000FAF758F9216F012220460FF048FFA06E226FA36FE16F00912946EDF7CBFCA16E32
:20B2C000A26FE36F2846EDF71FFEA16B20462A460FF083FAF8BD7047F8B516480078002827
:20B2E00026D115480768154D01262E6000248460EE601348134922460FF0DFFE12481B218D
:20B3000001606E60114D2846283010F0A7F8AF610F483818E8616C70AC70064806700DF082
:20B320002DFD0446E8690EF0F3F920460EF088FFF8BDC0467786002004210240542002407E
:20B34000C075002011BB040044540240747F0020FFFFBFFFF0B585B01C4616460F460546E7
:20B3600000920193184804A92A463B460CF048FA002801D0049824E0002D1DD0039502A876
:20B3800007808670FAF7BAF9002C1AD0002818D16D89002D10D00C2011F034FA00280FD000
:20B3A0000146002008608D808C60084A1368002B04D01A461B68FAE7022002E0116000E0E0
:20B3C0001320C0B205B0F0BD55B30400E88A0020F0B585B00D46064600200090194A012417
:20B3E00019490223204601F051FC002827D0074602951D210425002430462A462346FBF753
:20B4000039FE0490002819D07A8903A90A804D8001220270049844700498FF22827004981A
:20B42000C27030462246029BFCF700FD002806D00546049801F0EEF92C4600E015242046C1
:20B4400005B0F0BDDE0E0600FFFF0000FEB516460D460446184F387808210BF0BDFA0028D4
:20B4600001D01620FEBD154A15480188914205D01120A1421DD13978B1421AD128886988EB
:20B48000AA88EB8809F0FCF8002813D00027042000A9C1C10B4B122120462A46FDF7BAFF8D
:20B4A000002806D1064A1188044B994201D114803846FEBD1820FEBDE6790020FFFF00006B
:20B4C0002E8A00206D91050010B5032824D002282CD11A4800681A4C012122460B4610F07B
:20B4E000F4FE002822D12078FF2803D1012010F065FE20786178AB2806D1CD2904D0022021
:20B5000010F05CFE20786178AB2814D1CD2912D1032010F053FE0EE00848006808494A1CFE
:20B520000221012310F0D1FE002804D001201421FA2201F057FA002010BDC0467479002045
:20B540005E760020F0B587B00546194C194E316800290BD118480090184A01200223214667
:20B5600001F094FB0146306000281FD0124F3A88FF200390022002900020019006A80090E5
:20B5800005AB2846EFF7BAFC002808D105A80288002A04D030684189284604F0B7FB3068AD
:20B5A0003A8800232146FEF7D7FA306007B0F0BDFFFF0000B08A0020567000200609060032
:20B5C000B0B50446808808F0F7FC002812D0817C042906D1A28815494B889A4201D1144A57
:20B5E0004A800AF013FDA07812490978A288A37908F020F90D4D2878002805D00EF018FA25
:20B60000002801D0002028700B480088A188884201D10EF02DFB6868002805D04088A188F5
:20B62000884201D107F09EFFB0BDC0462C8A0020FFFF00000E850020FE8A002010B502462B
:20B640000078D02811D0A2281AD0002491281CD15078052820D03E2823D00F2825D00E287B
:20B6600013D11046F3F784FE0EE09078012413280DD0122809D150685178FCF7D6FB04E0B4
:20B6800050880C490BF08AF80446204610BDD07851680FF0C7FBF8E71046FFF791FF0124E1
:20B6A000F3E71046F1F7CEFEEEE7104600F0C4FCEAE7C046FFFF0000BFB50546448801A8C2
:20B6C000294601F083FD029900290CD001A84088811F02290AD3042808D0052819D101A80D
:20B6E00003F040FF1AE0012818D01CE0011F0C2048430F490A5A002A10D00818807801A9B2
:20B7000009F0BCFB002809D101A8408804280AD1BFBD01A811F035F90028F9D0A868002882
:20B7200001D001F077F8012120460DF05DFBBFBD9873002070B50446807910F01BFF0028AA
:20B7400000D070BD0B204001261816480068804705467079012809D1A07909F09FFC307928
:20B7600001280CD000200EF0DFFE08E03079002805D1012030711221204603F061FA7079A8
:20B7800001214140717130684208B320400023180548214610F0F4FC04480168284688475E
:20B7A00070BDC046888A002035B704008C8A0020FFB50093029203900A9D09980190002790
:20B7C00018483C460C2F05D0EA5B824200D0641CBF1CF7E70027E2B2FEB2964207D27300D6
:20B7E000EB5A834206D08B4204D87F1CF3E7200602D113E096420FD10398884205D001204C
:20B80000009A002A0BD08A4209D802980199081A80B20549884201D9012000E0002004B08D
:20B82000F0BDC046FFFF0000FE7F0000FEB5014602200291002931D01A4C217800292DD0DC
:20B840001626009601914E4317340025002E21D02746163F384602990FF044FB002803D050
:20B860006D1C1634163EF1E70198401E0290854205DA163E38462146324610F09BFF009AB5
:20B880001046029E7043074C2018401C114610F023FC26700198854201D20020FEBD0120DD
:20B8A000FEBDC0463F820020F8B51C4DFF2420460EF00CFF2868042188432860E0430EF015
:20B8C000F7FE2868082188432860154804680AF011FB0546002C18D0264624680E20375E7E
:20B8E000BD4203DD0C20375EBD42F3DB0C4831460CF0C4FD002030750094B46832692846D5
:20B9000039463346A047009CE4E708F065FC034A50680C2101405160F8BDC04648600040C1
:20B9200054780020F8B50446194E3068002C2DD0A0422BD00FF072FB60691649443188424C
:20B9400022D1A06A00281FD1251D28460DF02FFEE06A11498A69904200D988611421414314
:20B960000E4A53185F68A760BA68E260BA685560BD606361094B5A58521C5A503168C96A30
:20B98000884201D30FF056FB0FF0BCFEF8BDC046E48A0020747F00204C800020486A0020E6
:20B9A000FEB51E4614460D46074610F03FFFBA6BF96B8A4201D3022E28D10194029045205A
:20B9C00029463D56ECB2B86B3846324600F08AFDFF2C08D01048C0680126A84214D945373A
:20B9E000601C387010E0786A012600280CD024373846FAF7A1FE0199002905D00028029863
:20BA000005D001260E6002E0029800E0002610F083FF3046FEBDC0464C800020F8B504469E
:20BA20000546243508300EF02EFFA078192801D017281BD1207B012810D12069002815D06F
:20BA400000260827217D20698E420DD2C059002801D000F0DFFE761C0C37F3E7A0690028FC
:20BA600004D000F0D7FE01E010F0D4FE0022A270FF2666722A706878FF2804D02188009299
:20BA80007D2305F083FA6E700C340021182220460FF0F7FEF8BDFEB50C4605460127F94358
:20BAA00020680078082801D0022808D102912E683046214609F0D0FE002802D0FEBD481C9C
:20BAC000FEBD30460DF094FD0028F7D1314628314878002807D0019130680FF03DFC00289E
:20BAE00011D0B776019934620F70301D029021680195029D8DC98DC5002070610198214653
:20BB0000FBF7B2FEFEBD0020F0760298FEBD7047F8B50126184806600DF030F917490968A5
:20BB2000174A567000259570D4690F1B0EF088FBAF4207D32C197F1B3046214603F0ECFE68
:20BB40000546F5E70DF01AF906460D4FB878012804D10020214603F0DFFE0546094885421E
:20BB600000D3054628190DF0D3FD00207870BC6130460EF065FBF8BD5420024004210240CE
:20BB8000747F0020FFFFBFFFB0B50D460446406810F0B9FBE067A26A8100091D53185918A2
:20BBA00022666366A1660C2141430C31104610F093FA206EA1680FF08BFA606E29460FF005
:20BBC00087FA606EE16F491C0FF00CFC002801D0E72013E0236E626EA16E2046FDF75AFE45
:20BBE000012807D1A06EE16F89004058002803D0172002E0E82001E01620C043C0B2B0BDB0
:20BC00007FB504460020002C2DD01E460D46002B0AD07168CBB2FF2B0DD0144B1B6DAB4270
:20BC20000BD0C0291FD008E000200190C043029001AE0120307280207060A8000C490C50E8
:20BC400062603068A06025600A4928460BF0B4FE3179284602F0C8FE307A002802D02846B5
:20BC60000CF06CFB204604B070BDC0464C800020007D0020C5820500F0B585B016460446BF
:20BC80001D68002D05D0286803F05CFAAE6028681DE01F4600910C200EF0EEFA00281FD08A
:20BCA0000546019402AC204610F0C4FA00202070039004950D48019922460EF081FD28609B
:20BCC000002810D000996960AE603D60019C214610F02BFE286802F0BFFD002005B0F0BD62
:20BCE0000320C043FAE70FF069FBC04671C20500FEB51C46154602910646002A02D1002030
:20BD00000EF012FC3746C037154800688047019030680088402805D0802808D10FF069FD43
:20BD2000002002E00FF065FD8020387102E000200EF0FAFBD03630460BF04CF9601900909D
:20BD4000384602992A46234604F00CFB0446B86B401CB86303480168019888472046FEBDD5
:20BD6000888A00208C8A002010B5144C6478002C01D00C2010BD124C6478A40601D411207A
:20BD800010BD04461B3CE02C01D80E4C20800F4C0F48081880B2A04201D20E4801800A4874
:20BDA00011461B39E02901D80B490A80181881B20020A14201D209490B8010BD9C78002001
:20BDC00026770020CC790020B8FE000049410000B8FEFFFFCE790020C8790020CA79002022
:20BDE000F0B587B0059005A881800425002B2DD0002A2BD01C4605A86B4611461A4603F044
:20BE0000CDFE0546002821D1124E7068002802D08047002819D02436304610F0C3F96F46A7
:20BE2000002238462146EFF7C1FB0546002808D1B989002905D06846007C08F0C1FC0548A1
:20BE40000578304607F0D2FC00E00B25284607B0F0BDC046F082002080B5032818D002283E
:20BE60000BD0012820D115480079C006800F022822D0032818D131201CE01048007FC00688
:20BE8000800F401E03280FD2C002010A0D4809E00A48007CC006800F401E032804D2C0025A
:20BEA000010A0748C84005E007480849832200BF00BF8020C0B280BD3220FBE75074002011
:20BEC000383A390034363500D2030600BCF20500F0B58DB009F00EFA00282DD10CAA0124A6
:20BEE00014700BAE022737700AA9019103200390087009A9029104200690087007A8059007
:20BF00000521049101710D4807900D4D00202146A847204621463246A84738462146019A84
:20BF2000A84703982146029AA84706980499059AA84704480FF01EFB0DB0F0BD01020304E4
:20BF40000D800400EC8A0020BFB50B4617490B7001281AD0022824D1142B20D8144D083513
:20BF60001423284611461A4610F020FC114800681149FF2208230093019202910F4B0024AB
:20BF800029462246FAF794FC0CE0142B07D808481C3011461A4610F009FC002402E01824A5
:20BFA00000E00224204604B0B0BDC046DD7900208884002010790020211A05008C7D00203A
:20BFC000BFB50546407913280AD0122827D102AA00201080688829790EF01CFE01241FE078
:20BFE000012420460EF0CEFD02460F480078082108F06AF8002802D00A200EF095FA2889F1
:20C0000000280DD0094D2988094842888388C08800903B2009F09AFA0648288000E0002434
:20C02000204604B0B0BDC046E67900202E8A00208C780020FFFF000080B501468288154817
:20C04000824220D01448824212D0144882421ED113480088134B98420AD013480268012040
:20C06000002A13D01268002A10D00C48904780BD0E4803680120002B08D01B68002B05D05F
:20C080001046984780BD084610F06BFC80BD002080BDC04644200000192000001320000009
:20C0A0002E8A0020FFFF0000E08A0020DC8A0020F0B585B001920E46009002AF38460FF01B
:20C0C000AFFC80200390114C20462830104A114D14213B46A84740200390204644300E4AE5
:20C0E00017213B46A8470020039060340B4A162120463B46A8470A48066000994160019963
:20C10000816008480E21016005B0F0BD0C7E0020FDB4050001BC0400E9B40500D5B40500AB
:20C12000E089002014540240F8B518480578AC00204610F067FB164E3060002803D0214678
:20C140000FF0CAFF02E000200EF0EEF93668002E18D01048002707600EF080FA0EF0F2FE30
:20C160006C00204610F04EFB0B4D6860FF2221460FF076FEF843E86000F0A6FC07480168BC
:20C18000891E016070427041F8BDC046F80E0600B07900208479002038890020807900200D
:20C1A000F8B50746012004041848006880470090174800263546016800290FD008460C383A
:20C1C000827ABA4203D1002D0A4601D00EE02A46002A00D031460E461546ECE7384621460F
:20C1E00008F02EFD002D05D1002508E038462146F9F7A8FF06482946324607F0D3FA05484A
:20C200000168009888472846F8BDC046888A0020847900208C8A0020F0B587B01E46174603
:20C220000691044616200CF0F5FA00282ED0054611980590109804900F9803900E9802909F
:20C240000D9801900C980090D02028706C700520A870EF70281D002E04D0062231460EF090
:20C2600065FE03E0002106220FF00BFB00986881019828730298E8810398288204986882A7
:20C2800005982875069829460DF024F807B0F0BDFEB504460C3002901A48426A521C4262EF
:20C2A00027692068084320600020019002998F421DD0384688CF1A4611490A4025682946BC
:20C2C00011405E0102D40029F0D001E09142EDD10B49491C0B4000D11A46019911430191C8
:20C2E000012149060D432946FCF74AFEDEE72068019988432060F7F79DF82068FEBDC046D5
:20C30000FFFFFF004C800020FEB514460D46074610F08CFABE6B002E17D000940290442039
:20C3200038560190C4B2384629460DF00DF9701EB863FF2C0BD01148C0680125019A9042B5
:20C3400016D94437601C387012E0002511E03869012500280CD010373846FAF7EDF9009947
:20C36000002905D00028029803D001250D6000E0029810F0D1FA2846FEBDC0464C80002037
:20C38000F0B5441C00780023082B30D02578C6070FD166782D0137097F190F253540ED1CEA
:20C3A000122D0BD102256657F5B2002E08D4E61C0CE0641C4E1C0D70314615E0A61C06E064
:20C3C000261DE4787F221540E20155191235094A97420ED0FC43002D05D00A5D4F1C0A7099
:20C3E0006D1E3946F7E7344640085B1CCCE72046C7E7F0BDFF0F0000F0B593B016460191C4
:20C40000044602A830210FF067FE27683D4684353C4620340121204609F0CCFA002E04D089
:20C4200002A80199324610F0C1F9384688300E9002A80F9010901194E86810301290286862
:20C440000EA90DF01CFE0026002801D0F6430BE0EA6802A938460F4610F0A8F9E8680321E6
:20C46000884338182EC82EC4304613B0F0BDF0B587B014460691D921490003904018049044
:20C4800000260296200425D004980188A0B2884200D30846C5B2284610F030F800281BD043
:20C4A00007460596069E31462A460EF03FFD76190696641BA0B2414241410598461CC3B25A
:20C4C000581E834108010090039839462A46FEF7A3F8D7E7029803E0812005F0FDFD07207D
:20C4E00007B0F0BD70B515460446866B026C002A18D0002D1DD0E06810F058F9206CE16815
:20C50000091AE1602268914203D24042A1680818E060A81E41424141701E324682410A40BC
:20C52000B61A02E02068002811D00020711CA16370BD606810F03AF9206C616809186160A8
:20C54000A26800209142F1D321686160EEE7A06802F0D4FC0021A160E8E77047FEB50CF0DA
:20C560000DFC04461348007800281FD1124FB8683D68A900114A88506E4630460FF050FA08
:20C5800078680190012737720D480E4A29463346FFF736FB0C4800218164032101600B486B
:20C5A000016804220A4302600248077020460DF047FEFEBD178B0020580C0600C453024094
:20C5C0006C750020E55305000060004000580040F8B51E46174605460FF096FD022801D19E
:20C5E000122402E00224032F01D92046F8BD012F02D1002E06D1F8E7032F01D1002EF4D0F9
:20C60000032F14D10021052230460DF087FC002802D070798006E8D0FF21062230460DF0E9
:20C620007DFC0028E1D1707980090328DDD3681EC1B20B29D9D840B201490C5CD5E7C04616
:20C64000310C0600F8B5174E00243470164F387801210D03294609F0B9FD3878294608F041
:20C66000EFFA124800680BF0A5FE0FF073FF05460FF074FF0146284607F028FB05F0C4FDBE
:20C680000B4D2868FF210170C01D062221460FF0F8F828680D30102221460FF0F2F805482A
:20C6A0007060F8BDA4780020D2790020387900209C790020A0BB0D00FEB51B480568A804B1
:20C6C000000C10F09FF800281CD004460295A800019000273E46002520462946019A0FF04A
:20C6E000D0F820460299FDF77DFA00280CD12046ECF7BEFD064600280AD0781C092F074696
:20C70000E9D305E007250CE000200DF00DFF0325002E03D000200DF007FF0325204610F05D
:20C7200079F82846FEBDC046980E0600F0B585B01D4616460F46019017200BF013FE0028C3
:20C7400007D004460A9A002A05D0201D2946904702E013251EE0002027706670A070010AD2
:20C76000E17002A9019A0A8005224A800394001D08810A480078002803D002A8FCF702FE08
:20C7800002E002A80BF054FB0546002802D0204600F040F8284605B0F0BDC0466C8A002004
:20C7A000F8B50D46C0B20FF011FF0446E8B20FF00DFF064661794079002915D0002815D00F
:20C7C00020684068C56930684068C769284639460BF044FB00280DD07720800030580C496B
:20C7E0000840C11928460CE0002801D00020F8BDFF20F8BD7720800020580549084041199C
:20C8000038460BF02BFB014640424841F8BDC046FFFFFF7F70B5002813D0054617480068AE
:20C8200080470446164E306800280BD0284602F029FF012806D113480168204688473068CF
:20C84000804770BD301D00220068002811D0114603460833AB420246F6D882889A18AA427E
:20C860000246F1D30268002900D1311D0A600FF0D1FF044801682046884770BD888A002078
:20C88000548A00208C8A0020F8B50446054644350EF0C4FB00956E7825462435164F70B226
:20C8A00001280BDB2868002808D02846F9F744FF002801D00120B862761EF0E7FF25009ED7
:20C8C00075700EF01FFF0EF0A9FB3678103470B201280BDB2068002808D02046F9F72CFF89
:20C8E000002801D00120B862761EF0E7009805700EF008FFF8BDC0464C800020B0B586B045
:20C900001A4D2868816E22228A5C002A05D1C26E5278012A01D1022026E04A78002A11D01B
:20C92000806F8A1C02AC009400230146F8F768F92868806E1230102221460DF059F9012895
:20C9400011D12868C16E4978002906D1806E2330002110220EF095FF2868283010210FF037
:20C96000AFF9002000E0042006B0B0BDC8890020F8B5002818D00446C26C8A4200D80A462E
:20C98000E06A904210D0216D01290DD1E262A169002902D40A21891AA16161691426704331
:20C9A0000E4F3818814200D0F8BD251D28460CF0FEFDE06A0A498A69904200D9886146432E
:20C9C000B8194168A1608A68E2608A6855608D606061B859401CB851F8BDC046486A002050
:20C9E0004C800020F8B514460D46022805D0012810D1012D0FD1152502E0012D1BD114256B
:20CA0000012128460EF0D0FC0FF0F9FF002128460EF0CAFCF8BD0027AF42FBD2152601217B
:20CA200010F03CF80FF0EBFF002110F037F80FF0E6FF7F1CF0E70027AF42EBD21426012102
:20CA400010F02CF80FF0DBFF002110F027F80FF0D6FF7F1CF0E7F8B5164604460F7A7807F8
:20CA600007D478060BD4F80612D4790002208843F8BD30460EF06CFE0146012204E03046DD
:20CA80000EF066FE01460022204601F08BF8F8BD0D4630460EF05CFE014604200740204603
:20CAA0003A4601F07FF8002801D00820F8BD30460EF0C3FE002805D003460A22204629463C
:20CAC0009847F8BD0E20F8BD7FB500242046F1F7BFF9012007F094F802200DF079F803202A
:20CAE000FAF718FA042528460EF058F80526304607F026FF06200BF0A9FB072021462246D6
:20CB00003346FBF7A3FF0094082031462A462346FAF73EF809200FF0EBFA102003AA02AB3E
:20CB2000214601F057FAE0B2092805D803A909780EF0F0F9641CF6E77FBDFEB502930E4663
:20CB400001900A9C089D206B9700A52239460FF087F9206B3818001F072188432064002E73
:20CB60000DD03421402907D07218343A137863541278491C002AF5D13F2100226254099E4B
:20CB8000092D00D30925E56400210A22521B24616161A2616462A162E5620199029A0BF0D0
:20CBA00089FE2060002E00D03460FEBDFCB5009200282CD003460078002828D01C795D796E
:20CBC0002D022C199D79DB791B025B191B041A190192951C002484421DD0E600019A971948
:20CBE000965D7F783F02BE19F7070DD00027062F05D0EB5DCA5D7F1C9342F8D004E0B207E3
:20CC0000D20F009B9A4205D0641C0835E3E702480078FCBDE0B2FCBDD979002010B5044619
:20CC20001648006800280BD0C08807F0C5F9002806D03421415C204608F064FF04461AE039
:20CC40000F480078002C09D1022807D30D4910310D4C002022460AF0DBFE0CE00221084356
:20CC6000084C1034022803D120460CF017F902E020460CF0EFF8204610BDC046C8890020D7
:20CC8000E5790020DC750020B2780020F0B585B0039302920B4604900A9800901648041DC1
:20CCA00001912468002C25D000263746A0888742F7D2A1688D196889049A90420DD398420E
:20CCC0000BD8039800280BD06868895D029A039B05F05EF8019B002802D17F1C1036E5E754
:20CCE0000098002803D00146A06840890880284605B0F0BD0025FAE73C8A0020B0B5144C80
:20CD00002178062048430FF07DFD1249086000281BD00021104A144B2578A9420AD2002913
:20CD2000154600D0551C0580438000250571491C801DF1E709480FF0F9F909480FF0E2F82E
:20CD400008480CF025FA0020B0BD1320B0BDC046E779002008790020FEFF0000DDF4030043
:20CD60000DA50500FD9C0400FFFF0000F8B51E4617460C4605460B200FF06BFA002828D0A7
:20CD800008200BF047FD002823D00146681E2A46824130463843434243410120134002465B
:20CDA00000D13A46002B00D130460A4B0B800C238B70CD708C800323042A1C4600D014467D
:20CDC0008C71042800D00346CB71034800780CF081FAF8BD913E0000E9790020F8B5184D83
:20CDE0006868002802D08047002825D02C46243420460FF0D7F90026124F3978F0B28842E2
:20CE000006D2F9F779FF297801432970761CF4E72D780D4E00207070491EB170F070B18BC3
:20CE2000F1807E2109F0EAFBB078FE2109F0E6FB204606F0DBFC00E00B252846F8BDC04677
:20CE4000F0820020D4790020F86F0020F0B589B00E9E079007A881800427002E26D01C46CA
:20CE6000002B23D0154607A802AA214602F096FE074600281AD10F48243001900FF092F9CB
:20CE80000D49C878C9880022009202AA0323F1F7BFFE0746002806D102A82946224633463A
:20CEA00006F0D4F90746019806F0A0FCF8B209B0F0BDC046F0820020F86F002010B5124CE5
:20CEC000204606F0F3FD002800D010BD0C34204606F0ECFD0028F8D10C480D490BF07AF9B3
:20CEE0000028F2D10B480C490BF074F90028ECD10A480B490BF06EF90028E6D109480A49C7
:20CF00000BF068F910BDC04628880020007A002044090600017A002058090600027A002087
:20CF20006C090600037A00208009060070B5164DE86BC0071FD1154C2C66154E3168422067
:20CF40008847201D28661348A8653168062088474020E860A96D01200143A965A96D814336
:20CF6000A96529684906FCD5A96D0B4A0A40AA65E96B0143E963012420460AF0CDFDE00318
:20CF8000E860286170BDC046481000400D0000809400000F00000380FFFFFE7F1449C87131
:20CFA000242806D813494143154881420BD816480AE00246253AD3B2032B07D250B2800067
:20CFC0000E49085870470F48401870470246403AD2B2272A04D80749414307480818704710
:20CFE00040B2002801DA0868704700207047C046346F002080841E00807C8A87400C0600F4
:20D000007FB14F0180A5688F00214A8F70B512480078400701D4002015E01C200FF0F2FB2A
:20D020000E490860002811D00D4A026008680D490D4A0E4B0E4C0F4D0F4E41608260C36040
:20D040000461456186610FF0C5F802E004200DF06BFA002070BDC046D0850020CC8A00207C
:20D060004133040001BE03007D660400613004002D89050091FF0400C9C10500FEB505461E
:20D080000220002D2ED000292CD017480078032801D90120FEBD0291162701904743002457
:20D0A000A74209D010480619701C29460DF01AFF002811D01634F3E70B4EF419601C0622EF
:20D0C00029460FF073FBE01D102202990FF06EFB0198401C307004E0F01D102202990FF0F0
:20D0E00065FB0020FEBDC0463F820020FEB514460D461849884212D006F05EFF00281ED038
:20D10000831D4079002600960121014002AA18463346F8F7F9FC002813D0152617E01526B8
:20D1200000270D48007D874211D2F8B22946224603F04CFA002800D000267F1CF1E71426C5
:20D1400005E002A800782946224603F03FFAF0B2FEBDC046FFFF000020810020B0B5022418
:20D1600000281FD0154D68608268C168002A15D0002917D00269002A12D04268002A0FD012
:20D18000006800280CD005F041FC411E04468C416968C968002807D00A4806E0002901D048
:20D1A000094888472046B0BD054888472846083018210EF091FF00202870F3E718860020A3
:20D1C000600606007C06060050FD0500FEB50446002747600879012502282BD10E46C988CC
:20D1E000042927D3B068027843781B029B189AB2121D8A421ED1718802918178C2781202E2
:20D2000052180D49114004290AD00193009291B202980FF0ACFB00280CD0B068019B009AFB
:20D2200002992180238162800321C9430BF0CBFC60603D462846FEBDFCFF0000B0B5044624
:20D240000078902821D1607801468A3902290AD26088A1880FF08DFB002816D061788B2990
:20D260001CD005211BE013280CD1A2780D490878520000239A4209D0A568ED5C4019087048
:20D280009B1CF7E72046FEF717FAB0BD0006FCD0054800780121F8F755FFB0BD0421FDF79E
:20D2A00084FAB0BD6C8A0020F1790020FCB50191FF220632811841239B00C018009007231D
:20D2C000DB431448002B23D01F460837019AD618002F02D00027FF4300E04778357A3D4054
:20D2E000CF183D740246C518687C347A04433472687A2040387208480078082802D00878BC
:20D30000000702D50220009C20705B1C1046D9E7FCBDC04626770020F5790020B0B5C0B273
:20D320000FF054F9DD2149004318425C042A04D00021022A07D1012206E019794A1E5142A4
:20D340005141022200E00A464479002C17D09B7FDB0716D177239B00C5189A3003780024B9
:20D360001046224608F0ECFA0004400B29680122D2070A40801804494018286002E0FF2421
:20D3800000E000242046B0BD581B000070B514460546174802781748FF2A04D04068164B3B
:20D3A0001B789A1880180678FF2E0FD008460DF063F90146A01EFF220270002D09D000259C
:20D3C00030462A462346FBF7D5FB08E00DF0F6FF0AE0002530462A46234601F0A3FF002849
:20D3E00003D020460CF024FC0125284670BDC0464889002038890020F80E0600B0B5044684
:20D40000007802210140C20704D1E7221040C900081826E0002903D1E7210840083020E0C5
:20D420000EF090FE6168421A520F0DD00E4BA268851A9D420DD9121A091A20781823984339
:20D440008A420CD308210BE0217808200843102103E02178102008430821884301E01021D3
:20D4600040182070B0BDC046FFFFFF1FF8B517460446006811460EF08FFE0546206800289C
:20D4800028D0002D26D00EF05DFEF969124A8E1831460EF0AEFF217901220A432271397943
:20D4A000002912D0002810D0022D04D0032D11D12046103001E020461C3000280AD0314692
:20D4C0000EF09CFF0546002804D0206802222946F2F772FFF8BDC046A0F1FFFF10B51A4C82
:20D4E000206800282DD0C16E002902D00FF0C6FA2068816D002902D00FF0C0FA2068C16DB6
:20D50000002902D00FF0BAFA2068016E002902D00FF0B4FA2068416E002902D00FF0AEFAE5
:20D520002068416F002902D00FF0A8FA2068816F002902D00FF0A2FA20680FF06BF90020FE
:20D5400020600CF095FB10BDC8890020FEB5019314460F460546FF2801D0032000E0022023
:20D560000019C2B202A8294606F044F8002823D00646FF2D0BD00299481C0290012008703B
:20D580004F703A0AC81C8A70019922460FE0019B18780299087058788A1C029248709878A8
:20D5A0008870CF703A0A481D0A71D91CE21E0FF0FDF8304604F06CF9FEBD704710B50446D7
:20D5C0000DF060FFA01D06F04FFA0346134A012000210FF080F912482221405C02280BD352
:20D5E00000242046FFF71AFB06F03EFA03460D4A022021460FF06FF902F030FEFEF768FC5F
:20D600000BF004F804F0BCF9FFF758FC0AF00EF90CF06EF90EF0E4F910BDC046F80406000C
:20D620006085002038050600FEB5960800901418241F029108460196002E0DD06778A378D5
:20D64000E17825782D063F047D191B02EB18591802C0761E241FEFE703200240032A06D060
:20D66000022A0DD0012A14D1009800780DE0009A907851781278120409020818801804E0E2
:20D680000099487809780902081801998900029A5050FEBDF0B585B016460C460546009206
:20D6A000164804A92A4623460AF0AAF8002801D0049820E003A928460AF0BFFC172801D175
:20D6C000172018E0002E12D002AF002038802088394606F02FFA38880EF03AF80146701E77
:20D6E00042424241284600F05DFA002803D12846214609F093FFC0B205B0F0BD95D60400CF
:20D70000F8B514460D46042813D001281FD0002826D11F2D22D8144F103700262022384693
:20D7200031460EF0AEF8384621462A460DF0FEFB17E0082D12D1A088E1880904081821880D
:20D74000628812045118084A9160D06004E0022D04D1208804494880002602E0182600E022
:20D7600002263046F8BDC04658840020F8B500291AD403460020FF2B18D0144E144D02242C
:20D780000C40009409D101240F4627402E469C361E4337700D4E9C4034609C0001279F4032
:20D7A0004B0705D4103505E00020F8BDC043F8BD2F6008352F60072399431143054BE15051
:20D7C0000099002900D03761F8BDC04610350240643002400031004070B50646164800685F
:20D7E00080470446154801680D46002D07D06A6E1278B24205D02A6829461546F5E7422531
:20D8000014E02A7A012A01D10C250FE02A680A6001688D4201D129680160286E002801D0CC
:20D820000EF0F8FF28460EF0F5FF00250448016820468847284670BD888A00208C88002083
:20D840008C8A0020FEB5029301920D4606460446C034154800688047074630680088402879
:20D8600005D0802808D10DF0BBFF802002E00DF0B7FF0020207102E000200CF055FED0365E
:20D88000304609F0A7FB20462946019A029B06F061FA0546606B401C6063044801683846B1
:20D8A00088472846FEBDC046888A00208C8A0020F8B51848C1781848067800273C46F0B293
:20D8C000A2B2824223D2CDB212488078854216D000216E460423284632460DF0D7F9307866
:20D8E0007C2803D0FF2801D07E2808D10C20684308490818808B381A0121C9024718641CC9
:20D9000005480678681C314607F09AF8D7E73846F8BDC046F86F0020D4790020FEB51446C0
:20D920000E46074601AD07232A460DF0AFF9A68127742978880820728907890D6A7889182B
:20D94000E180AA789200EB789E099219A2809B061B0D2E79B708DB19E3816F79B3013E0674
:20D96000B60E9B19637203233B40AD79A57200060903081880182060962D01D0012000E09D
:20D9800004201843E072FEBDB0B50498002801D00B2426E00878022820D14868047840784D
:20D9A0000002001980B2124C001904281BD80024800001A528588746CDD90400E3D9040083
:20D9C000E7D90400E3D90400CDD9040005251D80C96810462A460EF0E9FE02E000201880DC
:20D9E00001242046B0BD002018800A24F9E7C0460F00FFFF022200282ED000292CD04B6834
:20DA0000002B29D00978FC2913D071290ED072290CD080290AD0812912D0822915D0702932
:20DA20001CD1197801705978417014E01978017011E072460CF01AFF9646997981710AE0F7
:20DA400072460CF013FF964605E01978017059784170997881700022104670470422FBE782
:20DA6000BCB50446C2781A2A0AD1A088164D2988884212D10AF042F9E2781A2A01D10DE017
:20DA80000120302A11D1A3880F490D883022AB420BD10023DB430B8007E00120A1882B8846
:20DAA0001A22994201D1002803D100280BD0A1881046054A0023DB431380E28823896489D9
:20DAC000009407F043FDBCBD2E8A00207CB50546164E3078FF2827D00C200AF09BFE00289D
:20DAE00022D00446D020207065700020A0701048007802210143022904D1A01D0D491031DA
:20DB0000062206E06D4628460BF0A4F9A01D062229460DF00BFA0748C18AA180007EE0705F
:20DB2000307821460BF0D6FB7CBDC0460E850020E5790020DC7500207CB504460078801E98
:20DB400004282ED80D46800001A108588746C04665DB040075DB040085DB0400A3DB04006D
:20DB600065DB0400002220462946FDF7D0FFA61D142212E0002220462946FEF7EEFCA61D23
:20DB800006220AE0207AA61DE18800220092019213232A4605F052FD12223188052008F072
:20DBA0004BFE7CBD70B515460C46064606F004FA002809D00146C26A0520002A10D00B79AA
:20DBC000D90606D40F2070BD1048864209D0142070BD0D490978002D05D002251D4002D1A6
:20DBE00070BD002070BD002900D01024907EA04201D20C2070BD980601D5002000E00520C9
:20DC00000029EDD1084670BD208B0020FEFF0000F8B50EF0DBFC184CA18C002903D0FDF7D7
:20DC20001BFA143426E0CF214900405A2530A08420461C300DF012FC2546143528460DF059
:20DC40000DFC0026102E0FD0A719A08C03F042FB786000280DD0A18C08F004FD796828460A
:20DC60000DF05CF8361DEDE7284607F023FD2C4600E000242046F8BD1085002070B51848DC
:20DC80000078022813D1174801680A688B888C68CD68AE888E80AE688E602D680D600168D5
:20DCA000C9680A600068C0688380846070BD032815D30C4D286808F0FDF9044629680E460C
:20DCC00020680069C968096809690AF0C7F8F168002802D028688142F1D1F460E16070BD5C
:20DCE000F9790020907900207CB50DF097F9144C606B002820D113480346303302462832BE
:20DD00000021CD43C36205634363836381620346443306463C36036445648364C364C16316
:20DD20000948026246620091084B2033084A1420102108F044FB60630DF0E4FC7CBDC04682
:20DD40004C800020E07F0020747F0020047F0020006600201CB50020FEF760FF0146134C31
:20DD6000062220460EF022FD20460CF0E7FD601D0E210F4C142904D002786254491C401EA7
:20DD8000F8E70120A0750CF0F1FEE07509480190094800780DF0A4FA084C20780DF0A0FA65
:20DDA000207801A90CF0BEFE1CBDC046B8780020D08600200100D007007A0020017A0020B7
:20DDC0001CB50020FEF72AFF0146134C062220460EF0ECFC20460CF0B1FD601D0E210F4C03
:20DDE000142904D002786254491C401EF8E70420A0750CF0BBFEE075094801900948007852
:20DE00000DF06EFA084C20780DF06AFA207801A90CF088FE1CBDC046B8780020D0860020E7
:20DE20000100D007007A0020017A00201CB50020FEF7F4FE0146134C062220460EF0B6FC19
:20DE400020460CF07BFD601D0E210F4C142904D002786254491C401EF8E70220A0750CF0CB
:20DE600085FEE07509480190094800780DF038FA084C20780DF034FA207801A90CF052FE4B
:20DE80001CBDC046B8780020D08600200100D007007A0020017A0020F8B504460025EF4382
:20DEA0001649486A401C486215480068002811D0C96B00252E4688420DD04268B242134612
:20DEC00000D83346BA4200D33A466D1C00681E461746F0E72E46F5F7ADFA6660A760E56000
:20DEE0000DF09CF80549086C2060886C6061C86CA061486C20610DF005FCF8BD4C80002091
:20DF00006478002070B51D4614460E46049900290FD06368011DAA6918460EF047FC2868FF
:20DF2000032820D06068AA698018311D0EF03EFC19E0001D6168491CAA690AF0B3FE28683B
:20DF4000032806D16068A9694018401C0EF0C4F806E0301D6168AA698918491C0AF0A2FEC8
:20DF60006068042101700220207070BD10B5164C207A012827D12078012815D160780128DA
:20DF800007D102200321FA22FEF72CFD0020207208E001200321FA22FEF724FD05F0C8FF5C
:20DFA0000CF036FA0020207008480178152907D36178002904D10021017021720DF080FA31
:20DFC000034805F08BF910BD3078002040880020F1560500F0B585B01F4604920391054600
:20DFE0000220C4430EF06CF804F05CFF00281ED006460297019400270F4C0DF0E9F9062F21
:20E0000018D02188002904D0A9420DD07F1C1034F5E7258066600399A16004990F707168F2
:20E02000029A1160002400E0019C0DF0ACFB204605B0F0BD0EF078FD986F0020F8B501205E
:20E040000EF09CFA002801D00C20F8BD1248006880470446114F3D68002D16D0286838603F
:20E06000286E002801D00EF0D5FB0DF0F9FD2E1D6968884202D140680EF001FA3046F9F790
:20E0800051F928460EF0C6FBE5E705480168204688470020F8BDC046888A00208C88002011
:20E0A0008C8A0020B0B5044600780EF0FAF801464220002927D04A6E002A24D0601DE11CFA
:20E0C00053780A784D782D02AA18DB060CD40E4B1B889A4213D900224A700A70C27082703E
:20E0E000427002700720B0BD202A08D300224A700A70C2708270427002701220B0BD0121E4
:20E100002046F5F7A3F8B0BDFC8A002010B50EF0C5F9144C20460CF0A1FB1348017A427A8E
:20E1200012025118827AC07A00028018000440180178012901D0012000E00220002900D1A5
:20E1400004202070002021460DF052F807490860002802D100200CF0E7F905480EF04CF8FF
:20E1600010BDC04658770020D80406004C790020C874002010B50EF09DF9144C20460DF09E
:20E18000E7FB1348017A427A12025118827AC07A00028018000440180178012901D00120CD
:20E1A00000E00220002900D104202070002021460DF06EF807490860002802D100200CF0F6
:20E1C000B3F9054808F056FC10BDC04668770020D804060050790020A8770020F8B5144817
:20E1E00008300068002802D000210172F9E71148006880470446104E3568002D0ED0E868E9
:20E20000002808D0002806D0A84204D0C7680EF001FB3846F6E728460EF0FCFA00203060AC
:20E22000064908700648016820468847F8BDC04684880020888A002090790020F979002057
:20E240008C8A0020F0B585B0049316460C4605460A9F05200DF0FDFF002816D00397049F0C
:20E260000E200AF0D7FA002819D001460D480880062048808D80CC800E814F810398888126
:20E28000094800780BF026F809E00020009701900290284621463246049BFCF77AF905B0D2
:20E2A000F0BDC046913E0000E9790020024612201B2A1ED3FB2A1CD8CB08292B19D30D4B26
:20E2C000994216D80C4B1B88934212D30B4B1B888B420ED30A484078800601D411207047CD
:20E2E000084802800848018008480180084801800020704790420000CC790020CE79002064
:20E3000026770020C6780020CE780020C2790020C0790020F0B50478042C02D30B7D497D54
:20E3200001E000210B46144AD569DE008619378B2F43D7611569778B2F4317615569B78B9B
:20E340002F4357619569F68B2E439661042C11D31468C5183626AD5D25431560994209D048
:20E3600013691F24A402A343C9004018408B204018181061F0BDC046B430084070B501253B
:20E38000284608F055F9044600281DD1114E04F0EDFF002804D00BF0BBFA3068A84330606B
:20E3A000F069E9078843F06100207062EFF31481094D296080F31488084909688847286880
:20E3C00080F31488FEF7B2FD054800218170204670BDC04684100040EC7800204C00000FDF
:20E3E000B8840020F0B585B0049315460E460746084605F0E1FD002824D010200AF00AFAE9
:20E4000000281FD004460B9803900A9802900C9801900021102220460DF033FAD020207099
:20E4200067700F20A070A6802572049860720298A0720398E0720198E060034800782146FF
:20E440000AF048FF05B0F0BD0E850020F0B589B01C4615460E46074608A909F0D9FD002882
:20E4600021D1002D0AD0308802A90880708848800E48888028208871384601E03846314605
:20E480000AF0ECFB00280ED102AFB81C162231460CF04CFD3D7008980094054B0922394640
:20E4A00007F072F8002009B0F0BDC0460203000053630500F0B587B004460025E843002C0D
:20E4C00027D01646002A24D0002B22D00F460C9920291ED3029301900F4840682146324676
:20E4E00007F0ECFCAE4205D0605D784003A948556D1CF7E7084C606803A9324607F0DEFC42
:20E500006068029906F09CFE002801D0019800E0202007B0F0BDC04638850020F8B5154C01
:20E520000025204629462A46F8F7A8FF2178382048430EF067F910490860002818D02C20E4
:20E540000F4A23789D420BD20B681E1837462A3F3A80283E002737701F506D1C3830F0E757
:20E5600000200649302803D000220A50001DF9E7F8BDC046F47900206C790020C8730020E0
:20E58000FFFF000010B5134800780DF08AFE12490A78002A03D000240C70204610BD00288B
:20E5A000F9D00EF01FF8012809D10C480E4901600C48007801242146F7F7C4FDEDE7074844
:20E5C00007490160074800780121F7F7BBFD0024E3E7C046D8790020218B0020AC79002085
:20E5E000D5C50500D2790020295C0300F8B50E460746144800688047044602250E2F1AD810
:20E60000F80011490858002815D000960F4806780F21384606F014FA01278F403046394632
:20E6200008F0DAF9002806D008480078B9B2009A05F04AFD00250648016820468847284689
:20E64000F8BDC046888A0020B06C0020168600208C8A0020B0B5184D2968CB6D0724002BB6
:20E6600027D049780D2924D10124018819821233811C082218460CF059FC2868816E98227A
:20E68000895A8A0506D56202C36E9B89134201D00E2107E0490508D5A102C26E92890A42D3
:20E6A00003D010214170002403E00024204607F05BF82046B0BDC046C8890020B0B50446D1
:20E6C000174D29684878172809D018280DD138311022084621460CF029FC17201AE008792C
:20E6E000052804D18A6E233203E00820B0BD0A4608320846483028310023FCF7A9FA286861
:20E700003830102221460BF073FA012806D109F013FC0620296848700020B0BD0B20B0BDF4
:20E72000C889002010B50020FEF778FA0146124C062220460EF03AF820460CF0FFF8601DE3
:20E740000E210E4C142904D002786254491C401EF8E70320A0750CF009FAE075084C2078D5
:20E760000CF0BEFD074800780CF0BAFD207806490CF0D8F910BDC046B8780020B486002037
:20E78000007A0020017A0020A08A0020FCB50123DD438023C4588030944205D90B68541CFF
:20E7A0009540AB4304601BE0521C161B73091F2701973E40DBB29B000093CB58F3406F1C24
:20E7C0003D46A540AB433519212D09D3009D69184968019D2A409740B943A21A9140CB1851
:20E7E000611EDA0703D15B080160491EF9E7D8B2FCBD704770B516460D4604460AF0BEFA10
:20E8000013490978012902D1617E002905D00BF017FD0020C543284670BD012161760BF07B
:20E820000FFD2576022D00D000262660042D04D0084803210160042141600025A576E5764B
:20E840002577112001F06AFE102001F067FEE2E7F3850020105C024070B50546154E0AF030
:20E860008DFA0446144842783168002A06D0AA685118E96001212975817017E082698B1A1C
:20E88000C2698069101A834206D93068A9680818E8600120287509E0AB685818E8600126EC
:20E8A0002E75511A8B4201D20AF032FF20460BF0C7FC70BD04210240747F0020FCB5019270
:20E8C000920800240092002A0ED00619075D7378B578F67836062D041B02DB195B199B1931
:20E8E0000B51521E241DEEE70322019B1340032B06D01A46022B0BD0012A10D100780BE047
:20E9000002784378807800041B029A18101803E00278407800028018009A92008850FCBD63
:20E9200070B50C460125C80303D4E00711D1002420E02E0410480078FDF732FC002818D077
:20E940000546FCF77BFE002807D028460BF070F90FE00DF0ECFF6C400CE02878A22801D085
:20E96000074800E005480078FF28EED029460AF0B1FC7440204670BDE67900200F8500202E
:20E98000128B0020F8B5144606460D461348007800281BD012480078002817D10C310846C1
:20E9A00009F038FF002817D007460E483880BD70BE8038460C30B86021462A460CF0B6FAFD
:20E9C0000648007839460AF085FCF8BDFF2031462A462346FEF7BAFDF8BDC046E97900206A
:20E9E000148B002091FF0000FEB50D4604460F20C043102C00D208300719102C01D3124876
:20EA000000E010480290B807C00E0190FF268640204608F07FFA0090204609F07BFC0320C3
:20EA20008743029AD059B043C0210D4001998D400543D5510098002802D0204609F07EFCE6
:20EA4000FEBDC0461CED00E000E400E0F8B515460E46074607200DF0FCFB002824D0442004
:20EA600009F0D8FE00281FD00446942020703E2060700820A070E770201D002F04D0002104
:20EA800040220CF0FEFE0AE0202731463A460CF04DFA2046243029463A460CF047FA034880
:20EAA000007821460AF016FCF8BDC046EB790020002828D0144A12688A4201D1002104E091
:20EAC00012498969511A41600121417010494A8B82700A8802724A8842728A888272CA8806
:20EAE000C2720A8902734A8942738A898273CA89C2730A8A02744A8A42748A8A8274CA8AD0
:20EB0000C274098B017570479C200940346F002072200940BCB501A900220A70032810D099
:20EB2000022814D000281FD1002401AD2046294601F0BEF82B780F4A082021460DF0CBFE10
:20EB4000BCBD0A4A082000210DF0C5FE0AE0022001AC214601F0ACF82378054A08200021F7
:20EB60000DF0B9FE0BF046FCBCBDC046E0F90500A0FA0500DDFA0500BCB514460D46014667
:20EB800013481A462B460CF07DF9010601D0C0B2BCBD0798002808D0069B297800900D484E
:20EBA00000220CF06FF90106F1D10998002808D0089B29780090074801220CF063F90106C0
:20EBC000E5D12978044822460CF05CF9DFE7C046FDCE030059310400A117050010B50446E5
:20EBE000032912D0022922D113492331204606F071FC00281ED002461048C06A002819D07F
:20EC00004368002B16D005210EE00B49204606F061FC00280ED002460848C06A002809D04E
:20EC20004368002B06D004212046984710BD204605F046FF10BDC046A62A000020810020ED
:20EC4000F8B5002805D0064607467737B87A0A2803D300200BF068FCF8BD0D460F48006843
:20EC600080470446B87A39460246002A05D00B78521E491CAB42F8D10BE030187721455419
:20EC8000B87A401CC1B2B8720A2902D300200BF04BFC0348016820468847F8BD888A00200F
:20ECA0008C8A0020F8B50446164FB869002828D015460E4611200DF0CCFA002821D006209F
:20ECC0000DF0A4FD002C1CD00146002813D0122008704E70606E0078887000200871CD70B0
:20ECE000226F5279002A00D0207B4871BA69002A07D0052004E0FA6B002A02D00E2000218D
:20ED00009047F8BDE4710020F8B50024E3430093144D154F03685E69964204D228683842B9
:20ED20001CD1612417E040682E462A683A4205D0986800221346FCF733FE06E04004C00FD3
:20ED4000421E98680023F5F7CFFB012807D03068384203D10B2403F01FFC0460009C2046F1
:20ED6000F8BDC04604ED00E0FF0100007FB5144C2178002923D004291BD101200102114828
:20ED8000026A002A02D012680A4204D1C2690A4201D104210DE045686178A278E37826797B
:20EDA00000910192029303960749084A0423A8472178601C0222F3F7DFFD002020707FBD5E
:20EDC000588800202C0206003D0800904800009410B5F6F729FC1149114A124B5020FFF7FF
:20EDE000F9F8002801D00CF0E9FAFDF765FC002801D00CF0E3FA0C480068804704460B4803
:20EE00000DF0C4F90CF0B6F8FDF78EF9084801682046884707F0BEF9002010BDF9920500FA
:20EE2000FF79002088790020888A002099A505008C8A0020F8B50E4607460DF0F7FC0446E6
:20EE4000BA6BF86B82420FD245203956C8B2521CBA63FF280ED00F4AD26801258A4204D925
:20EE60004537401C387000E0002520460DF054FD2846F8BD786A01250028F6D02437384667
:20EE8000F7F75AFC002EF0D00028EED001253560EBE7C0464C800020F0B587B01F4615463F
:20EEA000069105900020C4439000F5F739FE002821D0064604976420F5F732FE002817D09D
:20EEC00007460D9803900C9C642138460DF004F93E630094039801900297059806992A4662
:20EEE000049BFDF72AFE3846F3F7B2F8012402E0304605F0D7F9204607B0F0BD70B50446CA
:20EF00000020002C26D0216D491E2165E26AE36C9A421FD000291DD1251D28460AF047FBCB
:20EF2000E06CE0620A21091AA1610B498A69904200D9886114214143084842185368A360F7
:20EF40009E68E6609E6875609D6062614258521C4250012070BDC0464C800020486A00201E
:20EF6000F0B58BB014460390062021222507029501D5154600E022254843082B00D0154657
:20EF8000461904AF00211C2538462A460CF079FC304629463A460BF07DFB00280FD104A812
:20EFA000807EC01F09280AD8109801210C400299CA0F009004AB03982146FAF77BF80BB077
:20EFC000F0BD704770B5044605681348066828460AF0FEFA70071ED51048102606602846FC
:20EFE000FBF7E4FB4820285C3043112801D00020E876284602F01AFF287E022803D10848EC
:20F000000AF012F870BD284648302E6C6A6C696903782046B04770BD0C010C40046502408E
:20F0200004710020FEB5054686890120002E28D00C46AA6800215756002F01D4084610E073
:20F040000D2E1ED302910C3EA888B3B2D118009101210191F4F7D2FB0028019800D0022079
:20F06000029920707806C00F60703F203840A070701EA0800004084601D0A868401CA06024
:20F080000846FEBDF0B587B002AC20460CF0FEFA0546114F38680068019001A920460CF033
:20F0A000FFFA06462E43386842680025204629460DF0B8FB07463743012120460CF0ECFE71
:20F0C00006463E430548064A21462B46F6F72CF8304307B0F0BDC046588900206C780020FB
:20F0E000794F04007CB5134D05CD007A124E31781379124A083D08F0A9FD686800682946EC
:20F1000008310BF0A1F92A68107A3178D268FBF731F92868047A3178502007F09BFE024607
:20F120002868837EC0690090054821460BF0AAFE7CBDC04658890020EB780020BDF80400B2
:20F1400049F6030070B5054609F018FE044600202875114E7078012802D10120B07017E06C
:20F16000E868F169884213D10C490D68B169691AB269801A81420BD20020294600F0CCFB35
:20F180000749884200D3084640190AF0C1FAB56120460BF055F870BD747F002004210240BB
:20F1A000FFFFBFFFE0B5082801D004281DD188780C281AD1C878002802D08B880B4A10E032
:20F1C000C879012803D0022803D10A4806E0084804E0032801D0094800E007488B88009069
:20F1E000074A062000210DF076FB8CBD1EFD0500500E0600570E06006A0E0600F108060054
:20F20000EBFC0500B0B586B004466D46294603F0B9FCA87B042808D008280CD168464178B8
:20F2200000222046F8F768FC18E00CF0E9FB002803D0112012E0012010E00948C1794A1EF9
:20F2400091410279531E9A4192005118807B421E9041C0000918204601F0CAFC06B0B0BDCD
:20F2600020810020F8B500281DD000291BD01446002A18D005462088002814D00F4F38787E
:20F280000026012818D17888002809D100200CF0BDF805E020887988081878806D1E241DF1
:20F2A000002DF7D108E06C4612202070044801212246F9F715FC26783046F8BD5484002065
:20F2C000350C0000002100282AD040680278521E082A25D8920001A39A5897460DF30400E0
:20F2E00001F3040021F3040013F3040017F3040021F3040021F3040021F3040001F30400A6
:20F30000C178007900024018411D09E0C078011D06E0807803E04178807800024018C11C9B
:20F3200088B27047FEB505460220C743052925D8052D23D81C460E4601920CF049F83101A2
:20F340000F4A51180091496802910CF01CFA0298002813D00098071D20460C3805714671CC
:20F360000199817138680830214609F0CDFB38684068012109030AF0DBF900273846FEBD5D
:20F38000986F002010B504460DF0F4F8002800D010BDE0B20DF01AF90168098840290BD1A8
:20F3A000FF21063142180146FC310B78012B05D10621D17602210EE00C2010BD1278520748
:20F3C00003D406224A700D2105E0612189004118034A0A801121FF22FBF7FEFD002010BDF9
:20F3E00003060000F8B50546134F7868002802D08047002814D03C46243420460CF0D2FEF1
:20F400000E480678002E11D10D48C0880121C902081A00B2A84205DB002D03D0042605E0D1
:20F420000B2606E00020E6F7CFFE3E78204604F0DDF93046F8BDC046F08200203789002062
:20F44000F86F0020FEB516490D7D0C6A01952B0607D0EBB25B1EE65C6D1E8642F7D1019869
:20F4600001E001980346401E02901C46E5B20298A84209DD0A48066A775D6A1CB15C715587
:20F48000016A8F54641CF1E7DBB20298984205DD0348026A052001990BF078FDFEBDC0463C
:20F4A0002081002010B502460220002A29D0002927D003200870127800201346703B032BA2
:20F4C00009D9802A14D0812A14D0822A14D0FC2A14D10A2214E005229B0001A4E3589F46EB
:20F4E00001F50400F1F40400F1F40400F1F40400042205E0092203E0062201E004200022EF
:20F500000A7010BDB0B588B003AD14222A8100240394FF22AA720C350790069106F046FBD8
:20F52000102103222B4609F002FB029402A800900A490B4822462346F2F727F8002809D1BD
:20F540000298002802D00C380BF058FB0698006808B0B0BD01280BF031FFC04693C40500A4
:20F5600088130000BFB504460089042827D3616803AD28460CF062F8688817280ED8218987
:20F58000001D884218D103A8017820886268121DC9070CD103A9EFF7FDF80BE008480190D6
:20F5A000208803A9497801AA0BF034FBBFBD03A9F1F75CFF002802D020880CF056FFBFBD87
:20F5C00001001700F8B500281AD0044605467735A87A002814D02646763610480068804746
:20F5E000A97A491EA97209060FD00821C94300290AD062188123D35C8027D355491CF6E7E2
:20F6000000200AF091FFF8BD0935FF21297000213170034909688847F8BDC046888A002059
:20F620008C8A002080B501460088421E072A18D81248920001A39A589746C0465DF6040053
:20F640006FF604006DF6040071F604006DF604006DF604006DF6040075F60400F2F73CF9AD
:20F6600080BD102802D10DF0A8F980BD486880BD034880BD0DF09FF980BDC046AC720020DC
:20F680006C720020F8B50446144800780026144F3546002D1FD1C1B28E421CD279683D220F
:20F6A000D2007243891849790025012911D1F0B20CF08CFF806E011D084800780968002998
:20F6C00007D0A142FAD88A898A181132A242F5D30125761CDDE7E8B2F8BDC046F67900209A
:20F6E0009C780020B0B50446144800684178152905D013290DD1142141700020B0BD0CF00E
:20F70000CDFC002807D0204608F000FC09F00EF9B0BD0820B0BD0A4D2022204629460AF05D
:20F7200067FA0028EFD0204620302035202229460AF05EFA0028E6D00A20B0BDC88900208D
:20F7400014840020F0B585B005460220002D23D00C46002920D0002A1ED0104607F0BAFD03
:20F76000002818D001460D4E0836102230460CF0DBFB6F4638460CF049FD00960848039031
:20F780000195029504940548006839460AF069FC411E884100E0002005B0F0BD38850020AA
:20F7A0002C0B0600F0B585B005460220002D23D00C46002920D0002A1ED0104607F08AFD4E
:20F7C000002818D001460D4E0836102230460CF0ABFB6F4638460CF019FD00960848039031
:20F7E0000195029504940548006839460AF047FC411E884100E0002005B0F0BD388500206C
:20F800002C0B060070B50446056812480668284609F0DEFE30071CD50F482021016028205B
:20F82000285C04210143052901D10020E876284602F0FCFA287E022803D1084809F0F4FB2B
:20F8400070BD284628302A6A6E6A696903782046B04770BD0C010C400465024004710020D9
:20F86000F8B500920C46054601260220294607F020FE0128304616D10C200CF05BFE07468B
:20F88000002830460FD03D607C600098B8600120394608F08BFC002804D038460CF03EFEF1
:20F8A000304600E00020F1078D4206D0002C04D0002802D020460CF031FEF8BDF8B51646EC
:20F8C0000C4605460320294607F0F3FD012811D10C200CF02FFE00280CD007460560446058
:20F8E00086600220394608F061FC002813D038460CF014FE002C0ED00120C1078D420AD0F9
:20F900008005854204D1A069002801D00CF006FE20460CF003FEF8BDF8B50C460546144FFF
:20F92000283700200090C04306463F68002F1DD0397D0029F9D0002D0ED0F968A1420BD1D3
:20F940003869002802D00019F86001E000983875B969F86988473046397D0029E5D0F968B8
:20F96000091B814200D301460846DDE7F8BDC046747F0020FEB509F001FA04460F4F3878A7
:20F98000002817D16E4630460CF04AF80025E843019035720A480B4A19213346FCF730F9F1
:20F9A00009480126314607F09BFD0848294607F097FD3E7020460AF043FCFEBDF7870020D9
:20F9C000A47500202DCB0500B470002004710020F8B5154D28781224012823D1687800280E
:20F9E00020D0002604270CF0E7FA864218D26868C15D4A070ED5F0B20CF053FC1E240028BE
:20FA000010D0006F012101700CF09CFD002809D16868C15DE3220A40C255761C0837E2E77F
:20FA200000246C702046F8BD248A0020F8B506464F1C104C7F1E1BD03546103520460CF073
:20FA40009FF87068A060B068E06030680A490860F06848606160094820600948214609F049
:20FA6000F5FA0849086000282E46E3D10BF0A6FCF8BDC046EC7600207C780020AF0D0600DE
:20FA8000E56E05002479002070B50C4605461A2913D80120A040124908420ED028460CF073
:20FAA00069FD0646002818D1E8B20CF08FFD7721415C022907D13A260FE03B2CEED0292C60
:20FAC000ECD0122609E00921490141180C700026C6830221FF22FBF77FFA304670BDC04639
:20FAE0002000380470B50446002810D0012C21D11149087800281BD1104800784A68012182
:20FB0000090304F0E1FA002810D0032070BD0A48007800280CD0094E307801210D03294644
:20FB200006F054FB3078294605F08AF802480470002070BD122070BDA4780020D2790020E1
:20FB400010B51349134A12681206930D834203D9002807D0024606E00F4A1278012A15D133
:20FB60000A6808E001220C68A218D41A00D322468C6894420AD0834201D8002400E0012446
:20FB80000831104609F0D2F90348047010BDC046AC110840C41008402B8B002070B50B0B4E
:20FBA00001D0052070BD03783F2B01D9092070BD4488A50A01D0072070BD0D4E8588B5420E
:20FBC00001D9082070BD0B480078032801D1032070BDD18100209081190626030E432E4351
:20FBE00016609580D48013729621917270BDC046FF0300003789002070B5114C114E0125CB
:20FC0000A8050BF0F5FF002060653560F1680029FCD0606505213160F1680029FCD00A4963
:20FC200008600A490A4A8A600860E5602060E06010200AF035FE0BF007FC0AF083FC70BD5D
:20FC400000300840641008400050084000200840FFFF0000F8B50E460546632008F0DAFDD4
:20FC600000281FD00446C2202070E87860700021A170002811D1E01C0B4B202731463A46B5
:20FC80001E46984720462330291D3A46B04720464330243529463A46B04704480078214668
:20FCA00009F018FBF8BDC0462DAF0500037F002080B5042812D8800001A210588746C04651
:20FCC000D5FC0400E1FC0400E7FC0400EDFC0400F5FC04000C4B0D3314220EE0022080BD8B
:20FCE0000948407804E00848807801E00648C078087006E0044B08330522084619460CF0B0
:20FD000055FD002080BDC046F4850020FEB514460D461349884210D004F04EF900280BD0F1
:20FD2000861D4079002300930121014002AA3046F5F7EAFE00280CD0FEBD0026094F387D66
:20FD40008642F9D2F0B229462246F3F7CFFD761CF5E702A8007829462246F3F7C7FDFEBD11
:20FD6000FFFF00002081002070B50646124D00241C22284621460BF084FD1048411C024644
:20FD800011326960AA6006700D4800780221014328461030022902D109F080F801E009F0AC
:20FDA00059F8002802D02C70122403E00120287006F0F0FF204670BDDC750020D08500202C
:20FDC000E5790020F0B51E23002801D00F2901D91846F0BD931E5C425C4126010023022A47
:20FDE00001D0012400E0DC43455C46541E46102EEED0875D102F07D0B14205D0012A05D1B0
:20FE0000AF4203D23F198755761CF0E7022A02D1AF42F7D8F8E7002AF6D10F2FF2D9F3E70D
:20FE200080B510490878002802D00020087080BD0D4A91780020FF2912D052683D23DB0066
:20FE40004B43D11871229200895CC90708D1074807490160074800780749F6F773F90120E7
:20FE600080BDC046218B00209C780020AC790020FDC50500D279002001800000B0B5044698
:20FE8000807902F0EEFE12480078C11FC9B2012903D8A179012206F0A4FE607900280BD0A8
:20FEA000002060710B4D6878002803D100200AF03BFB6878401E687006480178491E017018
:20FEC000090601D1FF21817000202071B0BDC046F57900209C780020F8B50CF027FB134923
:20FEE0000C68134A1368C51A7D21CF00BC4217D000262846314622460093334609F0B8F85D
:20FF00003A4633460BF054FB05463A46334609F0AFF8224633460BF04BFB054A0099081890
:20FF20001060284601F0ACF9F8BDC0468C7900207C790020144D154EA868002812D00BF07F
:20FF40006DF8F06BC468201D09F031FBE868401EE860A868401EA8600BF0D4FB204609F0BE
:20FF6000ECFFE9E706F06CFD0228E5D3686A401C686206F065FD022802D3A8650AF0C2FE6F
:20FF8000F3F758FAD8E7C0464C800020747F00201FB5154C2168084648302831F7F7FEFD9B
:20FFA0002168082801D11E201CE00879052802D1886E821C01E00A460832084628304831DD
:20FFC0000123FAF745FE21684878172809D138316C46102220460AF0A9FF2046FEF76EFB4E
:20FFE0001FBD172048701FBDC8890020F0B591B014460D460BA902F0C5FD002821D10BA920
:020000040005F5
:20000000881C4978002600960127394003AA3346F5F77AFD002814D103A8029001780620AC
:20002000484321301C2104AA0AF034FB0298007809F024FA012800D12F7004A8807E2070D4
:20004000304611B0F0BDF0B58DB00293019206460F1D880004A908700020390414D00390B9
:20006000BCB2202C00D32024B1B205AD02982A4623460AF00BFE0398C0B22946224609F047
:20008000C7FC3F1B3619E8E7C0B204A9012209F0BFFC0199401A411E884140000DB0F0BD69
:2000A000FCB50746002008701F2A00D9FCBD019300250095ACB294421DD20198065D002E34
:2000C00019D03B46641C3719974214D8075DFF2F05D0384617381524E443A0420BD3AC1C05
:2000E000701E0870C0B225189F421F46E2D1A0B201990818FCBD0098FCBDF8B50E214158C7
:200100000024002924D0058B002D21D001460E31097D1F291CD801461E31C28A0092878B22
:20012000468B084603F06AFF012811D1009A3801B100091D694381420AD2AA4208D819203F
:20014000C001874204D8092F01D8002400E001242046F8BDF8B51D4614460E46017E04297A
:2001600001D00F2D05D82A0930462146F8F76CFFF8BD0B4FF969012212069143F9610949FF
:200180000BF0DEFB3046294605F030FC2046294605F048FC0448082101603960F8BDC0464D
:2001A00010000C402102020004010C401FB50F4C20600F4801600F480CC000240094039494
:2001C0000820019002900C48012149026B462246ECF7E0FB094948600BF084FFFEF752FF7E
:2001E0000748214603F0D6FF1FBDC046547900204079002058890020950806006C78002031
:2002000024740020B0B50446114801781148001D491C491E1BD0026808301278A242F8D19F
:200220000C3805682868A9690CF07FFB2868FEF713FB2879401EC1B2092903D840B20649A2
:20024000085C00E00120287120460BF0A3F8B0BDFF06060098040600A50D06001CB5FE20E3
:2002600001907F20400600900AF074FC002800D01CBD0120FCF7D2FC81786C46A170017826
:200280004278120251182180631DC11C032218460CF08CFA002008212246F1F705FA002864
:2002A000E6D1034A06201421F1F7FEF91CBDC046E1090600FEB514460D4606460BF000FF8B
:2002C00006F0E6F8002819D0074602950BF080F8BD68002D15D001942C460C3C2168B960BA
:2002E00000272760FF21A1720BF04DFA207930706079029908700198056005E00420C743A5
:2003000002E00BF040FA02273846FEBDFEB50025EC430190029500290ED01646002A0BD0CD
:200320000F4630460CF006F90290002815D00546394632460CF03AFA09488069002805D0AF
:2003400001A9002201F0F4FA0446029D002C04D0002D02D028460AF051FC2046FEBDC0462E
:2003600014760020F8B51D461446069A23230B406E4633700D4901270E4B0B840C4B48C11B
:200380000D604D6008390B46103385C3CC610A48006809F04AFE0646000404D0002128464B
:2003A00022460BF06EFA30B2F8BDC046C8740020387700200D0400004C790020F0B5A3B0BC
:2003C000014601AC661C402230460AF0AFFD042020700F4F202530462946B8472046213037
:2003E0002946B84712AF20463946F8F737F806467C1C20462946064A9047002E00D01F26A8
:200400003046214600F072FC002023B0F0BDC046D1970500FEB514460D46064603200BF0C4
:2004200018FF002821D002A804210C220AF098F800281AD002990E704D702A0A8A70627815
:20044000019222780092E578A67867792379E279A4794C728A72CB710F724E718D71009AA0
:20046000CA70019A0A7101F013FAFEBD70B50546087810281BD11446486800210F4A435C3C
:20048000565CB34215D1491C1029F8D10C4E706800280CD004200CF04DF800280BD0014683
:2004A000058020788870706802F048FC70BD002070BD012070BD112070BDC0463C0B0600A0
:2004C0008C83002070B5054608F058FC0446284606F070FE401EC6B22846314607F006FB62
:2004E000002E04D0204609F0ABFE002070BDFF200102294001200202914206D00029F1D161
:20050000E9B2884004490860ECE7E9B2884080B2002109F0DBFEE5E72000024070B50546CA
:2005200008F02CFC0446284606F044FE0646401CC1B2284607F0DAFA300604D0204609F0EE
:200540007FFE002070BDFF200102294001200202914206D00029F1D1E9B288400449086075
:20056000ECE7E9B2884080B2002109F0BDFEE5E714000240010C4A424A41110110224A402A
:20058000D040FF221202024053425341DA0008235340D8405118F0220240534253419A007B
:2005A00004235340D84089180C220240534253415A00022389185A40D0401A1A40080123C5
:2005C000DB430343581C104008187047FEB516460F46062444432034082101AA20460AF07F
:2005E00059F8002500281BD1009601A8FF260622314609F093FC002812D101A8C179F8B24E
:20060000009A002A01D0084301E0704008400125884205D001AAD071082120460AF0B6FC35
:200620002846FEBD10B5E52252008318825A114C2488A24204D9104881785A888A2005E070
:200640008A4207D20C4881785A888B2004F062FD002010BD1D2109014418104607F0BEFE2E
:200660002060002801D0012010BD812001F034FDEEE7C046C47900209C780020B0B50C462D
:2006800000280BD0FF281AD1E5690CF0AFF80E494118284607F0E2FB002810D10CF0A6F8BF
:2006A0000A494018E0610A4800680068416E4978C90604D4C17F890601D50CF09CF90120BE
:2006C000112109F0AFFFB0BDA86100004C1D000090790020F0B585B0054601910E467608B0
:2006E00022D0344601988442F9D2285D0BF06EFF00684068C0690490285D02900394E7B263
:20070000BE420CD8BC1B285D0BF060FF00684068C0690499884202D9285DE855EFE7029892
:20072000E855039C641CDDE705B0F0BDB0B51C46042806D0022808D190081A21CD43103543
:2007400014E0022906D0022105E0D0081A21CD4311350BE008211A20C543284648431018BC
:20076000064A8018C90000F06DF91935002C01D003496D18281880B2B0BDC04688FEFFFFED
:20078000FCFF000010B5F0F78EFF114C20460BF02FF91048017B427B12025118827BC07BF9
:2007A00000028018000440180078042801D0022800D12070064900200AF0E2FD0649086044
:2007C000002800D010BD002009F0AEFE10BDC04648770020D804060048790020F8B5054622
:2007E000104800688047044602260E2D14D8E8000D490A58002A0FD00F180C4806780F2107
:20080000284604F01DF901228A403046114605F0DDFC00263E607E6005480168204688474B
:200820003046F8BD888A0020B06C0020168600208C8A0020B0B505460BF02AFA044645626D
:200840000BF026FA0121C161A06A002806D0016802698A62416880688847F5E7204602F0DD
:2008600017F8207C002806D0204603F01BFD0020F8F738FFB0BDA068002421462246234647
:20088000F3F732FE2046F8F775FFB0BD70B50C460546012001020E48026A002A02D01268EA
:2008A0000A4202D1C2690A4204D0C66809490A4A2346B047002C09D0084E701C29462246DC
:2008C0000BF074FF347006480BF0AAFC70BDC0462C020600010900904C0000945888002036
:2008E0006DED0400B0B51824042820D804291ED8104D2A68D3781B070AD5042801D0012851
:2009000006D1042901D0012902D1062010710DE005234B430849C918085C10710BF0C4FBEA
:20092000002803D028680079012800D000242046B0BDC046C8890020B206060070B590B029
:20094000124E3068406F20300021202209F0E6FA002801D0012017E03068416F20316C4608
:20096000202520462A460AF0E1FA204620303168496F40312A460AF0D9FA3068C088044BA3
:200980004121224600F0F2FD10B070BDC88900207F6B0500BFB50F4802900F4801900024F8
:2009A00000940E480E494C22234601F0C9F90D4DE86100280BD002F085FF012807D172B627
:2009C000E0432862012028616C6105F06FFC06480068BFBD6C6E00204067002035FF040068
:2009E000800E06004C800020BC0E0600FEB5002825D014460D460646002739462A463B4647
:200A000008F036FB481E81411AD1304668435021C943884214D802945030F4F781F80028A4
:200A20000ED0044602465032462000212154009430462946029B08F098FD274600E00027B1
:200A40003846FEBD1CB5002922D04C08002900D5494242105440002800D5404200230A0002
:200A6000904201D95200FBE790425B41904200D3801A914201D25208F6E71900002C00D5F2
:200A80004042640000D549420200080011001CBD010000200BF0EBFE1CBDF0B585B00E4610
:200AA00005460A79062100242346F6F7E3FA0490002819D0318801AF39807188798002210E
:200AC000B9802821B97132793A81711D0AF02EFA2846394605F08EFC002806D00546049803
:200AE000FBF798FE2C4600E01324204605B0F0BDFEB50C46054600273E460197A088874299
:200B000016D220688119805D49780902081880B202A903F00FF800280CD0014602A80288AC
:200B20002846FBF798FF002805D17F1CB61CE5E70198FEBD012021688A5D0A7021688A19FC
:200B400052784A70FEBD10B50D2A23D0042A24D19C308268C3680B710A701C0ECC711C0CDE
:200B60008C711B0A4B71130ECB70130C8B70120A4A700268406808730A72030ECB73030CE4
:200B80008B73000A4873100EC872100C8872100A487210BDFD300078087010BDF8B505F0F7
:200BA00043FC0F4F791C0F4C06200090A047122528463946A0470D2630463946A0470C27BE
:200BC00009493846A047B92001F07CF9074C0098A0472846A0473046A0473846A047F8BD81
:200BE0000004002049C2050002200460656D05007CB50D46044603F0DFF9002818D0817CBE
:200C0000042917D104214056002815D40B480068002801D09921455C01AE304629460BF055
:200C200081FF074B02212046324600F09FFC7CBD14207CBD12207CBD1C207CBD308A0020F6
:200C4000319D0500F8B50F4600900BF039FA02F029F900281AD0064600240D4D0AF0B8FB64
:200C6000062C13D02988002902D0641C1035F7E7084929803A4600276E60AF6000990C707D
:200C8000716811600AF07FFD3846F8BD0BF04CFF986F0020F8FF0000F8B515460E46074654
:200CA0000D48006880470446384606F093F90B490B48102241C10D604A600A480068083979
:200CC000FAF7E9FE002802D0002009F02DFC0648016820468847F8BD888A0020A8770020EE
:200CE00038770020507900208C8A002070B50D46064608200BF0ADFA00281DD0242007F028
:200D000089FD002818D00446942020703E2060700920A070E670201D002E04D00021202250
:200D20000AF0AFFD03E0202229460AF0FFF803480078214608F0CEFA70BDC046EB790020E7
:200D4000F8B5002820D00446104D2978104E0F46F8B2C9B232785218824210D3217962797E
:200D600012025118A279E3791B029A1812045118C000081808F04CFC7F1C2978E8E70020E6
:200D8000E072A07260722172F8BDC046D9790020E07900207CB50C460546114E01A80321EA
:200DA0000BF0E0FB0198FF210A0601469143F5D0B142F3D00B4908404018401C019001A973
:200DC000284603F0DDFC2070010A6170000CA0700198E070010A2171000C60717CBDC046AF
:200DE000FFFFFF00FFFF3F00F8B50A460F49104B1C68E405650D0C680326B44365190D4EBD
:200E0000AD191646002E03D080CD80C0761EF9E7900020185A681206920D821A00DB1046A0
:200E200008F084F8044801210170F8BDAC110840C0100840003009402B8B0020F8B501F0A0
:200E400043FC124F0125102428462146B84720212846B8470225082628463146B84728466F
:200E60002146B84728462946B84704212846B84740212846B84780212846B84728463146DD
:200E8000B84728462146B847F8BDC0463D69050070B50446C568002804D10E480E490F4A7A
:200EA00000BF00BF002D05D10C48421C0C480A4900BF00BF2C60261DA0880004800E02D07F
:200EC0000020286004E0281D0021C94304F0F4F9707870BDF309060035F40500FF020000ED
:200EE000AC0B0600B0B50D460446002804D110481049A92200BF00BF2079012804D1E0794C
:200F0000002804D0022203E0022229460BE00322E1696B1A5B0F00D12946002B03D100288B
:200F200001D18620B0BD1C342046EFF78BFBB0BD170A0600BCF20500F8B500920C46064686
:200F400003F03AF800281DD00546142007F062FC002817D00746D02038800B20B870F81C18
:200F6000A91D062209F0E2FF7E8100983861012020403873A007C00F7873034800783946AA
:200F800008F0A8F9F8BDC0460E850020F8B5FF2818D016460F4604460093202007F03AFC93
:200FA000002811D005460699B02028706E706F800098287128460830002907D0182209F0FF
:200FC000B5FF07E00220F8BD1320F8BD002118220AF057FC2046294608F07CF90020F8BDF8
:200FE000104801218268930008D4520016D5890702688A4302600161032010E04907026889
:201000008A430260016108480421016007480078042803D2C1000648C84000E00020C0B218
:201020007047C046440008405C200240048B0020000102047FB5011F0C224A4310498A18E9
:201040005368002B17D00F4909780124002913D0151D568901A90E804880029310890881F1
:201060000846F8F78FF9002802D02868FBF7D2FB0020286000E00024204604B070BDC04669
:20108000987300206C8A0020B0B504460546383540892189884201D0401A00E0012069785E
:2010A0002A7980B250434018252103F0C9FC38202154EA7820463D301346002B05D005789A
:2010C0005B1E401C8D42F8D106E00846114603F0B7FC60183D21415CC8B2B0BDF8B5114E0C
:2010E000B0780BF073FA0446006845680E4FF81C15210AF0F1FF002038807F20B8707078E9
:2011000002280ED30F214A01A358084959180126F607B14333405B18A350A279824200D2EA
:20112000A962F8BD9C7800203076002040EDFF7F70B51249097803F083FC0020104A89B222
:201140000346052816D0155C0024082C09D02E46E640F60703D0DEB2B14204D05B1C641CD9
:20116000F3E7FF2401E0C5002C19E5B2401CFF2DE7D000E0FF24E0B270BDC046067A002049
:20118000E6780020B0B5C9214A008118825A0B899A4200D31A460A83438E0D4858430B8A3D
:2011A0008C89A4013D252D0164199C4200D31C46001B084BC018488280B2904200D3104618
:2011C0008882A9210901884200D80846B0BDC04671020000D4FEFFFFF8B5044607208001EC
:2011E0002618254638353820205C68709620205C012806D12746963778882189491C8142EF
:2012000004D2316820468847A8700AE021466231204601F07FFA316820468847A870022155
:201220003970216849682C228854F8BD10B50246104B9C780020240718D5CF2464001219B6
:20124000147F042C12D15B789B060FD50A4848439188128892013D231B01D2188A4200D368
:201260000A4606495118884201D3002010BD012010BDC04626770020E2040000BC0B00007D
:20128000F8B5044610480068804705460F4F786806197E60F0087D280CD37D20C1003046FA
:2012A00003F0CEFB39680918064A521C4243B01A3960786006480168284688472046F0F7F1
:2012C0001FFCF8BDE7030000888A00205C8A00208C8A002070B506460F48864201D9002458
:2012E00017E0344608340D48006880470546A0B20BF088FA002807D004468680084841685B
:2013000021604460083400E000240648016828468847204670BDC046F7FF0000888A0020B3
:20132000548A00208C8A002010B5002808D0022805D110480078002801D00BF092FA10BD97
:201340000C4C20780028FAD00BF08CFAA078022801D30120A070012000BF00BF064C20686A
:201360000028ECD00AF056F9206800690AF060FC10BDC046D877002050740020B0B5044624
:20138000124D286841780F2918D1006E1130611C062209F0CBFD21782868026E1174816E62
:2013A0009922895C49070BD501218902C26E92890A4205D010214170002405E0072403E04B
:2013C0000024204604F0D0F92046B0BDC889002010B503F0F5FA0E4C20460AF0D9FB01202C
:2013E000A0800C4820600020214603F009FB0A4C206000280BD009490BF00FF801460848B7
:201400000160002902D020680BF00CF810BDFEE7D87600206BC80500B879002088130000A5
:2014200098790020B0B504460007800F04D00AF065FE002107F076FE0AF082FD06F074FC9A
:201440000A20044209D0082525400BF086FA002D03D0F7F72EFE0BF074FA0520044209D06F
:20146000042004400BF096F8002C03D00BF096F80BF08CF8B0BDFEB51C460D46074607F05B
:201480007DFC79684E1C7E607978FF2919D00195089D009002A9384607F0DFFF0AF016FED1
:2014A000029FB860009808F0CBFE3E6001203873019838611437002C05D001CD01C7641E1A
:2014C000F9E708F0BDFEFEBDF0B585B01E46174601910546162100241A462346F5F7CAFD6F
:2014E0000490002815D00A993A4602AF019B3B807A80BE80324609F019FD2846394606F07E
:20150000B9F8002806D005460498FBF783F92C4600E01324204605B0F0BD70B50446806E19
:201520000C3007F015FD054626469A36002D1CD0307800280FD0A889A97B411ACA1EA97C5A
:20154000EB7C1B1DEB742B461433001DA881D2B22046FCF777F9A06E294605F003FFA06EC0
:201560000C3007F0F5FC0546E0E770BDFEB51D46174604466846048006224280018108465F
:2015800006F0F0FE0190002811D0064638463146A8470546002806D16846F7F7D3FD0028BF
:2015A00007D00546019E3046FBF734F902E0132500E00025204607F009FA2846FEBD704776
:2015C0001FB50C4601460020009003900290019050BA6A461080012C04D1087869468870C5
:2015E000012407E06846801C0E2C00D90E2422460BF0DCF8009805490860019848600298F0
:2016000088600398C860204604B010BD90000C40F8B515460E460F211C468C430C490A68D8
:2016200001273F06BA430A609C4201D00A4900E008490AF085F93046214604F0D7F928461C
:20164000214604F0EFF90548082101602046F8BD2C000C40120301001203000004010C4061
:2016600070B50C4601790120522909D07D2909D07E2909D07F2909D0D22909D105070AE0B9
:20168000C50608E0450706E0850704E0C50702E0880006490D5805263046294605F009FFFE
:2016A000002801D02560267170BDC04624F20500FEB5029315460C4607460620002105F049
:2016C000F8FE00281BD010200AF034FF002816D0064608980190F4800622304639460BF08D
:2016E00065F83572029870720198F0600420314606F05CFD002802D030460AF00FFFFEBD64
:20170000F0B50C4D0C4E0D4F0D4B104C45608660C7600361054B4361054B8361C461094BAA
:2017200003620170084941628262F0BD780106009C01060008020600E4010600E800060043
:20174000300106000C01060054010600C001060070B50E4611490978491E022901D2122032
:2017600070BD1446002A14D002F026FC002812D00546002E03D0287902210143297128465A
:2017800018301022214609F0D1FB2069A862002070BD022070BD142070BDC046D085002098
:2017A00070B50546114E3078012806D10C46F320C043014203D0182070BD122070BD284602
:2017C0000AF06FFD002804D0017A002903D0102070BD342070BD7168EA0089184C71F1211F
:2017E0002140406E0176002070BDC046248A0020F0B589B0044603AD294601F0C3F9002826
:201800001CD1A97B082919D103A9881C4978002500950126314002AA2B46F4F775F900289B
:201820000CD102AF387807F029FE0246397803A8837B00962046FDF793FB284609B0F0BD58
:2018400070B50C4605460F4E3078002813D00E48007800280FD1062006F0DCFF00280FD0E2
:2018600001460A4808808D700120C8708C80307807F030FD70BD0F202946224608F0BAFF35
:2018800070BDC046E9790020148B0020910F0000B0B500281ED004460F480068002814D0A4
:2018A0000568002D11D02046FDF70CFD01466068A84760680178022903D1FAF7ABFF002051
:2018C0006060204608F0B4F9B0BD04480078214607F000FDB0BDC046C48A0020EC7900204B
:2018E000B0B5124A13780124002B1DD100291BD00978002813D001241470002500290CD0EB
:2019000051788B00D318D86000785118C87006F0DDFD002808D109F0A1F92C4604E0002954
:2019200002D10120107000242046B0BD88850020F8B506460024002820461AD00D460F48D0
:201940000068C00506D00022304629461346FAF727F80EE017467D20C100104603F070F8BA
:201960000246781C00D13A46002330462946F2F7BBFD012800D0E4432046F8BD04ED00E085
:20198000BFB511480AF02AFB192040030BF0B6F8037841788278C4782402A21804794579B1
:2019A0002D022C198579C0790002401900040019009101920290054A0820002421460AF052
:2019C0008AFF204604B0B0BD91960500CB06060070B50D460446066807F0D0F93178002932
:2019E00003D008F02DFC002070BD002CFBD00121317008F025FC002D09D029780648027864
:201A00000020914200D00446012903D170BD0348C0687060204670BDF10E0600DC0A0600C7
:201A2000F8B50698002801D00B20F8BD1C4615460E464F68384608F0BBF8002810D1387BD5
:201A4000797B09020818084908800849884207D114222280F16828460AF0A8FE0020F8BD87
:201A6000002020800A20F8BDD0790020CDC00000B0B50E480178002916D1012505700C489E
:201A80000C4A0421002306F071FD11242046FEF745FD0948FF2181628564084909684160D2
:201AA00005602046FEF70EFDB0BDC0461C8B002074760020CD66050004600240AC0E060079
:201AC00070B50025114C2E46207D864217D2062070432030A16A4A1980B2082108F0DAFDDC
:201AE000002809D0A06A4019FF21062209F0C9FEA06A40190021C171761C0835E4E7207C8E
:201B0000002801D004F04AFA70BDC046208100207CB500281FD00D46064610480068324681
:201B2000F8F7C8FE0124FF2816D00023009301AA30462946F3F7E8FF00280DD101A8007880
:201B400007F09CFCC00607D501A8007807F096FC4007C40F00E0002420467CBD9C790020B8
:201B60001CB503280BD083280DD00F4A904215D00E4A904216D1887808F082FC0CE0084635
:201B8000FBF76EFF08E0C8788C88CA880B8949890091214603F0BCFC01201CBD0846FAF716
:201BA0000FFA1CBD00201CBDFFFF00001320000080B50E480078400703D400200AF0AAFA3A
:201BC00080BD04200AF01EFE09490860002805D0084A026008680AF09DFA02E0042008F024
:201BE000A3FC05480549018080BDC046D0850020C08A0020611B05002E8A0020FFFF0000B1
:201C0000F8B5002B1BD01C4616460D460746012107F0D0FA002814D03046F6F747FA0028E8
:201C200011D0C780002E06D0F57A08490968711A0909C2681177057220600020F8BD01200B
:201C4000F8BD1420F8BD1520F8BDC04668790020B0B5002816D00446807A0AF0B7FC002869
:201C60000BD0617B8A0708D571229200835C01251D438554FD2001406173616E1820085645
:201C8000002800D4B0BD607BC007FBD103488268002AF7D001209047B0BDC046E471002067
:201CA000F0B585B00446114F786800281BD00068002818D00D46088801AE3080301D8978A5
:201CC0000AF030FFE878307268680490786803680121204632469847002804D06946087028
:201CE000608807F0B5FF05B0F0BDC046C8890020F0B58FB0029301920C4601460F4B03AEC8
:201D0000102530462A46984730461030082721463A460A4B98473046183001993A46074C9E
:201D2000A0472746304609F0C3FF04462036029831462A46B84720460FB0F0BD5DAF05001B
:201D4000F0B587B004460D9D0020002D1ED00E9F002F1BD00E460C9805906421384604938A
:201D600003920AF0B9F93D63612002213954029706A801900598009020463146039A049B33
:201D8000FAF7DBFE3846F0F763F9069807B0F0BD7FB514460A4605460020102901D0022A37
:201DA0001BD1102B01D0022B17D19A4202D12846214610E06E46102A06D12046314605F00B
:201DC000EBFB1022284605E02846314605F0E4FB10222046314607F00BFF04B070BD70B5C9
:201DE0000E46002816D0002E19D00546304604F099F9002817D00446281F0268083AB242E3
:201E000000D33246204629460AF0D0FC284609F0CFFE09E0304604F085F9044604E000F0B9
:201E2000BBFB162101600024204670BD70B504460E4D0F4E007E042808D000202860F060FC
:201E4000192006F067FA0B4830210160012030600F202861A07E002803D00020A07609F03C
:201E6000B7FD204609F000FA70BDC04604010C4014000C402C60024070B50C464078FF284D
:201E80000BD00E280BD00F280BD010280BD03E280BD005280BD101250AE0102508E0022593
:201EA00006E0042504E0202502E0082500E000250B263046294605F0FCFA002801D0256057
:201EC000267170BD70B504460620002109F06CFA08261220002109F067FA002E0FD0761EAD
:201EE0002146F140012529400D2009F05DFA1220294609F059FA08200AF0A0FCE9E706209D
:201F0000012109F051FAAF2080000AF097FC70BDF0B585B00C460546084602F04DF800282E
:201F200004D00D48854203D9022012E0122010E001AE002710223046394609F0A2FC357066
:201F4000280A7070280CB070F77030462146F2F73FFB05B0F0BDC0463F420F00F8B50646C3
:201F60000F4F38781225002801D02846F8BD0C460C48864208D1204607F05AFD0546002892
:201F8000F3D13C700025F0E7304602F015F80028EBD03046214608F019FE0546E5E7C04674
:201FA0002C8A0020FDFF00001CB504460E4801A9224605F025FC002801D0019812E0E0074B
:201FC00001D100200EE009484178002904D0083001211022002303E01830054B0421102299
:201FE000F9F7B8F9C0B21CBDA91F050098820020240D060070B504460498002801D00B2088
:2020000070BD022B0AD10598137852781202D61832468243100403D0802070BD0D2070BD4C
:20202000C86805682046294609F089FBB2B2904201D1002070BD2046294605F00DFC70BD5C
:20204000FEB514460D46064600920E4802A932462B4605F0D5FB002813D10B4F3878FF2856
:202060000FD00A2006F0D6FB00280AD00146B1200880002008714E80CD800C81387807F006
:2020800029F9FEBD41200500798A00207FB50D4604460F4803A922462B4605F0B1FB002864
:2020A00001D0039E11E02046294605F051FB064600280AD102A90D800648007800910026A3
:2020C0007F2321463246FEF761FFF0B204B070BD8D200500138B0020B0B504460F200AF05F
:2020E000BDF8002819D00D4D2878002812D00C48007800280ED1032006F08CFB00280CD09F
:20210000014691200870102048708C70287807F0E1F8B0BD204606F0E4FCB0BDE979002063
:20212000148B0020B0B5114D90202872882068720120A8720220E872002028738021697362
:20214000A8732022EA7328746874A974284613300524214609F0C0FFFF20287068707F2009
:20216000A870E81C214609F0B7FFB0BDDF870020F8B514460D46064680000C3006F04AFB9D
:20218000002816D0014670000A4A0A808E700A460C3213184A608B600026B04205D0AF5B59
:2021A0009753A75B9F53B61CF7E70348007807F091F8F8BD90130000EA79002001461039E3
:2021C0001F2904D8012088400E49086015E00F2808D00E280BD002280FD109480168012237
:2021E000D20708E0064801680122920603E004480168012212070A430260BFF36F8F7047C2
:2022000004ED00E000E200E0F8B50125104F0F480178E8B2884217D839681E2646438819C7
:20222000FF228A55C01D00240622214609F029FB386880190D301022214609F022FB38682C
:20224000801944776D1CE2E70020F8BD047A00209C790020B0B5002906D00C4605460AF035
:2022600089F9002802D0B0BD1220B0BDE8B20AF0ADF901680988402907D1EF21DF2906D073
:2022800022784254491E641CF8E70C20B0BDF121012242540521FF22F8F79EFE0020B0BD85
:2022A0000F4802680F490B884988194392070BD4002910D00222826002689207FCD50120C9
:2022C00081430948016006E001220B469343064A1360002900D07047022141617047C04663
:2022E0000C000240F87800200400084070B50F48457DC48A002D14D06005860E0AF06AFAC0
:2023000019384543E817000E281800128019012800DC01203F2800D33F20400104490C4053
:202320000443A0B20349086070BDC046988600201FF80000AC300840F8B50A460E490F4BF6
:202340001C68E405650D0C680326B44365190C4EAD191646002E03D080C880C5761EF9E70E
:20236000900020185A681206920D821A00DB104606F0DCFDF8BDC046B8110840B8100840A4
:2023800000380940F8B5064600240028204618D00D460E480068C00505D000223046294677
:2023A000F9F7B2FF0DE017467D20C100104602F047FB0246781C00D13A4630462946F2F74F
:2023C0005DFA012800D0E4432046F8BD04ED00E0002810D0104A5161002141707F2383701F
:2023E0000378DB0709D111805180D180118151818160C1600BE000207047018911804189E6
:202400005180817BD18081891181C17B5181007802210140480870477C2009407CB50D46A8
:2024200004465C2109F058FE6E4630460AF0B6F901203070201D0021324600F061F8094E7C
:202440003078002808D102F0DDFE09F001FB0AF009FA09F0D5FB3078401C3070A565204637
:202460007CBDC046D8770020042906D002290CD001290DD10D49498D10E0022A0AD0012A4F
:2024800008D10A49CA8D498E07E00849898D05E0002070470549CA8D098E1143044A126880
:2024A00038234343D018418001207047D4830020B88A00200288114BD2180A2A1CD8920057
:2024C00001A39A589746C046F5240500F5240500F5240500F5240500F9240500F9240500C7
:2024E000F9240500F9240500F5240500F5240500F52405002D3001707047C046FFEFFFFFC7
:20250000BCB50D460346002A15D01078002812D003200090012000210A4603F050FF04463C
:20252000002D0ED0002C0CD0002120460A460B46F1F7DAFF05E0044829461A4605F0BCFDF1
:2025400004462046BCBDC046FFFF000080B50D480178002904D001780B48FEF797F980BDC0
:20256000012001020948026A002A02D012680A4202D1C2690A4203D083680549054A984734
:2025800080BDC046F3790020B07600202C020600BC05009038000094B0B50F4801690F4D53
:2025A000002915D0406A0E4C2068002800D12068816D00290DD10420F2F7B2FA00282946BB
:2025C00007D02168002900D121688865014600E029460846B0BDC0464C800020FC78002054
:2025E000E48A0020B0B50146002000291DD00C78002C06D00D490A78012A16D10020087063
:202600000FE04A788B781B029A18084BDA82C97819761D78012D08D10220187090B208F038
:20262000EBFE2046FBF752FA0120B0BDDC750020F8B5009000273C460E488078844214D22E
:2026400000984068C15B00290FD0C519A868002801D0FAF7DFF800260C222846314609F035
:2026600010F92E80641C0C37E6E7034800990880F8BDC04698820020FFFF000070B541400E
:2026800000220E4B0E4C0F4D022A13D80E091E401940090171188E08264021408900711822
:2026A0004E082E4029404900711811264E433118521CE9E7414088B270BDC0460F0F0000C0
:2026C000333300005555000080B500211048082904D0421800235370491CF8E7D02141720F
:2026E000302181727821C172082101731022427300228273C2730274FF224270827879231B
:202700001343837002790A43027101F0D8FE80BD26770020FCB50A791F2313400B710246E7
:202720003B3200923B240023019003551C461D46052D14D00026082E0ED04F5DF740FF0731
:2027400008D09F19E2B2019882183D201754641C00980470761CEEE76D1C0833E8E7FCBD1B
:2027600010B5002101720E4801680E480278084603681C7A002C03D15B6E1B78934203D01E
:20278000C0688842F4D110BD074C21780229FAD303F090FC0AF03EF82078401E207010BDCF
:2027A00090790020D6790020F9790020F8B50F4D0F48C66800270F4CF8B22178491D814273
:2027C0000BD91C2141437018002282707552001D7F1C182109F080FCEEE705498D8000203B
:2027E000C880488008708860F8BDC046FFFF000078770020F6790020FEB50191029002F049
:202800001DFF0446012002F019FF06460025002C2F4600D06768002E00D07568002F0ED08E
:20282000029802F0CFFE002809D0002D07D0F869E969019A891A05F011FB002800D03446D6
:202840002046FEBDB0B50C46C0B209F0BFFEFF2100281BD04279002A18D0002C09D0012C46
:2028600014D10F21490142580123DB07134343500BE00F214901421843581479F825254007
:202880000124E407A3434350157100210846B0BDB0B504461048416A491C4162E06A002821
:2028A00017D00168E16205696968002901D02A680A602A68002A00D0516081680968002990
:2028C00003D0C068002800D08847284601F0EAFCE4E7F0F7AFFDB0BD4C800020F8B50D463A
:2028E0000646F3F743F804460E4F3868C08801F063FB002812D039680F78408808F0DAFAC3
:202900000146002F00D035460622284608F00EFB05F090FE411E8841A87100E0142420461D
:20292000F8BDC046C8890020F8B5104E00203070402009F067FF002817D004460C4F38688D
:20294000816F202520462A4608F0F0FA204620303968896F20312A4608F0E8FA204604F046
:20296000A7FF3070204609F055FFF8BD087A0020C889002081B0B0B587B00C460B93059242
:20298000002901D1214600E0611E03910025049502900BA9069108480090084B05A802AABB
:2029A000E7F77EFC002C01D002990D7007B0B0BC02BC01B00847C04675720500F5AD050030
:2029C0001FB502A87121017001A901240C7003910A4905F083FF00280ED021020848026AE8
:2029E000002A02D012680A4202D1C2690A4203D083680449044A98471FBDC046B878002061
:202A00002C020600C701009010000094BFB509F04DFD09F029FF6D46284608F079FF0024F9
:202A20002046294608F002FC0A4D28602046214608F08CFD68602868002807D028460830A1
:202A400018351022294609F06FFA00E00124204604B0B0BD38850020F8B50D46064608F079
:202A6000DDFA0F484269296800244B1C14D037687368006BB84201D09A420AD2D21A914256
:202A800007D9881A28600649086B30604869706002E000202860012408F034FE2046F8BD65
:202AA0004C800020BFB50446104D686B00280DD000AF16C705290BDC2969002902D0696A36
:202AC00000290CD06946002213460BE000200BE0694600241A462346F8F762FF04E0089A5F
:202AE00069460023F1F700FD04B0B0BD4C800020F8B500281FD003680122920200939342C4
:202B000001D90220F8BD041D00202346220704D004CB04C1401C241DF8E7009AD21E9042F1
:202B200006D2F0CBF0C1001DF9E704CB04C1401C009A9042F9D30020F8BD70B500280FD02B
:202B40000A4600242146234606F092FA0546481E814101290AD1FFF71FFD8B2101600FE029
:202B6000FFF71AFD16210160002409E0284603F0D9FA002804D00646294609F0ADFA34469E
:202B8000204670BD70B50C4601F016FA05460120002C1BD0002D19D0A8882080A01CA91D3F
:202BA0000626324608F0C2F92046083029460C31324608F0BBF9A87CA073A88A2082E88AD3
:202BC0006082288EA082688EE082002070BDF8B5044606463836406A020C4240618990B27F
:202BE000FFF74CFD0546252101F02AFF38202154F07822463D320346002B05D017785B1E8E
:202C0000521C8F42F8D105E04543280C20183D21415C3170C8B2F8BDF0B513681C0C80251B
:202C20004559AEB29BB2F618330C2D0C2C19E3181C04B5B264190C6001241B0CE5B2C66FFB
:202C4000AE420CD9AD005659370CB6B2F618330CDB191F04B6B2BE194E51641CEDE71846A4
:202C6000F0BD70477FB514460A4601460D4D0E20801A002300930393029301936E463070E0
:202C8000701C09F093FDF473009868670198A8670298E8670398044908602868C007FCD14C
:202CA0007FBDC0461C000C409C000C40B0B50D460446C1690D48002900D0801C0C490860AF
:202CC00020692021615C0022FFF7CCFF284607F0A5FE284607F096FEE269002A04D0A06838
:202CE000E1680123F7F7F2F9B0BDC04628002A012C000C40F8B514460D4606460E4809F05B
:202D000051FA0020214606F0D3FC074600280ED0062C05D0082C03D038688068304204D0ED
:202D2000386842683046294690473846EAE7024800F05CFDF8BDC04624740020F8B5012466
:202D400000281DD00D460746082009F0F3FB00280FD00646076045600820314605F026FA9C
:202D600000280CD0002D02D0284609F0D7FB354601E0002D04D0284609F0D0FB00E0002484
:202D80002046F8BD10B504460078D02802D1A078002812D0D2B208462146FFF7ABFF207833
:202DA000012809D16068002806D00178FE220A40022A01D1F9F72EFD10BD034801680029A4
:202DC000FAD02046884710BD40790020FEB50D4600240194009469462846F7F797FB012736
:202DE000012814D10C2009F0A5FB002810D006460560019800997160B06000242046314633
:202E000005F0D4F9002803D0304609F087FB3C462046FEBDB0B50446002818D01D46002B14
:202E200000D10C4D68682061A260A161A868E06100202075F8F750FA07482830214606F0D0
:202E400099F82878002802D02046FBF705FD2046B0BDC046640C0600747F0020BCB50C46C8
:202E60000546502003F0F6FF03460C4801A92A4604F0C6FC002801D001980CE0084881688B
:202E8000284608F05CFC800701D4012003E028462146F8F79DFAC0B2BCBDC0465D2E050038
:202EA0004083002070B50646002408F091FA05460D482146242912D04258002A03D0B24256
:202EC0000CD00C31F6E7441846500020A06009F009FB6060002802D109F026FE441828464B
:202EE00008F051FC204670BDA47400207CB504460420C64309F0E4F803F0CAFA002817D07F
:202F00000546002C0BD0601C01D1341D07E001A9204602F067FE0646002809D1019C6868B7
:202F2000012109040022234602F022F84642464130467CBD10B50C4810210170FF2000240F
:202F4000214603F0FFFFFBF749F909F00FFB0748047007480078202103F038F90548047032
:202F600005480470204610BDE4710020D8790020D2790020E2790020E1790020F8B51C4608
:202F800015460E460746022009F063F9002813D00C2005F03FFC00280ED001460698074A1B
:202FA0000A8003228A70CF708E80CD800C8148810348007806F08EF9F8BDC046913E0000AE
:202FC000E9790020F8B507460D480078C00716D01C4615460E460C2005F01CFC00280ED0AB
:202FE00001460698074A0A8083228A70CF708E80CD800C8148810448007806F06BF9F8BDAF
:20300000EE790020913E0000E9790020F8B51C4615460E460746062009F01BF9002813D08F
:203020000E2005F0F7FB00280ED001460698074A0A8007228A708F80CE800D814C818881D1
:203040000348007806F046F9F8BDC046913E0000E9790020F8B515460E460746102005F09E
:20306000D9FB002814D004460A4820800520A070A780A01D0822314607F058FF28786978AB
:2030800009020818E08104480078214606F022F9F8BDC046923E0000EB79002070B50D46E1
:2030A000064609F067FA0446002819D1F0B209F08DFA0646FF200630315C490708D430184A
:2030C0000F2101770721FC223046F7F785FF07E03046FCF777FA0F2130462A4602F0CCFA8B
:2030E000204670BD70B53024002816D00C49884213D87D21C90041430A4841600078002432
:2031000001280AD1084E307801210D03294603F05DF830782946F3F715F8204670BDC0461D
:20312000B8A10000A4780020D279002070B506460F480078112814D114460D46D00701D0DC
:20314000F5F73EF9E00601D5F5F750F8600703D5E80501D509F016FAA00701D509F046FA9B
:2031600070BD304609F08BF9304605F05FF970BDF5790020B0B505460E480078072812D121
:203180001446D00606D50C48807809F01FFA0021F7F756FC600701D509F050FAA00701D568
:2031A00009F028FAB0BD284609F069F9284605F03DF9B0BDF57900209C78002080B5002899
:2031C00017D00C494A880C4B1A404A800A881A400A800A49CA687F231B029A43CA600A6833
:2031E00078239A430A600A69054B13400B61E5F7B9FE80BD28680940FF80FFFFE8300840E5
:203200000FC0FFFFB0B50A4A0A4B00210A4C0B4D0CC0016041608160C46001614561084AD7
:20322000084B094C8161C161016224301EC0B0BDD9660300E5F304004DCE0400E1BD040001
:203240000FA80500DDCD0400B1D80400F8B51C4600920F4606468089F189451A727A337CB8
:20326000A8B2FCF7F0FE002800D0F8BDE81981B2009BC818B289904204D9F089984207D3A0
:203280000620F8BD307C224607F000FD0020F8BD0520F8BDB0B50C4605460C4800780028A6
:2032A00001D104F00DFC0A480078A8420BD9002C00D1084C0C206843074908588269284676
:2032C00021469047B0BD0020B0BDC046188B0020C30D06008C0E060050020600B0B50E4963
:2032E000097A0024012914D10C4D2978002910D100280AD0686028460830094B04211022F9
:20330000F8F728F8002802D0B0BD0220B0BD012028702046B0BDC046307800208C8300201F
:20332000480D0600F8B50F4C0F277D060520460605F024FD216D2940B14210D1E26F390392
:203340008A430121CB03D218E267074A2260226D2A40B242FBD02268C9078A43226006F053
:203360006FFFF8BDA010004012000180B0B5104801687F230B40C90BFE240C40E11A002235
:203380009C4200D21146406B0004030F01201029044600D81446032B054600D815462C4077
:2033A0006242082B00D310460A2900D31046B0BDE810004010B50C4601466079421E8B20CA
:2033C0000F2A14D30B4A1268A24210D00A4A9268A2420CD0E1600848224606F017FE002800
:2033E00004D0241D09F03CF8607800E08020C0B210BDC04650740020D877002080B501461F
:20340000F939052912D88820890001A251588F462F3405002934050031340500353405006E
:203420003D34050041340500872080BD802080BD892080BD0320F8F70FFD80BD822080BDBB
:203440008A2080BD70B588B000260196009668460690079602AC204606F0A2FF06A8214634
:20346000FEF7B6FA00280AD005460749A02208F04FF80446284608F0FFFD002C00D0F4432A
:20348000204608B070BDC0468876002070B50D460446066805F072FC8821715C002903D0B8
:2034A00006F0CEFE002411E088360121317006F0C7FE002D00D1064D2878012801D00024EA
:2034C00034706878012801D100243470204670BDB80C06000D4941430122D243904201DC87
:2034E0000C4800E00A484018C117890A41188A15FF21CB439A4200DC1A46074B984202DC3B
:20350000D005C00B704708027047C0463C553D00F2FF8600F2FF4600FFFFFF3FB0B5044626
:203520000E4D1C352D68002D17D02889A042F9D1E87A01280BD106F09BFA002806D0084899
:2035400000780421F2F7FEFDE87A00E00120401CE872C1B22046FBF741FBB0BD208100209C
:203560003777002010B5104C606800281BD0A4214158002903D0084609F04CF96068A8210A
:203580004158002903D0084609F044F96068AC214158002903D0084609F03CF9606809F0AB
:2035A00039F90020606010BD2C8A00207CB50D46088849880124884217D8002815D06E1DFB
:2035C0002B790B4802213246FEF7E2FB00280BD0288869882B79002400943246F9F756FBCE
:2035E000002802D10A2400E0102420467CBDC046D80E0600F8B517460E46054610460B30C3
:2036000005F008F9044600280CD00B482080204608306060042020726672A77220460B30CD
:20362000286006E000202860102E02D00720FEF753FD2046F8BDC04601FF0000F8B51E46C6
:2036400014460F460090202005F0E4F8002818D0054607990698A2222A706C706F802871BF
:203660006E7128460830002903D0182207F05EFC03E00021182208F004F90098294605F00F
:2036800029FEF8BD10B50520FDF7D4FC0124002817D10620FDF7CEFC002812D10420FDF764
:2036A000C9FC00280DD10720FDF7C4FC002808D105480078002803D009F065F9044600E022
:2036C0000024204610BDC046708A0020F8B50C46C0B208F07BFF05464079002815D02868EF
:2036E0004068C669EB2040002F183046214604F0B5FB002807D0688E054948430419388835
:20370000401C3880F1E70020F8BDFF20F8BDC046C4090000F8B50B460446DF20450062193A
:20372000C9204600A0190090DD204700E119184605F088FDE15D042901D0074800E0054843
:203740000088A053009AD080A079625DFEF78CFEF8BDC046C0790020C279002010B503680E
:203760005C69944201D9612412E040680C4A1268D20504D098680022F8F7C6FD05E040043D
:20378000C00F421E9868F1F779F8012805D00B24FEF702FF04600020C443204610BDC046BA
:2037A00004ED00E070B515460C4606460D48006880473168A14207D0002D09D021460C3991
:2037C00009680C3D296003E021460C39096831600C3C00212160FF21A1720349096888476C
:2037E00070BDC046888A00208C8A002070B505468068012806D1E86803F02CFE441E601E89
:20380000844111E00948416A491C4162E8680024214622462346F0F767FE06466C60EFF7F8
:2038200009FE012E00D0024C204670BD4C800020D1070000F8B51D461646009107460E4C39
:203840002078082103F0C8F8002803D02078082102F0BCFC082004F0DDFF00280AD001464D
:20386000D02008704F70062088708E808D71009805F030FDF8BDC046E6790020B0B5044654
:203880000F4D2868002816D0406E002806D1142008F0B8FF2968486600280ED010222146C0
:2038A00007F044FB2868406E0024E1430161204601F05AFF02E0072400E008242046B0BD4E
:2038C000C88900201FB5FAF70FFA0B4C606B00280FD00A4802900A480190052000900948B3
:2038E000094964220023FEF72BFAA063411E884100E0002004B010BD4C800020D06E0020BD
:20390000706400200DF903002C0E060070B500281ED0017A427A12025118827AC37A1B0225
:203920009A18120451180022D3B2994210D9047945792D022C198579C679360275192D0408
:203940002C19DB00E55CF7262E40E654521CEBE770BDF8B51E2400281CD00E46002919D06B
:203960001546002A16D007460D3007F0C7FB002400280FD1787F00280CD1791C3A783046B4
:2039800000F082F9102805D002463046294600F0BFF904462046F8BDF8B51C4615460E46B7
:2039A00007460B2008F05AFC002817D068460C210822FFF71FFE002810D00699009A531C6A
:2039C000009317705670330A9370D5701471230A53719171090AD171FDF75AFFF8BD7047FC
:2039E000B0B50C4605460C480C490161002141678167C1670A4A11600168C907FCD12046B0
:203A000006F0F4FF204602F089FC012D02D1204602F084FCB0BDC0461C000C402800000103
:203A20009C000C40F8B50446800718D01F200D468543014000910027AF4209D2E6193046A4
:203A400007F08EFF1036304607F08AFF2037F3E70098002802D0E01907F082FFF8BD0909AB
:203A60002046F5F7DDFAF8BDB0B50E4930220A7078224A708A1C401D06210B4B0C060DD01D
:203A8000047824091C5D147004780F2525405C5D951C5470491E401E2A46EFE70020107092
:203AA0000048B0BD08780020290A0600B0B505460D4808F077FB082008F03CFD002810D0A8
:203AC000002405604460094A1168002904D00A4649680029FBD1121D10600348FFF786FE96
:203AE00000E001242046B0BD24740020808A0020F0B513460A460B4D0B4E0C4F0C4C002139
:203B000045608660C7600461044C4461044C8461C1610162027041628362F0BD58000600DA
:203B20007C000600C4000600A0000600100006003400060070B50F4A131D1B68002B16D001
:203B40009D686C898442F8D89A8816198642F4D90A35561C2A461032761EEED02D888542BE
:203B60001546F8D11A3A002902D00C8000E00022104670BD3C8A0020F8B5FF2818D00C46CD
:203B800005460C4E870005F0F9F80B497A5CFC231340A203920F9A187A5406F051FB01204E
:203BA000A840610701D4103601E0306008363060F8BDC046643002400231004080B50146DB
:203BC0000E4A13781220012B12D15278002A0FD1084608F066FB00280BD0017A00290AD0C5
:203BE000006F0021017008F0ADFC002800D01E2080BD342080BD112080BDC046248A0020DD
:203C000010B509490870094800240470084804700848047008480470FEF784FA07480470AA
:203C20000748047010BDC046EC790020ED790020E9790020EA790020EB790020148B00209B
:203C4000EE79002070B50C46C80318D5012006040C480078F8F7A4FA00280FD00546007860
:203C6000012804D0032806D128460C3000E0281D0068F8F7CFFD284605F0DAFF74402046FD
:203C800070BDC046EC790020F8B5102700281BD00D46002918D014460097461C0027102F58
:203CA00011D03078C0070BD0711C0622284605F09FFF012804D130788007C00FA04203D072
:203CC0007F1CF61DEBE7009FF8B2F8BDF8B50D4601461E200091002919D0002D17D06F209B
:203CE000C743002F0FD00098C4192046723000260622314607F0C5FD7120265410202870DE
:203D0000FF1D6D1CEDE71020009908700020F8BDF8B514460D46074607F03EFD06461E20B1
:203D20000F2C16D8002F14D0002D12D007276743F019401C00210091062207F0A2FD0098F3
:203D4000F055022228462146FCF73CF8002800D01E20F8BDF8B523240C406D462C700A4931
:203D60000A4C01260A4F0F849F1830C10B604B608860CF600E614A6106480068083906F0FE
:203D800062F900B2F8BDC046C8740020387700200D0400004C790020FEB50C460646C11C0C
:203DA00002AD032728463A4607F0C0F801A831463A4607F0BBF802980749084002900198E6
:203DC000084001902046294600F0DAFC0199411A48424841FEBDC046FFFFFF0010B504469A
:203DE000FCF7AEFF002C0BD00A4800780A4909784018401C0021E172A1722072000A6072D5
:203E00002046FFF783FD05480068214602F0A8FB10BDC046D9790020E07900209C79002022
:203E200080B50C4801680C4A116041680B4808180322904302688907C90E1F238B409A43FA
:203E400019238B4013430360054801680520884780BDC046CC0A06000040084014000840F5
:203E60009400000FB0B50D460446002804D10B480B49BE2200BF00BF002D04D109480849F7
:203E8000BF2200BF00BF256028686060002801D0808900E000202081B0BDC046AC0806001E
:203EA0003EF30500CE090600B0B502460020002A1BD0137A012B01D1D38903E0012313729A
:203EC0000023D3605C185589AC420DD9002B0CD0022313721268002A07D053898B4204D3BA
:203EE000012010720020D0601046B0BD70B500280AD00D46044604F041FF06466079801E51
:203F00000E2803D3002402E000240DE001240D2807D8064881680D4320212943816008F038
:203F200095FA304606F08CF9204670BD5074002080B50C480068002801D005F058FF0A4802
:203F40000068002801D005F052FF08480068002801D005F04CFF06480068002801D005F025
:203F600046FF80BD20790020307900201C7900202879002010B5022A11D3034608784A7867
:203F800012021018188082B20020022A09D0012A11D18A78C97809028918598010BD012031
:203FA00010BD8A78CC782402A2185A800A79497909028918998010BD70B501460C4A0D4846
:203FC00003780D4800685B1C5B1E0ED04588914204D1941CA6B2B54201D005E02C463830D7
:203FE000A4B28C42F0D1383870BD002070BDC046FDFF0000F47900206C790020B0B501797F
:204000001F220A400271002211461346052A0BD0845C002C00D05B1CDDB2012D0CD8002CA6
:2040200000D02146521CF1E7180607D0481E0840C0B2411E8841B0BD0120B0BD0020B0BD3E
:20404000B0B5044608460F38052802D20020E083B0BD042902D00929F8D0F9E725469C3516
:204060002046A430082105F0B3FB0421284605F0AFFBA320C5219B28EAD0225C6254401E50
:20408000491CF8E770B514460D46064606F0D8FA002801D0446070BD142008F0B3FB00282A
:2040A0000DD00673002132C04160064A11680C38002902D00A460968FAE7106070BD00208F
:2040C00070BDC046B4790020F8B514460D4606460B480068002801D1FBF7FEFE094800685E
:2040E00080470746304629462246FFF7CBFF444244410548016838468847E000F8BDC046F6
:20410000B4790020888A00208C8A0020B0B50E4A114612688242FBD34C680D19436885427E
:2041200002D11B194B600846C418944207D1074CE46BA24203D05468E31843601268026066
:20414000814200D00860B0BD647800204C800020F8B505460D4E7469B06E84420BD20C4FC3
:20416000386A0168002908D0C06800680021C94300F086FDF4E7002003E0796A39627862CD
:2041800001202860B4662046F8BDC0464C800020747F0020B0B50446002900D10D490868CD
:2041A000A0600025E5606560496821600221C943084201D0042000E0012007F002F8002816
:2041C00001D0E06003E0204607F05AFD0C252846B0BDC046000D0600F8B50F4FFF263502AB
:2041E00004F0CCFD04463F68002F0CD00C20385E36B2864200DB06460E20385E2DB2854203
:20420000F1DC0546EFE730B229B201F0E9FA204606F016F8F8BDC0465478002070B504469F
:204220000E4E3068417807250C2915D1C06D002806D11C2008F0E6FA3168C86500280BD081
:204240001022214606F072FE04F05CFB3168CA6D90760D2048700025284670BDC889002028
:2042600080B5017A0F2908D80C490968896E3322895C012901D1062080BDE8F7ADF918285B
:2042800008D0002808D1064800780421F1F75AFF002080BD032080BD082080BDC889002086
:2042A0000A7A002010B5002803D0011F0A68002A00D410BD08380368002BFAD10123DB0796
:2042C0009A430A60074C626A521C62620968226C51182164FFF71AFFE06C401CE064EFF778
:2042E000A9F810BD4C800020F8B515460E4604460746443706F092FE4420205CFF2801D197
:20430000002038707878FF2801D10020787007F0F9F9A06B002805D12046243031462A4651
:2043200000F02EFD2046F8F7AFFAF8BD08887047EFF309800E4B1A6820381060F0C0444620
:204340004D4656465F46F0C008B572B6F6F744FF62B60CBC116808681030F0C8A046A9462E
:20436000B246BB4680F309882038F0C81847C046E48A0020FEB500AC0EC400242146A6B229
:20438000C76FB74216D9B600019A97593D0C029A93591A0C9BB2BFB289B27918CB18190C35
:2043A00052195218110C12049BB2D218009B9A51641CE4E788B2FEBD70B5062B1BD31D4651
:2043C0001446049E107851780902081830809078D17809020818708002223271701D211DB7
:2043E00006F0A4FDA91F88B23181002800D0A01DF060002070BD042070BDF0B591B06C4637
:204400004121204607F068FE2046F5F723F90646651C20272846394605F0DAF92134204685
:20442000394605F0D5F9002E00D01F26304629462246FAF70BFB002011B0F0BDB0B5054675
:204440000078A0280BD0942813D00024922814D168783E2811D12846F6F77EFE0CE0284686
:20446000EEF70AFBA8680124002806D0F8F7D2F903E02846EAF748FD04462046B0BD70B5AC
:2044800004461E20002C19D02178002916D000252E468E4210D22079617909020818A179D4
:2044A000E2791202511809040818401905F0B0F8761C21780835ECE70020607070BD7047F2
:2044C00010B50346012802D1094801210170012001020848026A002A02D012680A4202D179
:2044E000C2690A4203D0C4680349044AA04710BD177800202C020600960200901800009441
:204500007CB514460A4605460020019001A9104605F0DEF8012812D10C2008F00BF800289E
:204520000DD0064605800198706034720320314603F03CFE002802D0304607F0EFFF7CBD69
:20454000F8B50446002901D00D4600E00B4D2878002601280FD0276804F010FC39780029A8
:2045600002D005F06DFE06E00121397005F068FE2878787026463046F8BDC0468C0A06003C
:20458000B0B5054602200E2D14D80C460A498C4210D00E2D07D0022D08D13C20604380B284
:2045A00005F032FE02E0E0B205F0BEFD680003490C520020B0BDC046FFFF000078860020F1
:2045C0001CB504460D4801A9224603F019F9002805D12078B02802D16078002800D01CBD6A
:2045E00020791B2804D01228F9D1607C0128F6D16088012104F0F8FB1CBDC046C145050060
:2046000080B50879112809D07F280ED07E280BD10A4A0820002108F05EF980BD0831112236
:204620000846114607F0F4F980BD0B89024A0820002108F050F980BD8F03060085FE0500ED
:2046400080B502460C480078022801D1122080BD1820012A06D0002A0CD100290AD0074814
:20466000401C03E0002905D004481130102208F09DF8002080BDC046DC750020D085002068
:20468000B0B504460020062C17D31925ED01AC4213D8062911D3A9420FD8A1420DD39408E6
:2046A0007C2C0AD80A2B08D3AB4206D8D800521C4A435100884201D80020B0BD0120B0BDB3
:2046C0001CB50820014607F0E3F90C4CA061002812D00021CA436946FDF754FE002809D13F
:2046E00001980099002804D08847019806F086FA00E08847A069ECE71CBDC046147600209A
:2047000070B504460B4800680B4E0836804700253668002E09D0012C02D0002CF8D102E071
:20472000317A0129F4D16D1CF2E7044909688847E8B270BD888A0020848800208C8A002095
:20474000F8B516460D4607460C2004F063F8002810D00446084820808220A070A780A67103
:20476000E01D0522294606F0E1FB04480078214604F0B0FDF8BDC046913E0000E9790020FC
:2047800010B588B00022079206920592049203920292019200928B7804AA53734B7893730E
:2047A0000978D1736C4611462246FCF775FA607B0004A17B09020818E17B401808B010BD02
:2047C00070B50446481D85B22046294607F078F9FD2207F093FF0C20604308490E18707EB5
:2047E00000280AD0193602252046294607F068F9FC2207F083FF0020307070BDF86F002009
:20480000F8B515460E4601460320C0438F6899197A68914211D81C4608498A68C11C1046B0
:2048200000F04AFD386881192846224607F0BEFF0248806804F0F8FB0020F8BDD489002012
:20484000002817D00C4A53698B4201D1002104E00A498969591A416001214170118A8170DB
:204860001188018151884181D1888173118981815189C1737047C0467C200940346F002026
:2048800010B50A4C207800280ED109480021016041608160C16007480749084AF7F708FC05
:2048A00007F09CFF0120207010BDC0461B8B0020D87700201943040059400400F9BB0300F9
:2048C0007FB50B780222D243042B01D0154600E000258C6801267604B44200D82A46B442BF
:2048E0000BD8042B09D14968E20000230093019302930123EBF714FC0246104604B070BDC5
:2049000010B504F03BFA0C49CA68930853405A005A408B68CB604B688B600B684B605A408C
:204920001B0153400B600A69044C12190A61D41805F086FC204610BD88760020C5870500FF
:2049400010B50B4C20700B490A78FC2313400B7007F020FB2078062104F058FA064804F08F
:2049600017FC0648FF2141700021017010BDC0460A7A0020027F00207D8905002872002096
:204980001CB501280BD0022814D1022001AC2146FBF78EF9094A08200021234608E0012076
:2049A00001AC2146FBF784F92378034A0820002107F091FF1CBDC0461AFB050063FA050061
:2049C00070B504F0DBF904460A480178002903D0204605F035FC70BD0121017006480678C1
:2049E000064D002EF4D02868C16828468847761E0C35F6E71A8B0020F30E0600C40C060028
:204A000080B50B4A13780022012B0ED1094B1B7883420AD9002900D107490C224243074B76
:204A200098189A58126990470246104680BDC0461A8B0020F30E0600D00C0600C40C06001D
:204A40001CB50A0017D000230124E407A04200D20400944201D95200FBE790425B41904285
:204A600000D3801A914201D25208F6E719000200080011001CBD0100002007F0F8FE1CBDF8
:204A8000F8B500260D4D37462C7DA7420AD2A86A8019FF21062205F041FA00280BD17F1C3C
:204AA0000836F1E72878002806D0286A04782046ECF7FEF900E03C46E0B2F8BD208100208A
:204AC00010B50E490B461C33002422461C68002C12D0238983422346F7D12068002A01D0D7
:204AE000114600E01C3108606068002801D007F091FE204607F08EFE10BDC0462081002006
:204B000070B50C4605460846FFF756FA002814D0062003F07FFE00280FD006460021062201
:204B200006F0AFFED020307075700E20B070B48002480078314604F0CDFB70BD0E85002006
:204B4000B0B508480849094A094B0A4C0A4D036042600246083232C2F8F700FB07490870CE
:204B6000B0BDC0467C740020CD57040037CB05007576040071690500C14405000B7A002006
:204B8000F8B5002814D004460A48017800270B4D3E46C8B286420BD207480068C0194288CB
:204BA000AA4202D0A04703480178761C3837F0E7F8BDC046F47900206C790020FFFF000069
:204BC000F8B50C4606460C48006880470546204604F0BEF9002807D0074607F0D7FD30461E
:204BE000394606F09BF8F2E7204606F037FC0348016828468847F8BD888A00208C8A002037
:204C0000F0B50D494B780D490A68012B04D11178814201D1FF210DE05C1E0025EEB2FF2183
:204C2000B44207DD975D6D1C8742F7D1701C984200D0115C0846F0BD9C78002034790020ED
:204C4000B0B505460A480078A8420ED90C4609480068804708490968AA008B58A3438B5027
:204C60000649096888470020B0BD0320B0BDC046F80E0600888A0020B07900208C8A0020C5
:204C800070B50D4606460D48006AC068C468201D04F08DFC2820205C410705D421462831DE
:204CA000FE221040087004E0204631462A4603F0EDFD216A2046884770BDC046747F0020F8
:204CC000BFB50C4D286800280AD06C46204600F017F828680178C088002903D0074B02E0DD
:204CE000012004E0044B07212246FCF73FFC04B0B0BDC046C8890020B5BE0500A7BE050028
:204D0000B0B504460D480068002810D0816E00290DD00D469835088895312080201D097856
:204D200007F000FF287920722868E060B0BD00211022204606F0A5FDB0BDC046C8890020D8
:204D4000B0B514460D46FFF737F9002805D0817C082904D109498A6803E008210BE0074990
:204D60004A680521002A06D01368002B03D029462246984701460846B0BDC046C8890020B3
:204D800070B543680D4C2568EB619D6826683562256818359E687560256818359D602368D0
:204DA000986203685B1C0360002A01D00020C14308461146F6F790F970BDC046E48A0020B9
:204DC00070B50B460121CC071C430C4B1D68AC6144681D68EC61A5681E6835621D681835A6
:204DE000A66875601D681835A5601B68986203685B1C03601046F6F76FF970BDE48A0020D1
:204E0000B0B50A7802704A7842700A88022A06D0012A11D1821C8B1C0421032407E08A78AA
:204E20008270CB78021DC3700B1D062105241D7815705A78025500E002210846B0BD70B54D
:204E40000E46044606F024FF05466068A168A84203D1022901D12D2070BDE068012903D104
:204E6000314603F095F802E03146ECF749F9012802D16560002070BD912070BD70B50E4658
:204E80000446102003F0C6FC00280AD00546A0202880281D002E06D00C22314606F046F80C
:204EA00005E0012070BD00210C2206F0EAFC2046294604F00FFA002070BD70B5C0B207F0E7
:204EC00085FB0024002815D00546C089082811D346081421FFF7B4FD04460A213046FFF76E
:204EE000AFFD002900D0641CC3204000285AA04200D80024A0B270BD70B514460E46014671
:204F000005682A66EA656A6640680278084803F081FE012E06D10021012328462246E6F793
:204F200059FC70BD28462146F2F74CFC70BDC0468DE40300F8B5828801AB1A80827B9A723C
:204F400000290AD0C18801AA5180018991804189D18080891081012000E0002001A9C87234
:204F6000024805F08FFFC0B204B080BD456C04007CB515460C4606467D20C1001846FFF770
:204F80005FFD00900122304621462B46F1F7FCF92040002D01D1014600E00021A04200D17D
:204FA0000146002800D1014608467CBD7CB514460D4606465020114601F04CFF00900948D5
:204FC00001A932462B4602F01BFC002801D0019805E00022304629462346F9F737FAC0B2BB
:204FE0007CBDC046AD4F050070B50023DC4355091F231340EAB292008958D94080254559AC
:205000002646AE40B143ED18212D09D3006C10184068203DAC40A0432022D21A9040411854
:20502000C8B270BDB0B50B4D2C1D204606F0A8FD022001218902E8602961074868600748BB
:20504000214604F003F82860002801D00020B0BD06F0B4F914760020170C0600C14605006A
:2050600070B514460D4606460C2003F0D3FB00280DD0014607480880022008714E80CD804C
:205080008C600548007804F025F9002070BD132070BDC04690FF0000F179002010B5044672
:2050A0003D2007F0DBF8002811D0172007F0DBF800280CD0062003F0ADFB002807D00146B4
:2050C000034808804C800348007804F003F910BD90570000E9790020B0B50C460546132013
:2050E00007F0B7F800280FD0082003F093FB00280AD0014605480880142088708D808C7106
:205100000348007804F0E6F8B0BDC046913E0000E9790020F8B505460C4F3878002810D02B
:2051200014460E46062003F075FB00280CD00146902008704D704E808C80387804F0CAF8C8
:20514000F8BD2846FCF7C8FFF8BDC046EA79002080B5012007F012FA09490968897C491EAC
:205160004A424A41104307490968C97A491E4A424A411043044989684A1E9141084380BDF0
:20518000908800209488002060730020F8B50C4605460C4F38780026C1B2F2B28A420ED864
:2051A0001E215143625CFF2A07D061180D312846FEF7F2FD002803D13878761CECE7FF261F
:2051C000F0B2F8BD047A00201CB50B490A8869460A8000248C70094A105CC8700871CC800E
:2051E000084604F085FA0346054A2046214607F072FB06F03DF91CBD6A720020760E06009A
:2052000007FE050010B5094C6078002803D1084804F07EFC6078401CC1B26070814204D0CA
:2052200004480549054A00BF00BF10BDD877002029130500E002060035F405006F02000003
:2052400070B50D4606680C48026830462030890708D031469047044620222846314607F0C6
:20526000A5FA02E0294690470446002C01D00020C443204670BDC0468000000FB0B5054621
:20528000232003F0C7FA002812D00446C2202070E87860700121A170002804D1E01C291DAF
:2052A000202205F043FE03480078214604F012F8B0BDC046037F002010B504460C4800686E
:2052C000C00505D0002120460A46F7F71DF809E07D20C20008461146FFF7B2FB014620461D
:2052E000EBF70EFF01460020012900D0C04310BD04ED00E080B5042007F01CF901460848C1
:205300000160002909D0074800F018FC0648074B11211022F6F71EF880BD132080BDC0461D
:205320000C790020FFFF0000407B0020540D060080B5042007F0FEF8014608480160002921
:2053400009D0074800F0FAFB0648074B08211022F6F700F880BD132080BDC0461079002004
:20536000FFFF00008C7D0020600D060070B5054603F004FD04460A4E7561F068012D0AD156
:20538000002808D03078002805D10648006DFCF715FF01203070204604F052FF70BDC04606
:2053A000747F00204C800020B0B503F0E7FC0446094D287800280BD1F7F7D0F807490C203D
:2053C00004F06CFE06480168C907FCD001202870204604F035FFB0BD198B0020A9B804003F
:2053E00034600040B0B50B4805680B4CA068284003D0E168002900D088472068284003D046
:205400006168002900D088470448006807F07AF8B0BDC0464C60004068890020580C060004
:20542000B0B505460A4800680A490C1D80472468002C07D021460831A942F8D8A28889180A
:20544000A942F4D30449096888472046B0BDC046888A0020548A00208C8A0020020A53422D
:205460005341FF2800D802460F2A01D8114600E01109D8000F2A00D8001D032901D80A4693
:2054800000E08A08032900D8801C022A01D3002100E00121401870477FB50446FEF78CFDCC
:2054A000417901220A4002ADAA71811D0622284605F03CFDA9790023009301AE284632462C
:2054C000F0F722FB3078EBF7F3FC05212046FCF745FD7FBDB0B586B004460B4800906B46D9
:2054E0000220187159712A209871084D2A7820461946FFF75BFD162803D12978204602F0CF
:20550000C1F906B0B0BDC0460100FFFF37770020F8B51C4615460E4607460C2003F07AF93E
:2055200000280FD001460698D0220A704F7018228A70CF708E80CD800C814881024800786E
:2055400003F0C8FEF8BDC0460E850020F8B51C4615460E4607460C2003F05CF900280FD09E
:2055600001460698D0220A704F7007228A70CF708E80CD800C8148810248007803F0AAFEAB
:20558000F8BDC0460E850020F8B5069EFF2E16D017460C46054600930346083308481E2298
:2055A000294606F06BFC6E72AF7000986860002C05D00C3518222846214605F0B7FCF8BD12
:2055C0000759050070B501460B480078421D0B48C36800200446E6B2B2420BD91C2575437F
:2055E0005E5B8E4203D15D19AD78012D01D0641CF1E7012070BDC046F6790020787700206A
:2056000010B50B4801780B4842680B4800290ED075239B00D3181479012C02D11C78032C34
:2056200003D01433491E1A46F0E71068008810BDF67900209C780020FFFF000070B50146B8
:205640000B480078421D0B48C36800200446E6B2B2420BD91C2575435E5B8E4203D15E19FB
:20566000B678012E01D0641CF1E7581970BDC046F67900207877002010B50346FD331C7A8E
:20568000640702D41A700D2105E061239B00C31819705A701121E4F7CDF8002800D010BD48
:2056A0000348007801218903F0F74CFD10BDC046D2790020F8B50446002508260A4FE8B2CE
:2056C00006F084FF4079002806D020683968885160683968891948606D1C044800781C3646
:2056E0008542ECD3F8BDC04610850020F6790020B0B58178012906D104880A4D2968002032
:205700008847002800D0B0BD052002F073FA281DFEF7CCF90028F6D103481322214605F007
:20572000B1FBB0BD788900205D1F0500F8B515460E4607460A480068804704463846314645
:205740002A46FEF79FFC002802D00561002500E0082504480168204688472846F8BDC046A4
:20576000888A00208C8A0020F0B585B004460C480068002812D00178C288C37807465837FD
:20578000E0CF406E00950196029703902046EDF7EBFBF7F7A3FE204603F0DCF805B0F0BD06
:2057A000C8890020B0B504460C4D286841780E2912D1006E002806D1172007F023F82968C6
:2057C0000866002804D01022214605F0AFFB29680F2048700020B0BD0720B0BDC88900201D
:2057E00070B50C460B4D00210B4E715E814205DD04F06CFF28680421014329600220305E5B
:20580000A04206DA204604F053FF286808210143296070BD486000407A8A002070B50A48E4
:205820000A4C84420CD00A4D0A4EB54208D02A686968501C12789200A25890470835F4E71E
:2058400000BF00BF70BDC046B0130600A4130600C8130600E8130600B0B50A46034607200A
:20586000C4434868810702D191688D0701D02046B0BDD268E41D002AF9D00F251540F6D167
:205880001B7E042B03D005F0E5FC0028EFD00024EDE710B5062B03D0142B15D1102300E0B7
:2058A000022302980371117854782402611801809178D478240261184180401D111D1A46A0
:2058C00005F034FB002010BD042010BDFCB4020C0B0CFF242402FF34204021400C00444321
:2058E00015005D4306005E430F005743320C3B0CA818C01832043B040025A1186841C918A9
:205900006841FCBC7047BCB5002818D00446007AFF2814D0607A2188A3780025009517228E
:20592000FBF734FBA078182804D101A90D70208805F0A4F8FE2020722046F6F76FF8BCBDD6
:2059400010B55C1EA3419B00022805D0012807D1D01880002C3010BD002905D0022004E0F4
:20596000D018C000503010BD0820D118C9002B3141432F20C000081810BD7047B0B5044616
:20598000006802464932002900D109494B78492543554B680364012353700B788A681946F2
:2059A000F8F728FF002800D000242046B0BDC0465C0A0600B0B50D460446102105F072FBDB
:2059C00006CC0020083C491942410346434106C4083C012B05D1A168E268491C4241A16093
:2059E000E2601021204605F05DFBB0BD7CB504468E08084D0849284606F06AF900960121DE
:205A0000064B28462246F5F765F90548102101607CBDC04640040020008000EA24000C40B9
:205A2000286002407CB504468E08084D0849284606F04EF900960121064A28462346F5F76F
:205A400049F90548202101607CBDC04650040020008000AE28000C4028600240BCB50C4633
:205A600005468878411E0220012910D8218800290DD06268002A0AD00221104603F0A3F8C4
:205A80000090034905222846234600F06BFABCBD8DA70500B0B50446006803222146FDF78E
:205AA00029F920680125A905884206D160688069002805D006F032FD2068E907884204D0DE
:205AC0006068002801D006F029FDB0BDB0B50446002901D000250BE009491046FEF7B0FF77
:205AE00008462146FCF714FA002806D005460121204604F08BF92846B0BD0025FBE7C046BF
:205B000040420F0010B5002809D1022907D309491031094C0020224601F07AFF04E0C8079B
:205B200001D0034C00E0014C204610BDC0780020C8780020DC750020B278002010B50B4C56
:205B4000A04207D003F000FB002802D004800021817010BD0020064A13789842F9D20C8015
:205B600000238B70401C091DF6E7C046FFFF0000F4790020B0B50B48046804610A4D002C0B
:205B80000FD02046FAF7F6FC1F21414001208840844368688A008258002AF0D0C8B29047FD
:205BA000EDE7B0BD543002409C0A0600F8B506F087FA044600250A4E05F00AFCFF27062DF3
:205BC0000AD03188002907D071680968A14202D06D1C1036F2E72F4605F0D5FDF8B2F8BDF0
:205BE000986F0020F8B50D467D21CA0000242146234603F03DFA06460F4606F094FE024687
:205C000030463946234605F0D3FCC20F0A4302D00220C44300E028602046F8BD70B508CACF
:205C2000C46F641CA34200D323460C461D46002D03D040CA40C46D1EF9E79A0089181A46C7
:205C4000C46F641CA24203D2002410C1521CF7E7184670BD0F2806D00E280BD10948016833
:205C60000122D20603E007480168012252060A430260704710381F2803D801218140024816
:205C80000160704704ED00E080E200E0B0B50C460546082002F0BEFD00280AD0014607486A
:205CA0000880002088708D808C710548007803F011FB2846214606F076FEB0BD9105000034
:205CC000E9790020B0B504460B4D0621204606F049FC2068411C05D0002808D1A088002868
:205CE000F3D002E0A088A842EFD0000A00E06079C02101436171B0BDFFFF0000B0B514464A
:205D00000A4601461220012C0FD801290DD8002A0BD0074D2868F4F7CDFDFF2806D029686B
:205D20001E224243881844770020B0BD0220B0BD9C79002010B5014601200B4A54680B6841
:205D40009C4202D0002B00D010BD94684B689C4201D0002BF8D1D2688868824202D0411E5A
:205D6000884110BD002010BD9886002010B5C1B200247F290ED008484068F1F76BFE010C2A
:205D8000064A914201D1012404E0054A9082D182FCF7ACFA204610BD48780020FFFF0000A7
:205DA000988600201FB50B48018801A8018019210A01428049010291C83202810024847250
:205DC00000F0A0FF0346044A2046214606F083FD1FBDC0466A72002080FD0500B0B501F0A4
:205DE0006FFE094D284606F032FD012420462946FDF750FA05490860002803D0044906F021
:205E00005FFA00242046B0BD70790020747900203C780020F8B50E4607460B4948680028CE
:205E200007D014461D46804707492B462246002808D08868F90289190424009405F097FF0A
:205E4000C00FF8BD0B20F8BDF082002003220A40022A04D0012A07D1B02104220FE00422CE
:205E6000114004D0062203E00522910107E00822002902D0E721C90001E02D2189019040D3
:205E80004018704770B50A4D2A6D002482420DD2032082432A6507480668B11A0648801834
:205EA00001F07CFE002800D070BD2E65204670BD70680020A00E0600EC740020F8B51446F9
:205EC0000D460B4F0668306A2036002805D13A68002130469047002804D17B6830462946E4
:205EE00022469847002801D00020C043F8BDC0467800000F08480068C1034A150748504340
:205F0000074A914201DC084900E006490818C117890A401880157047306000401CB2100023
:205F2000FFFFDF007785B4FF778574FFB0B50C46094D02F023FF0949296029680129FCD0E3
:205F400007490C6009682A46083A116000242C6004F076F92046B0BD0813004051E5CC1A94
:205F600004790020F8B51E4615460446069800902046EEF79FFB074600280AD106480268B3
:205F8000002A06D0012D01D13078451CE9B2204690473846F8BDC046AC8A002070B504F078
:205FA000DFF800240A4D2646287D86420FD2A86A0019FF21062203F0B1FF002804D1A86AB0
:205FC0000119887903F0E4FB761C0834ECE770BD20810020F8B5009316460C4605461020DC
:205FE00002F018FC002810D00746D02038800920B870FC70381D0622314604F097FF0098CB
:20600000F8602846394603F065F9F8BDB0B5002813D004464088012103F0DEF8E06A002856
:2060200001D006F0F7FB002538222046294605F028FC03486080257100E002252846B0BD97
:20604000FFFF000070B50C4605460A4E3068002808D1094801780620484306F0D3FB3060C0
:20606000002805D0062255434019214604F05EFF70BDC04614790020F479002010B506F02A
:20608000A5FA0021002810D071229200835CDB070BD08418064907220A70052102F06AFB6C
:2060A0002078FE21014021700121084610BDC046F5790020B0B50146C0680A680A4B1C6867
:2060C000A04200D1196003680B608B888C6885888D80838083688B6084600260C268CA602A
:2060E0000021C160B0BDC04690790020B0B50C460546002028720A480078002802D0281DFD
:20610000F1F710F92846FBF7A3FD432C01D03C2C04D1FF2228462146F8F7C4FDB0BDC046F8
:20612000F979002010B5002804D004460720C043844205D3FCF730FA16210160002010BD58
:2061400008342046EEF7ECFC002803D000604460083010BDFCF720FA0C21EEE7B0B505460D
:2061600008480068804704460748C068A84203D10648006805F0E6FD0548016820468847A8
:20618000B0BDC046888A002048890020887900208C8A00200024204603F065FE0848C268B8
:2061A000084B083308490120F5F766FD002801D005F004F9E7F716FFE043FCF797FEF9E727
:2061C00048890020388900205D61050070B50D4606460A480068804704463046294604F0C2
:2061E0002FFA002802D00025856000E006250448016820468847284670BDC046888A0020AA
:206200008C8A002010B541600061914206D90A4C20349A4208D2994206D30BE0D11A8269FA
:20622000914207D2044C2434011D206801F09DF9002010BD012010BD747F002010B50C4CD2
:206240002068002812D00078002801D0A06800E06068002803D04068002800D080472068A1
:206260004078122802D10020FFF77EFA10BDC046C889002010B50C4C2068002813D0806FE8
:20628000002801D006F0C6FA402006F0BBFA21688867486F002801D006F0BCFA902006F0CA
:2062A000B1FA2168486710BDC889002010B50B480168FF2213040B430360016812060A4385
:2062C000026002F0BFFB06480024046000F0D8FBF4F782FF05F0DEFA204610BD20ED00E0BE
:2062E000F88A0020F0B5136880240459E443DD430023651B1C465C410D600125EEB2C76F89
:20630000B74209D9B6009759E7191C465C417F1E5C418F516D1CF1E7E043F0BD70B500226B
:206320008156002A09D0102A0CD08418835CDD09641E26787519257000E003785B0083543C
:20634000521CEEE7C90987220A40C17B5140C17370BDF8B50424002914D0154606460778FF
:206360005780022F0ED3481E009080B2B9B2FEF767FB47430099C91B090403D12880701C2E
:20638000686000242046F8BDF0B500280FD008C8102B00D310231C46002C0DD060C8554011
:2063A0000F46083760C1641E00303946F4E7002302E00A6008315B1C102BFAD3F0BD7CB517
:2063C00005460020002D06D01C46002B03D0002902D1002A00D07CBD002901D0002AFAD0D2
:2063E000069B4620012626540094284603F0BDF820467CBDBCB505460879022807D10C461B
:20640000C868002805D0072102F0DDFB02E00220BCBD002000900349062228462346EEF700
:2064200049F9BCBD5D810500B0B506240A49204605F00AFF0021204604F0B6FF01252846B4
:2064400006F0FCF92046294604F0AEFF2320000106F0F4F9B0BDC0460104002070B50446AD
:2064600000250A4E04F0B4FF062D07D03188002904D0A14206D06D1C1036F5E705F083F963
:20648000FF2501E005F07FF9E8B270BD986F002070B504462F20C64304F09AFF084932467F
:2064A00000250C3208D08B191B6B002B04D0A3421646F5D18D18243505F065F9284670BD85
:2064C000A4740020082A15D10A784B781B029A1802808A78CB781B029A1842800A794B79B9
:2064E0001B029A1882808A79C97909028918C1800020704701207047F8B514460D46064644
:206500000827384602F086F900280AD00146054808808F708E808D71CC710348007802F042
:20652000D9FEF8BD923E0000EB79002070B50C4605460826304602F06DF900280BD0014673
:20654000054808808E708D808C710120C8710348007802F0BFFE70BD923E0000EB79002011
:20656000F8B50C4605460A4E30780127C1B2FAB28A420BD81E2151436A5CFF2A04D06818C5
:206580002146F2F755F830787F1CEFE7F8BDC046047A0020032907D002290DD001290FD1D7
:2065A00050430830000970475043064941430120C0040818000D704750431030400970474E
:2065C000002070475555000080B5FF200630F9F7A5FF0748074A0421002301F0C7FF06492E
:2065E000087B8A680221F7F7C1F8FDF719FC80BD6076002061BD0500CC0A0600B0B50C466A
:2066000005460021224604F04DFB07480078002800D0B0BD7C2C01D10448C5700C2068436C
:20662000024908188475B0BDF0820020F86F0020F8B505460A4807680024002F0DD0B86867
:20664000284207D0FB683A690026284631469847002801D13F68F0E7F4432046F8BDC04639
:206660005C780020B0B50D460446084611380749884204D3064807496C2200BF00BF103DA5
:20668000658100202072E060B0BDC046FFFF0000970606003EF3050010B5094C60780028BE
:2066A00006D1084808494F22D20000BF00BF6078401E6070000600D010BD04F0CBFB10BD71
:2066C000D8770020E002060035F4050010B504280FD111242046F9F721FF0748FF21816267
:2066E00001218164054A1268426001602046F9F7E9FE002010BDC04604600240AC0E060031
:2067000010B5094C02F03AFB0849216021680129FCD0074909682246083A11600021216069
:2067200003F08EFD10BDC0460813004051E5CC1A047900200A498A6D0020002A00D07047D9
:20674000084A936A002BFAD1D36A002BF7D1486CD168491E884201D0012070470220704724
:20676000747F00204C800020B0B50A4D287800280DD1094C02202146FCF78CFD6060002876
:2067800005D0012129700834214605F099FD2878B0BDC0461D8B002098880020B0B5144661
:2067A0000D4605F065F8042801D1084800E0064801680120002905D00A68002A02D0284654
:2067C00021469047B0BDC046DC8A0020E08A002070B5002811D005460948017808304C1C15
:2067E000641E07D0861D0622294604F087FB00283046F5D1601E844100E00024204670BD52
:2068000018860020B0B50446C568002D0CD0E868002801D0F5F7FEFF6869002801D0F5F7ED
:20682000F9FF284605F0F6FF00211022204605F028F8FF206072B0BD10B5001F0C23434343
:206840000948C318588988420CD15868002809D0FF2A02D00178914204D11C1DF5F7DAFFA9
:206860000020206010BDC04698730020B0B501460948026809480378002004469C420AD223
:20688000002A04D015688D4204D0D26800E00022641CF3E71046B0BD90790020F9790020C6
:2068A000012101404A4206211140820700D5891D020700D5891CC20600D5C91C820600D50B
:2068C00012314006C00F0918C8B2002800D0481CC0B2704770B5014609480078421D09485B
:2068E000C36800200446E6B2B24207D91C2575435E5B641C8E42F6D15819807870BDC04632
:20690000F679002078770020B0B50A484168491D0022094B1C78A24207D24C1E0025258018
:20692000521C3D24E4000919F4E700210180FF218170B0BD9C780020F679002010B50728D0
:2069400013D84A0855231340CA1A332394081A401C4012191309D2180F231340012B04D1EC
:20696000024A101842788A43427010BD2677002010B50346012001020748026A002A02D0F7
:2069800012680A4202D1C2690A4203D0C4680349034AA04710BDC0462C0206006B04009062
:2069A0002C00009480B50C210A4A102906D0535CFF2B07D0834206D0491CF6E704F0FEFCD7
:2069C000FF2004E050540C397F20C0430843C0B280BDC0463889002070B50D460646094833
:2069E0000068804704463046294603F029FE002801D0456800E0002503480168204688478B
:206A0000284670BD888A00208C8A0020B0B50C46054609480068804721460C3900220A60B9
:206A20002968002902D00D460C3DF9E72C60034909688847B0BDC046888A00208C8A00205B
:206A400009498A6909480068C36A0020002B00D07047074B1B68012BFAD8002AF8D1086A01
:206A60004969401A7047C0464C800020E48A0020486A00200021016041608160C160704725
:206A80000B4A13681868203080F30988022080F31488BFF36F8F3FBCAE4608BC04BC62B6E6
:206AA0001847C046C046C046C046C046C046C046E48A00201CB513460A4601460848007836
:206AC00001280AD1074840680624009405F04FF9002803D00020C04300E0FF20C0B21CBD58
:206AE0001D8B00209888002010B5042B13D30298117854782402611801809178D47824022A
:206B0000611841801B1F99B28380002900D0111D8160002010BD042010BD83B00290019176
:206B200069460020087082420AD00299095C019B1B5C4B40009919436B461970401CF2E76E
:206B4000684601784842484103B07047FEB5019302920E460746099D089CF7F7C5F82F6091
:206B600000206861AE610198E8612C620298002804D02820295C04220A432A54FEBD70B579
:206B800005460220002D12D00C4600290FD0601C0C21217020262946324604F0C7F92134AF
:206BA000203520462946324604F0C0F9002070BDFEB5029315460E4604462C20EDF7B0FF19
:206BC000074600280BD00898282100227A5400900197204631462A46029BFFF7B7FF384650
:206BE000FEBD704710B50446084809490160E06A8121615C0022FCF735F84434204603F055
:206C00000DFF204603F0FEFE10BDC0462C000C4028002A0110B504460068002900D10849B3
:206C20004A6842644922012383540B788A681946F7F7E0FD002800D00024204610BDC046A2
:206C40006C0A060010B504460068002900D108494A6842622922012383540B788A68194686
:206C6000F7F7C8FD002800D00024204610BDC0467C0A0600BCB50C46054609880220002996
:206C80000DD06268002A0AD00121104601F09BFF00900349072228462346FFF763F9BCBD9F
:206CA000C5C40500BCB50C4605460988022000290DD06268002A0AD00221104601F083FFC5
:206CC00000900349112228462346FFF74BF9BCBDF1BC0500BCB50C4605460988022000297F
:206CE0000DD06268002A0AD00221104601F06BFF00900349092228462346FFF733F9BCBD9C
:206D0000FFBC050010B586B00446018807486A4604F0B8F8002801D0012003E00448214692
:206D200004F0B0F8C0B206B010BDC046852B0500419A040080B5ECF7B7FF00F023FA0848FD
:206D4000016801220A430260EEF730FBFFF73CFCFAF78EFEF9F722FFE7F71BFD80BDC046F3
:206D600014000040F8B5FF2810D0044604F012FB074E3068A700C159204605F065FA002533
:206D80002046294603F0B4F9B068C551F8BDC0469C0A06001CB501AA0024147006480088EF
:206DA0005070000A907005480078D07004480421F1F796FE20461CBDC4790020F7790020EB
:206DC000022000007FB5044608AE61CE0090019502962046F3F7DDFB03AA10705470200A2D
:206DE000907003480321F1F77BFE002004B070BD2020000010B50C46014609480078012832
:206E000001D13A2010BD1220002A08D0FF2906D8002B04D0084619462346EEF7DBFE10BD9F
:206E2000148B0020B0B504460120C5432088FFF715FB0146681CFF2909D00901044A511880
:206E400005D089680029284601D020468847B0BD986F00207CB50C46064603F06FFE0028E4
:206E60000AD06D462E8000206880AC710448016828468847002801D0FF207CBDE8797CBDD5
:206E8000848A0020B0B505F04EFD094C0025294622462B4602F0ECF87D22D2002B4604F0B1
:206EA00087FBA04200D32046002900D02046B0BDFFFFFF7F00200949242805D00A18002315
:206EC0000B5093600C30F7E700200549602803D000220A521030F9E77047C046A4740020EE
:206EE000986F002070B50668446804F071FA054605F0E6F8FBF7D6FF002806D0284604F088
:206F000042FC03482146B04770BD05F00DFEC046700C06000F2805D10948006802210140AB
:206F20004808704710381F2805D804490968C14001200840704700207047C04600E100E061
:206F400010E000E0FF2803D00F280AD91220704707490878091D002807D0002204C1401E2A
:206F6000F9E78000024A1018416000207047C046E47100201221020A0E2A0DD8074A127813
:206F8000824209D9064949683D22D20042438818407941424141490008467047F67900205A
:206FA0009C7800201FB50A4601466C46204604F0B5FF074800682146FDF782FC0446000692
:206FC00002D0022003F0B0FAE0B204B010BDC046A4790020B0B50446074800688047054652
:206FE000064840681022214603F0A0FF0448016828468847B0BDC046888A0020387700200A
:207000008C8A0020074800210180074805218160016006480321816001600548012181608E
:207020000160704704200940001008400020084000300840002810D0C217034653409A1A22
:207040002032920951430122D2048918090D002800D5494202480840704700207047C04651
:20706000FF0F000010B50A4949680A0C030C1C46544380B25043400889B2594349080818C6
:20708000012189034018C00B2018401C400810BD648A0020084909680A180848416809067C
:2070A000890D006880001018054BC0188A4200DB401A00687047C046AC110840C0100840BF
:2070C00000200940F8B504460026094F3978F0B288420AD200216D4604232A4603F0D6FDA8
:2070E0002878A04202D0761CF0E7FF26F0B2F8BDD4790020F8B514460D460646084FB868CD
:207100000021C943FEF7D8F8304629462246F1F709F90446B86801F087FF2046F8BDC04644
:20712000D489002010B501280CD1074803F0AAFE0446064803F0A6FE844203D3044800788E
:2071400004F0CEF810BDC0465FB8050069C10500007A002010B5044608480461007BC006B8
:207160000BD401F00BFE06490A683F239B061A409C4312190A6003F063F810BDB88400202D
:20718000A410004080B509490A680120C30313430B600749886648630A6CC3079A430A64E6
:2071A00082020A6000F0B8FC80BDC0461411004058100040FF21090201400122130299426E
:2071C00006D000290AD1C0B2054908183C3003E0C0B203490818143000787047D04370478B
:2071E000E481002010B5044601F0C8FD07490A5D521E0A55110605D10121A140044AD36846
:207200008B43D36003F01CF8002010BDDC780020B884002080B50A4A1178491E1170806DC2
:207220005368984201D100205060080600D080BD05F017FB04F004FCFFF72EFA80BDC046A0
:20724000D877002070B50A48814201D9002070BD0C467D20C50008462946FDF7F1FBC60344
:207260006843201AC0032946FDF7EAFB801970BD18FCCF0770B514460D4601466A68A86873
:2072800082420BD9161AA64200D326462868324605F08CFA286880192860A8680019A8608A
:2072A000204670BD7CB50D780124022D0ED14D682E786D782D02AD19054EB54206D1069C5A
:2072C000022500940195FAF795FE044620467CBD02290000F8B5002400280FD00546084852
:2072E0000778C61D002F09D0B01F294603F0FAFD002802D016367F1EF4E734462046F8BDA9
:207300003F820020074901220A705107064A1161064B1860106808431060054804210160B6
:207320007047C046048B002044000840282102405820024010B504460948844209D00129E7
:2073400008D0022905D10121204601F033FF002800D010BD00212046EFF706FB10BDC046A3
:20736000FEFF000070B50C460546084800688047064601CD214603F001FD2846214601F097
:20738000F9FD034801683046884770BD888A00208C8A0020B0B5034601240025814208D9CD
:2073A0008A42204600D928469A4200D82C462040B0BD9A42204600D828468A4200D92C46C2
:2073C0002043B0BD10B5084C2079C0070AD10748016A0748FBF722F82060217901220A43EA
:2073E000227110BD206810BD98890020D48300205870002010B5094C02F05EFE08498A797C
:20740000002A03D1A04201D2012005E0002A04D01934A04201D90020887110BDE60A0000D6
:2074200030780020B0B5094C094D2888A04208D0FCF7C2FD002803D0017980220A43027181
:207440002C801720FEF790F9B0BDC046FFFF0000FE8A002010B58168094A1268914201D093
:2074600000240AE0C168491EC1600124002904D100210A460B46EDF737F8204610BDC0461C
:20748000E48A002070B50C46406801788A1E50425041042901D0450201E0012005020E2679
:2074A0003046294600F005F8002801D02560267170BD70B50C46054600263046294602F0F9
:2074C000F7F8002809D00121062D07D0082D05D0026892682242F1D000E03146084670BD2B
:2074E000BCB50D46034603200090012000210A46FEF765FF0446002D07D0002C05D0002171
:2075000020460A460B46ECF7EFFF2046BCBDB0B515460C46FCF750FD002804D0002D04D065
:207520000179214303E01520B0BD0179A14301714088022101F050FE0020B0BD70B50546F1
:207540000220002D10D00C4600290DD0691C20262046324603F0EAFC2034213520462946A3
:20756000324603F0E3FC002070BDB0B50C68621C07D002460832134652681568A542FAD97A
:2075800001E003695A684A6091608B60596008610168491C0160B0BDB0B505460020002D9B
:2075A0000CD00C46002909D005491022204603F0BDFC28782073687860730120B0BDC0468F
:2075C000FC0A0600BCB50446002100911E220B46EDF770F80546002806D104480268002A2B
:2075E00002D01E21204690472846BCBDA88A0020BCB50C4605464868002803D0032101F036
:20760000E2FA00E00020009003491D2228462346EDF750F8BCBDC04671B90500BCB50C46FF
:2076200005464868002803D0032101F0CCFA00E00020009003491B2228462346EDF73AF873
:20764000BCBDC04671B9050010B5022B10D3029C2072617210785178090208182080991ED1
:2076600088B26180002800D0901C6060002010BD042010BDBCB50C4605468868002803D0B4
:20768000052101F0A0FA00E0002000900349162228462346EDF70EF8BCBDC04635AA050001
:2076A000BCB50C4605468868002803D0052101F08AFA00E00020009003491722284623464A
:2076C000FEF750FCBCBDC0464DAA0500BCB50C4605464868002803D0012101F074FA00E0D4
:2076E0000020009003490D2228462346FEF73AFCBCBDC0462D430500BCB50C4605464868AB
:20770000002803D0012101F05EFA00E00020009003490F2228462346FEF724FCBCBDC0468B
:207720001FC90500BCB50C4605464868002803D0012101F048FA00E00020009003490B2245
:2077400028462346FEF70EFCBCBDC04623C9050070B506460124084886420BD00D461729C7
:2077600008D304F023FCA84204D33046294602F02FFF0446204670BDFEFF000070B50C4604
:2077800041780A46573A50425041132901D0C50100E040250A2630462946FFF78AFE002859
:2077A00001D02560267170BD70B50C4641780A463E3A504250410E2901D0C50000E00225C0
:2077C0000C2630462946FFF774FE002801D02560267170BD70B50C46407980000649401891
:2077E00006494558092630462946FFF762FE002801D02560267170BDF007060080FEFFFF78
:2078000082B07CB50C4606460692079303F096F90546002805D006A901913046F7F772FE56
:20782000206028467CBC02BC02B0084710B5074807490180074C2046FCF738F9002800D0A9
:2078400010BD0C342046FCF731F910BD24780020FFFF0000F887002070B514460E46054654
:2078600001F072FC002806D10548314601F06CFC002803D005808470002070BD112070BD6E
:20788000FFFF0000BCB50C460025019501A900F0BFFB02280BD0172809D001982521415C7F
:2078A000FF2901D01520BCBD253004702846BCBD10B5044600200749F9F7C2FF0648402291
:2078C0002146F8F723FD401C01D03A2010BD072010BDC04626200000BD03050010B50024F0
:2078E00007492046F9F7ACFF064821462246F8F70DFD401C01D03A2010BD072010BDC046D3
:2079000025200000FB4305007CB514460D46014601A82A46FBF76EFE00280AD00646002DC8
:2079200004D0019821462A4604F040FF3046F9F7AFFF7CBDF8B505200190064802900648F2
:2079400000900648039068460121F8F76FF8FDF769FB8FBDDC0500001D8A05004C8800206B
:20796000B0B588B0044603F033FD054601A8F6F793FA284603F007FF01980349029A216026
:207980006060A26008B0B0BD0852000010B502460023D843052A07D81201054CA25A002AC3
:2079A00002D0044CA24200D110BD0A80184610BD986F0020F8FF000070B5084B1C68084A02
:2079C000944208D01C6800258C2D03D0665956512D1DF9E71A608000115070BD08ED00E0D7
:2079E00000000020B0B50C460546F3F7B5FA002800D0B0BD012C01D91220B0BD034800680E
:207A0000012329462246EAF79DFAB0BD3879002080B503461220012B0CD800290AD0002AC8
:207A200008D005480068C11D062310461A4603F07DFA002080BDC0469C7900200748012189
:207A4000C16200220260C26205488165026082650448C1600260C2607047C04600100840D9
:207A6000002008400030084010B5074901220A60064803680324A3430360886A00234B619A
:207A800003490A7010BDC046A0110840B41008402B8B0020B0B5094D01202870287101F074
:207AA0006DF90446A868002803D1012000F09AFDA860204602F0C4FBB0BDC046D489002053
:207AC000B0B507480478074D002C05D0286800698047641E0C35F7E7034801210170B0BD75
:207AE000C30D060050020600188B0020FF221202024001231B029A4206D0002A09D1C0B2B5
:207B0000044A10183C3003E0C0B2024A1018143001707047E481002010B5044601F02EF9A2
:207B20000121A140054AD3680B43D36004490A5D521C0A5502F084FB002010BDB8840020FC
:207B4000DC780020B0B504460848C0897F2501060AD50321C901084000F01CFD2188081AD5
:207B6000801E01D42018057968B2B0BD346F0020B0B505460848C089FF24C1060AD51F2140
:207B80000901084000F006FD2988081A801E01D4281804792046B0BD346F002080B50A4682
:207BA000014607484078012806D106485430EAF731F802F049F980BD0720C04380BDC046BD
:207BC000F18500207068002006484178032900D880300078FD2804D30348044901600449A2
:207BE000416070472F03004E18110040E3887F09E3387F49B0B588B005466846202104F0A3
:207C00006BFAFEF7B1FD0446052D04D1002069462022FEF74FFF01F01BFF204608B0B0BD21
:207C2000B0B50C46022809D001280BD1049D1046194622462B46EFF71DFAB0BD204600F096
:207C400091FBB0BD2046F9F745FBB0BDB0B51A460D4607480024214603F014F95020294657
:207C6000FFF7F8F80146034803F00CF92046B0BD8145050059BF0500B0B5C80301D40024B0
:207C80000BE00C460120050405480078F4F788FA002801D0F2F7B2FB6C402046B0BDC04637
:207CA000EF790020B0B5014608486030006800280BD0026A0B4614781D78002C03D05B1CF1
:207CC000521CAC42F7D0AC42F0D1B0BD4C80002080B5FF214140074802780A40027007D146
:207CE00005480068002803D04068002800D0804780BDC046118B0020D88A002080B5064869
:207D000000880649884201D1182080BD04490A780449F3F79BFB80BD2E8A0020FFFF0000CC
:207D2000E67900208C78002010B5094C6060FF21102202F0F3F8012803D16068102103F0AE
:207D4000BFFF606804F0D6FB012002F033FA10BDDC75002008490978084A13684A1C9B1F9B
:207D6000521E05D0991DDB8883420B46F8D100E0002108467047C046E77900200879002099
:207D80001CB500280ED00446807840087E2809D8E07821880022009217221E23F9F7F6F8EE
:207DA000014860801CBDC046FEFF00000748002141610122026001600548016852079143E3
:207DC00001600448042101607047C04614210240440008405C20024082B00849019100904D
:207DE000FFE701980099884206D2FFE70198011D019103490160F4E702B07047008C0020FD
:207E0000A5A5A5A501460848027808480068002A08D04388002B02D003798B4203D01030DF
:207E2000521EF4E700207047F0790020647900204188091F0C224A43074989184A68002A21
:207E400001D0162070470A1D4368136002890A8100884881002070479873002070B5421A35
:207E6000084D6E1C01230024B2421A4600D322460E1AAE4200D82346884200D81A4610469B
:207E800070BDC04600E07072BFB5084D296818316C461022204603F049F82868C088044BA5
:207EA00011212246F9F762FB04B0B0BDC8890020D19C0500BFB5084D296828316C46102240
:207EC000204603F033F82868C088044B11212246F9F74CFB04B0B0BDC8890020119D0500E1
:207EE000B0B586B01346044601AD2980A81C0822194603F01BF8044B0B2120462A46F9F759
:207F000035FB06B0B0BDC0468F80050070B50446084E3068806F202521462A4603F006F89B
:207F20003068806F2030203421462A4602F0FEFF70BDC046C8890020BFB5084D2968183109
:207F40006C461022204602F0F1FF2868C088044B11212246F9F70AFBBFBDC046C88900204C
:207F6000F19C0500B0B50446084D68690019296A884207D103F052F8E86A401CE86203F024
:207F8000C1FB641E686900196861B0BD4C80002010B504468068084A1268904206D02046C6
:207FA000E9F7AEF8002802D1002010BD0120E168491CE16010BDC046E48A0020F8B51D46D2
:207FC00013460E460446069F0868421C184603F0ABFE6069A169E66222463032A3C220468D
:207FE00001F0A6FCF8BD1CB503460024009401AA084619462346EDF787FD002806D101A896
:20800000007801F03BFAC00600D4012420461CBD10B50C4600F036FB002807D0002C00D091
:208020002060017AFF2903D0162002E0022010BD0020FE2900D1172010BD10B50C46FFF71A
:2080400089FE002807D0002C00D020608178FF2903D0162002E0022010BD0020FE2900D10B
:20806000172010BD10B5062002F08CFD044600060CD0022000F0CEFB002807D00146102019
:20808000087000204870E0B201F024F910BD80B5022200290ED000280CD007220A700278A2
:2080A0004A704278CB1C8A70811C0822184602F03DFF0022104680BDBCB5002500280ED0C7
:2080C0000C4681420BD8134602210091002529462A46FEF774F9002801D08463054628469C
:2080E000BCBD704710B50A460146064CE068C007FCD10120A060044804F058FB032020606F
:2081000010BDC04610000C4090000C4010B50446007E02280AD1EFF30580002804D1044812
:208120000021C943FDF7C8F8606910BD002010BD0471002010B504460068002900D1064986
:208140004A6842650B788A681946F6F753FB002800D00024204610BD4C0A060010B50C46F5
:208160000978017061784170A1788170E178031DC170611D0222184602F0D8FE2089801DC1
:2081800080B210BD10B5022B0ED30298117854782402611801809B1E99B24380002900D03E
:2081A000911C4160002010BD042010BD1CB5024607484068431C08D06C462270019108224C
:2081C00001232146F6F7A0FD00E01020C0B21CBD6C780020BFB50446C8680B690A884D6882
:2081E000098900920195029103900348F3222146F6F7C2FC04B0B0BD61F8040010B507499A
:20820000C862074C21780620FCF7BAF9207800F009F8207803F04EFF10BDC0462081002087
:20822000377700201CB5044650202146FEF712FE0246044801A9FFF7E3FA002801D1024824
:2082400004701CBD25820500798A002010B5074C207003F089FF401C054908702078042100
:2082600000F0D4FDF4F74AFD10BDC046E8790020E77900201CB5044650202146FEF7EAFD69
:208280000246044801A9FFF7BBFA002801D1024804701CBD75820500348A00201CB504466F
:2082A00050202146FEF7D6FD0246044801A9FFF7A7FA002801D1024804701CBD9D82050095
:2082C000138B002080B507480068C0B2800006490858002804D041688068884702F0AAFE5D
:2082E00080BDC04604ED00E0007D00201FB5044601A8FFF735FB0298001B0549884203D33D
:20830000204601F0B9FF00E0002004B010BDC046E90300000F2804D107480168022291431F
:2083200005E010381F2803D801218140014801607047C04680E100E010E000E00F2805D186
:208340000748016802220A430260704710381F2803D80121814001480160704700E100E06C
:2083600010E000E0B0B5084D0024A8420AD8001D80B204F0C3F8002804D0691C09B200F059
:2083800022FC04462046B0BDFBFF000010B50446C06C002804D0A066F2F794FB0020E0648F
:2083A000206D002805D0E066A06EF2F78BFB0020206510BD10B50446FBF7A8FA2046F8F706
:2083C000BFFC002C06D0044800780021E172A1726172207210BDC046D9790020B0B5084D31
:2083E0000024A8420AD8401D80B2F8F773FF002804D0691C09B200F0E6FB04462046B0BD73
:20840000FAFF0000B0B5084D0024A8420AD8183080B2F8F75FFF002804D0691D09B200F0C5
:20842000D2FB04462046B0BDE7FF000080B5002801D0017981800448044901600448007805
:208440000121EDF77FFE80BDAC79002089500300D279002080B507490A6880001018064AE1
:2084600012681206920D821A00DB104600F05EFD80BDC046BC110840BC100840B0B50D468F
:20848000044600F07BFC06CD083D002902D04A606A6800E06260002A00D01446216001F034
:2084A000CFFEB0BD010C074A13464B4380B25043054A4A438018C009DE30400AC018400AC1
:2084C0007047C04612830000986E0000FEB501A803F06EFA0548006841424141044802681D
:2084E00050425041084306B080BDC0465C7900206079002007480178074A183200208142E1
:2085000005D01378FE2B03D0401C0C32F7E70846C0B27047D4790020F86F00201CB5074CF8
:20852000019401ACA17022809900091D89B204232246FDF76FFC024908701CBDFFFFFF962F
:20854000F082002080B5012803D0022808D1064A00E0044A486803780320002104F0BBF9C0
:2085600080BDC04631FE050028FF050010B504460220C043002C09D0002A07D02046083080
:208580000EC00348214600F0F5FC002010BDC0465C78002010B5C106C90F8206D20F43067D
:2085A000DB0F0406E40F5118C9180919020700D5C91CC00500D5091D084610BD0146032060
:2085C0000A460240032A01D1822070479200034B9A58034B9A6199817047C0464C0C060061
:2085E000346F0020B0B50546012000210322F8F7FDF90446002D07D0002C05D000212046E6
:208600000A460B46EBF770FF2046B0BD80B5FCF78FFE002800D080BD044A01201421F3F71D
:2086200093FC034802F0BAFF80BDC046A4840020F08A002080B507480068002806D0C0885E
:20864000FBF7BAFC002801D0343000E00248007880BDC046C8890020E5790020BFB5044683
:20866000808800290AD0E18822896389A4890025009401950295FEF7A5FBBFBD3B2100F07F
:208680006BFBBFBD01460748027807480068521C2838521E04D0038D28308B42F9D17047E9
:2086A00000207047E7790020F47800201CB50B4608884988012488420AD8002808D05A1D0C
:2086C0001B7900240094F4F7E1FA002800D10A2420461CBD1CB50B460888498801248842B0
:2086E0000AD8002808D05A1D1B7900240094F4F7CDFA002800D10A2420461CBD0146074827
:20870000027807484068521C0838521E04D0038908308B42F9D1704700207047F479002080
:2087200040830020064902220A7001214907054A1161054B18601068084310607047C0467E
:20874000048B00204400084028210240064815210160012080020549086005480168092234
:208760000A4302607047C046B82008400C0008401C210240B0B500280CD00C46054680799B
:20878000FDF784FA284603F019FFFE2C01D0DCF77BFCB0BD002001F0C7FEB0BD10B50748E5
:2087A0008078FF2806D0064800780124E103EDF7C9FC00E00024204610BDC0469C780020DB
:2087C000D279002010B50A46002400290AD0014605480078FBF778FC002803D08E20F9F7E7
:2087E0007BFC0D24204610BDD279002010B50446814202D88818A04204D2204603F0D6FF01
:20880000204610BD601E491E002AF9D08B5C8354521EF9E7B0B5002500280DD004460C302A
:2088200080B203F0EFFF002806D0002101600481FF2181720C3005462846B0BD07480168F3
:20884000002909D00648002907D04A68824200D3024609681046F6E700207047B47900206F
:208860008EC2F52810B564280BD807494C6840036421FCF7E5F801214903081A80B2A04712
:2088800010BD042010BDC0462473002070B514460D460646B0694119304622462B46FDF789
:2088A000B1FC002805D0B0694519316A30468847F0E770BD10B5031F012424061C600346B8
:2088C000083B196001460C39034B0B60014620390A60403810BDC04695B8050080B50A466B
:2088E000014607484068002808D00220002904D0002A02D00320EEF793F880BD052080BDED
:2089000018860020084802681020002A0BD0D16E002908D0926E002A05D0087A9C21515C7F
:20892000884200D308467047C889002080B5F8F705F8002801D0082080BDF9F7F5FF044875
:208940000078002801D0002080BDECF759FC80BD087A002010B508494A78FF2A0AD00C78D3
:20896000FF2C07D0D31CA34200D32346002800D1531C4B7010BDC0462872002080B5084AAE
:208980001268002A0BD0012909D1D188814206D1F4F7A4FD0120FFF7DDFFFFF763FB80BD51
:2089A000C8890020BCB5134604466D462970681C0622194602F0BAFA034B082120462A46E8
:2089C000F8F7D4FDBCBDC046ED8B050010B50446032002F0D7F8002807D0024603480480D2
:2089E000034800780121FBF76FFB10BDFE8A00200A7A002080B5022200280DD000290BD0BB
:208A0000427883781B029A180A808B1CC11C0822184602F08BFA0022104680BD80B5026871
:208A2000054B1A604268054B1A608068044A10600846F6F7CDF980BD848A0020888A0020B4
:208A40008C8A0020064801210170017101720548002101608160044941600721016070473C
:208A6000108A002010E000E07FBB000080B500280BD007494A6A521C4A620021F2F72CFBAB
:208A8000EAF7D8FC002800D080BD02F0D3FA80BD4C800020084880F3088800BF00BF04F03F
:208AA0002FF8002801D0FCF7B9FE0020F1F76CF9012004F039F8C0460090002010B50C466C
:208AC0000978017061784170A1788170E178031DC170611D2279184602F028FA2079001D25
:208AE00010BD1CB504460F2003F0B8FB00280AD001A810210122FAF77DFD002803D00199BA
:208B00000C70F8F7C5FE1CBDB0B50C46054602F05FFC21460C3900220A602968002902D03B
:208B20000D460C3DF9E72C6002F02DFEB0BD70B51C46154606460846FDF790FCFF2806D0AA
:208B4000014630462A462346F0F714F870BD0020C04370BDBCB50C460546088801A9FAF7D6
:208B6000E9FF002807D0014601A8028828462346EFF7B8F8BCBD0120BCBDB0B50546006EF6
:208B8000002800D0B0BD7D20C400204603F03AFE28660028F6D00021224602F072FEB0BDAA
:208BA000B0B500280DD07D21CC00444303F0BBFE054620462946FBF743FFA54200D9012079
:208BC000B0BD0020B0BDB0B50D460446FCF728FC002809D00146601B0A460832904203D38D
:208BE00089885118884200D92046B0BD80B5022200290CD000280AD009220A7002788B1C5F
:208C00004A70411C0622184602F090F90022104680BD7047B0B514460A460146054802F03B
:208C20004CFA19252846214601F018FB2846FFF785FBB0BDA4750020E0B50B4609791029AC
:208C400001D0022906D10021009103491022EBF731FD8CBD02208CBDBD8A0500E0B50B461B
:208C60000979102901D0022906D10021009103490822EBF71FFD8CBD02208CBDBD8A050040
:208C800010B50446006802222146FAF733F820680121C907884204D06068002801D003F0EA
:208CA0003DFC10BD10B50B4613439B0709D0491E002A08D0531E441C007888541A46204673
:208CC000F6E7F4F7B1FC10BD1CB5F3F74DF8044601AA212010700420507094700248032146
:208CE000F5F750FE20461CBD21FC00007FB508AE70CE009401950296E9F730FA0446034954
:208D0000F8F79EFD204604B070BDC046132000001CB50446F6F736FB01AA10705470200AF7
:208D2000907003480321EFF7DBFE00201CBDC0461B2000001CB50446F9F78CFA01AA10700F
:208D40005470200A907003480321EFF7C9FE00201CBDC0461A200000BCB50446FAF79EF98D
:208D6000054601AA10705470200A907002480321EFF7B6FE2846BCBD2120000080B50748DB
:208D80000068C00505D0EFF31080012181F3108880BD02F043F9002080BDC04604ED00E092
:208DA0007CB50C46054601AE69463046F7F74AFF30782870000102490818C46000207CBDB1
:208DC000986F0020F8B51C4615460E466946FCF709FF0746002805D1009831462A462346D1
:208DE000F2F74AFF3846F8BDE0B501AA10806846018005480078012804D1012001A96A46D1
:208E0000F6F730FA8CBDC0461E8B002003220B469343042B08D10C224A43044BD218303A71
:208E200011809070002070470220704798730020B0B5F5F76BF9F5F79DF9044C044D1022BC
:208E40002046294603F070F86560B0BD387700203886002007490A7802704A7842708A7849
:208E60008270CA78C2700A7902714979417100207047C046C8780020B0B505461220002DD6
:208E80000BD00C46002908D0002C05D003F004FA2870641E6D1CF7E70020B0BD07490A78D2
:208EA00002704A7842708A788270CA78C2700A7902714979417100207047C046C0780020C5
:208EC00010B5074801688A0105D40122520611430160782400E0002403F034F9001910BDDB
:208EE00070340840074A526812094A430121CB03D218120C89034018C00B5043C018000CB5
:208F00007047C046648A00200648017E7E2906D1417E408B0004090208187E3070470248D3
:208F20007047C046988600207F00FFFFB0B50C460546FFF723FF054969220A800A880A8818
:208F4000256068220A8001F07BF9B0BD08200940B0B50546FFF712FF2C68002C06D021685F
:208F60002960002900D00D460021696001F068F92046B0BDB0B50C460546FFF7FFFE0021F7
:208F800021606968616000292A4600D00A4614606C6001F055F9B0BD10B5074A5378042B09
:208FA00008D85B1C53709C001419E060D018C170002010BD012010BD8885002080B50648EA
:208FC000008802F097F90346044A0020014603F082FC02F04DFA80BD6A7200205BFE050048
:208FE00010B50146064C6069002802D1086802F0AFFD606100F006F8F6F7A2FD10BDC04633
:20900000346F0020002807D0017A012906D10168002905D0488970470020704740897047CC
:209020004189C089081A7047E0B507490968C90503D001A9F5F7FEFE8CBD00210A460B46B0
:20904000EBF752FA8CBDC04604ED00E0BFB5002203920C684B688A68C968890803AD00927A
:2090600001958AB22146F5F717FF039804B0B0BD30B514004C4325001C0044436419050027
:2090800010002900FCF722FC001904000D002100280030BD70B55B420024C56FAC420AD242
:2090A0000D6816686E401E40754020C11568754020C2641CF1E770BDB0B50024064D204640
:2090C000297D8C4206D2002804D1E0B2E7F7F0FE641CF5E7C0B2B0BD20810020074A927D8D
:2090E000521C0B1F521E05D0191D9B8883420B46F8D100E0002108467047C046208100208E
:2091000010B50C46FAF758FF002808D0846204490B784179821D18462346FCF75BFF10BD00
:209120000E85002010B5074CA060E1600021102200F0F4FE012803D1A068102102F0C0FD09
:2091400010BDC046DC750020074A1278521C0B1F521E05D0191D9B8883420B46F8D100E0FB
:20916000002108467047C046F47900200A7802704A7842708A788270CA78C2700A79027170
:209180004A7942718A798271C979C171082070473321CA430649131D08D08A18526B002ACF
:2091A0001A46F8D1C91808630020704713207047C8730020B0B50D4601240649884207D051
:2091C000FAF7FAFE002802D00079284200D100242046B0BDFEFF0000F8B50C460546002694
:2091E000054F302E07D0BA59002A02D0284621469047361DF5E7F8BDC873002010B50446DD
:209200000548007803F04DF8408D6107090F034A515A081880B210BDD8790020EC0A060080
:20922000074982894089824204D2801A884204DA01207047101A8842FADC00207047C046AF
:20924000AA10000010B5032809D8C000054BC34081246404C4400B701470012010BD002052
:2092600010BDC0460102040410B5064C2068002800D010BD04482060CC21FDF7F3F920688B
:2092800010BDC046BC8A00207C690020E0B5FEF79BFC72B601A8FEF79FFD0348034908600E
:2092A000FFF7F8FB8CBDC0460021030008ED00E080B5022807D106480168002904D004206E
:2092C0008847002800D080BD02F0FAF880BDC0467889002080B50B46014640B2002805D482
:2092E000002208461946F0F795FD03E001201A46F4F74CF8C0B280BDB0B505460320C4430A
:209300006888002801D0A41C06E0A879FDF74AFBE871FF2800D000242046B0BD10B5002335
:20932000102B0CD0934201D2C45C05E09A4202D180248C5401E00024CC545B1CF0E710BDF6
:20934000064841680968002903D04068C068006801E00020C043024908627047747F0020EE
:209360004C800020BCB5074CA5680224002D06D0AD68002D03D0069C0094A847044620461D
:20938000BCBDC046C889002080B52020EBF7C8FB00280AD00021016002460C32CB438260C9
:2093A000C360026142614160017780BD10B503F03DFA0446E9F75AFD002803D0012000079B
:2093C00002490860204603F0A7FA10BD04ED00E01FB51C460123DB43009301AB07C3044875
:2093E000406B694600232246F2F7DAFA04B010BD4C800020042B0CD10098117853781B0249
:20940000591801809178D2781202511841800020704704207047042B0CD10098117853781F
:209420001B02591801809178D278120251184180002070470420704770B50C4640783E3835
:2094400041424141CD000D2630462946FEF731F8002801D02560267170BDC2680A600169C4
:209460008A4202D02432C26070474178022902D18168C1607047FF21417070471CB5062127
:209480004843203008216C46224601F003F9002802D00020C04300E0E079C0B21CBD1CB54F
:2094A0000446088801A9FAF745FB002806D0014601A802882046F3F7CEFA1CBD01201CBD94
:2094C00070B50446468EB1B27D2045022846FBF7B7FA4643B1B2A94200D0401C8221605299
:2094E00070BD80B588B002460023009301930293039304930593069308461946E8F760F968
:2095000008B080BD10B500280CD0002303720324C481012A00D1091DCAB2921D82810382B4
:209520008474C17410BDB0B504460020002B08D0D2B20D782570954204D0641C491C5B1EB8
:20954000F7D1B0BD601CB0BD10B5026C002A0BD0C3689B18C3608468A34201D30368C36081
:209560000846194603F022F910BDB0B51C46049D00292B4600D013462B60E86329640121B3
:209580002846F0F73FF94C202C54B0BD80B502460220002A0AD0002908D0931C5078087052
:2095A000481C0622194601F0C1FC002080BD0169436882689A60826853604B68834200D1D6
:2095C0004A60002202610868401E08600868704780B5054900220A6004490A600F220A619D
:2095E00001F042FE80BDC04620000C4004010C40B0B50546FFF7C2FBE97E0024002901D052
:20960000E44301E00121E97600F01AFE2046B0BD80B5002808D00021417001700222082A18
:2096200005D08154521CFAE7002000F07DFF80BD80B5002809D00549097801700022C2729C
:20964000827242720172FAF71AFF80BDD9790020E0B50B460988172906D3002100910349A8
:209660000322FCF77FFC8CBD02208CBDEDBE050080B50649884202D102F098FC03E002F077
:20968000E5F8002800D080BD172080BDFEFF000080B5042807D840B2800004490A580920BD
:2096A000002103F018F9002080BDC04608090600002801D1054800E0001D0068002803D064
:2096C000026812788A42F7D17047C046808A002080B5072807D8054A125C0A600720114633
:2096E000FDF7E7FE80BD002080BDC046340E06001CB501888278C3780479C0880094019030
:20970000024801F0BFFBC0B21CBDC046D1A10500B0B50446044D0120A8622020FCF79AFA9A
:209720002C600248C461B0BD20210240747F0020E0B500220192054A1268D20503D001AAC3
:2097400001F0EAFF8CBDF2F7A3FD8CBD04ED00E01CB50446044801A92246FEF751F8002864
:2097600001D1024844601CBD51970500348A002080B5C00701D1002080BD0348034B0B2195
:209780001022F1F7E7FD80BD507C0020180D0600E0B5024608461146FEF724F901AA1070B8
:2097A00002480121EFF79CF900208CBD11200000B0B504C9002303604360531C0830012401
:2097C0009C4203D220C9641C20C0F9E71046B0BD10B54A1E4908D2B28218002907D00378D3
:2097E000147804701370491E521E401CF5E710BD04490968044A12689200401880180349B6
:2098000040187047B8110840B81008400038094005480721016005490A6820231343102236
:2098200093430B60006B7047A0110840B410084081B0F0B5059305A8029000900348002315
:20984000F7F719FE8EBC01BC01B00047AC88002081B0F0B5059305A8029000900348012304
:20986000F7F709FE8EBC01BC01B00047AC88002081B0F0B5059305A80290009003480223F3
:20988000F7F7F9FD8EBC01BC01B00047AC88002081B0F0B5059305A80290009003480323E3
:2098A000F7F7E9FD8EBC01BC01B00047AC88002006484178002907D042180023D3704A1E52
:2098C000427089004018C3607047C0468885002080B501F037FD0449088001F0C9FD0348B7
:2098E00001F063FF80BDC0466A720020780D060010B5064C2046FAF7D9F8002800D010BD47
:209900000C342046FAF7D2F810BDC0461088002010B506490A680B680F242403A34300031F
:209920002240101880B2C018086010BD1C11004010B50446E9F7F8FD992808D12046DEF738
:2099400049F9992803D12046E9F7E0FE992010BD10B50446012002F0EDFD002804D0014637
:2099600004700248F9F7EAF910BDC04661B5050010B50446012002F0DDFD002804D0014629
:2099800004700248F9F7DAF910BDC04689B5050004480068044901400448006D091A484288
:2099A0004841704704ED00E0FF0100004C800020F8B502A8702101704121890001AA11802A
:2099C00003920249FEF78AFF8FBDC046B878002010B50446E9F7A8FD992808D12046E4F718
:2099E00065F9992803D12046F1F736FC992010BD80B5044B1A46083203480449F6F7D6FBFA
:209A000080BDC0466085002003CA0500BDD5040010B5064B002A06D0521E0C78C0B260407A
:209A2000185C491CF6E7C0B210BDC0467CEF050010B504460548FAF7BFFA002804D04088F1
:209A4000214601F0C3F810BD122010BDFDFF000010B5054C2078012805D10448406802F098
:209A600025FC0020207010BD1D8B0020988800200648C0690021002806D00068002803D047
:209A8000C27A002AF9D1704708467047208100200649897D002908D00288D24302808278A8
:209AA000D2438270491E001DF4E77047208100200649091D0968002905D08A685289824253
:209AC000F8D1081D704700207047C0463C8A00201CB5044601AB19705A70044800780093AD
:209AE00000227E232146F7F751FA1CBD138B002005480021416101220260016003480168C2
:209B00009207914301607047182102404400084070B50446044D054E012102F0D3FD143579
:209B2000042102F0CFFD70BD0C7E0020BBA80500044903220A7001214907034A116003499B
:209B400008607047048B00205400084028210240B0B50F22002354B2002C08D4D4B2055D61
:209B60006D001D430D55035DDB09521EF3E7B0BDB0B5002808D00446001D044DA847204649
:209B80000C30A8472068A847B0BDC0465DB4050010B5002A0AD003780C78A34204D1491CB3
:209BA000401C521EF7D11C46181B10BD002010BD10B50022054B815C9C5CA14203D1521C91
:209BC000102AF8D10C46081B10BDC0466C0B060080B505490A88FF2A05D1088003480021B5
:209BE000782201F04EFE80BD16860020B06C002010B5002A0AD0521E431C00784C1C097860
:209C0000884218462146F4D0002010BD012010BD70B50C46054688B202F0F4FD06460028C3
:209C200004D030462946224601F080F9304670BD80B5002805D0811E0978FF2903D0042085
:209C400080BD052080BD0C3802F0E4FD002080BDB0B50C46054B02212246F7F787FC0546A3
:209C60002078FBF781FD2846B0BDC046D5AF050080B5044800780121FCF7A8FA024803492C
:209C8000018080BD0A7A0020FE8A0020FFFF000080B503460220002909D0002B07D0481CB4
:209CA00006220A701022194601F040F9002080BD80B503460220002909D0002B07D0481CE2
:209CC00008220A701022194601F030F9002080BD80B503460220002909D0002B07D0481CD0
:209CE00003220A701022194601F020F9002080BD80B503460220002B09D0002907D0481CC5
:209D00000D220A701022194601F010F9002080BD80B503460220002909D0002B07D0481CAA
:209D200004220A701022194601F000F9002080BD10B50C4601460220002C08D0002906D028
:209D40000B202070084602F0EBFE6070002010BD80B503460220002909D0002B07D0481C5A
:209D60000A220A701022194601F0E0F8002080BD02460220002A08D0002906D050780870DB
:209D80000F2803D8002801D00020704718207047B0B50C460546002801D10448056801F04C
:209DA0003DF96C6501F0AEFCB0BDC046E48A002010B50446002801D10448046801F02EF927
:209DC000646D01F09FFC204610BDC046E48A002004290AD101781170417883781B0259181B
:209DE0005180C0781071002070470420704710B5046840680078FCF7B5FF2068F5F7A2F920
:209E0000206801F0DDFD0020206010BDBCB50D460446FAF7D1F8002805D001A90D70204630
:209E2000FFF716FFBCBD1420BCBD1FB503AC2270120A6270FE2200230093019202232246F8
:209E4000EFF744FE04B010BD811C03290AD30146113101D0103002D10420C0437047042044
:209E6000C043001D7047704718B520239B1A04D8010000205B42994004E004009140DC4047
:209E80002143904018BD10B500280AD004464088002806D017212046F3F74EFE2046FCF7B5
:209EA000B1FC10BD70B51C4615460E46FAF784F8002804D0868205864486002070BD0120BE
:209EC00070BD012809D0832805D0032803D0022801D1012002E0022000E000200870704785
:209EE00070B504460D898E88A8B2B1B2FAF7A8FD4643A91B090400D0401CE08170BD0028B8
:209F000005D0410705D4C10705D001207047002070470420704702210840704710B50346F4
:209F20000020002B06D0002A05D01C78521E5B1C8C42F8D010BD012010BD10B504466120A5
:209F4000205C012804D0002805D1206BFAF7AAF92046FAF7A7F910BD80B502460220002ADE
:209F600008D0002906D0531C10220846194600F0DDFF002080BD80B502460220002A08D0F2
:209F8000002906D0531C10220846194600F0CEFF002080BD80B502460220002A08D0002990
:209FA00006D0531C10220846194600F0BFFF002080BD80B502460220002908D0002A06D0D2
:209FC000531C10220846194600F0B0FF002080BD80B502460220002A08D0002906D0531C28
:209FE00010220846194600F0A1FF002080BD80B502460220002A08D0002906D0531C102254
:20A000000846194600F092FF002080BD8168002902D02320830202E0826001204302484255
:20A020004841117919439180704780B50A681278082A01D0022A03D10222E4F7E9FA80BD96
:20A040000020C04380BD80B50A681278082A01D0022A03D10122E4F7DBFA80BD0020C04339
:20A0600080BD80B50A681278082A01D0022A03D10222ECF731FD80BD0020C04380BD80B568
:20A080000A681278082A01D0022A03D10122ECF723FD80BD0020C04380BD7047B0B50C4690
:20A0A0000546FEF76BFE03490D604C6000F0C8F8B0BDC0466889002004480068044901401C
:20A0C0007D20C00048438030000A704728600040FF07000018B50090002908D0002B06D0FA
:20A0E000491E5B1E0098441C00940270F4E718BDFF2807D0044A5268800013588B4201D043
:20A10000101801607047C0469C0A06001CB5044601A81A210122F9F76DFA002803D001993F
:20A120000C70F7F7B5FB1CBDE0B500F08BFD01AA107003480121EEF7D3FC00208CBDC04664
:20A1400074FC00001CB5E3F79DF801AC2070034801212246EEF7C4FC20781CBD27200000E0
:20A16000E0B500F097F801AA107003480121EEF7B7FC00208CBDC046102000001CB5F8F73C
:20A1800043F801AC2070034801212246EEF7A8FC20781CBD292000001CB5E8F76BFD01AC6A
:20A1A0002070034801212246EEF79AFC20781CBD282000001CB5F5F795FC01AC2070034830
:20A1C00001212246EEF78CFC20781CBD2D2000001CB5049C0094E8F74FFA04460249F7F71A
:20A1E0002FFB20461CBDC046322000001CB5FBF785FD01AC2070034801212246EEF770FCF6
:20A2000020781CBD4E2000001CB5F8F76BFF01AC2070034801212246EEF762FC20781CBD6F
:20A220002E2000001CB5F4F741F801AC2070034801212246EEF754FC20781CBD24200000DF
:20A2400080B505490968C90502D080F3108880BD01F058FA80BDC04604ED00E070B50C4654
:20A260000546FEF78BFD0646E1B22846F4F7BCFB3046FFF7E5FF70BDB0B5044601F0A8F86A
:20A2800005462046FBF74EFF0446284601F07BFA2046B0BD10B5F0F75FFE0446002803D18E
:20A2A00002480068FAF7EBF8204610BD3879002080B503461220002B07D0002905D0002A3A
:20A2C00003D01846F6F7E8FC002080BD80B5012904D84900034A535A83435352F7F7E0FF69
:20A2E00080BDC046F878002080B5012904D84900034A535A03435352F7F7D2FF80BDC04620
:20A30000F8780020E0B5042B00D3042304A8019000900248F7F7AFF88CBDC046AC880020A0
:20A3200080B5054B00229A70DB68834202D0FEF733FE0246104680BD88850020027C437C27
:20A340001B029A18837CC07C0002C01800048018006848436421FFE782B00094014C019477
:20A3600010BD00BF414A050080B5002801D104480068806D002801D0F9F794FF80BDC04632
:20A38000E48A002010B50322002A08D083B20007C00E0C5A641C0C525809521EF4E710BD7C
:20A3A00070B50449024678C978C203490978017070BDC046DC0A0600F10E06000548417800
:20A3C000002904D10178012901D10121417000207047C046F185002080B501220A404000E2
:20A3E00011180348C069C9B2EDF734FB80BDC046D4830020E0B5022001A9F5F759FC0028AE
:20A4000000D08CBD0320012101AAEDF7FFFD8CBDE0B5044801900448007801A900F082FBBD
:20A420008CBDC0460100D007007A002010B5FEF7A5FC04494C6900224A61FFF701FF2046D5
:20A4400010BDC046747F002010B50C46EBF73CFF002C03D00248214600F014FD002010BD44
:20A46000FD81050005491C310968002904D00A898242F9D1C87A704704207047208100209A
:20A4800080B51A2806D8012181400348014201D0FDF734FC80BDC0460010020410B50C4691
:20A4A000FEF7F0F8002806D0817A4A1CA24202D180221140817210BD801EC1B2162904D8CA
:20A4C00040B2800002490858704700207047C04678F50500801EC1B2162904D840B28000BB
:20A4E00002490858704700207047C046D4F5050005490968002904D08A888242F9D1886803
:20A50000704700207047C046E88A002010B50C46FDF720FC002806D001794A1CA24202D159
:20A5200080221140017110BD80B50549002803D14A78012A00D180BD4A680978904780BD28
:20A540004C8A002010B504242046FCF74BFE204600F0ACFF002800D010BD01F0E9FA10BD0F
:20A56000B0B50D4604463E21F9F744F8002804D04168CD704168091D2160B0BD0722024044
:20A58000C0088900034B5958095CD140012008407047C046048A002080B50146801F00788E
:20A5A000032803D102480078FEF794FE80BDC046EF79002010B504467D20C2004A43234624
:20A5C00009330248214601F0DBFD10BD879E050010B50C46F9F7F0FC01460120002904D076
:20A5E000CA8AA24201D0CC82002010BDFF2806D08000044908184068411E88417047002086
:20A600007047C046E471002080B5FF2806D08200034B9A185268002A00D0904780BDC04686
:20A62000E471002080B5044A9080044A1170FBF705F8EEF7C7FF80BD78770020F5790020CF
:20A64000024605480068002805D083688B42F9D1037B9342F6D17047B479002080B50448DF
:20A660000021016001F062FF0249086080BDC046007900207C79002010B580244440042C45
:20A6800001D300F09BFE02480019007B10BDC046388900201CB50B460004001D03494C6987
:20A6A000009200210A46A0471CBDC0462473002010B50446801EF8F70DFF02490860024875
:20A6C000448010BD5C6000407A8A002010B50446801CF8F7FFFE024908600248048010BDE4
:20A6E000586000407A8A002080B502460220002A07D0002905D052780846114602F012FA33
:20A70000002080BDF8B502A87221017001A901220A7003910149FEF7E1F88FBDB8780020F2
:20A72000F8B502A87121017001A900220A7003910149FEF7D3F88FBDB878002010B50C4628
:20A74000044909681831FCF710FF01212046F0F7C3FC10BDE48A002080B51378082B01D0A3
:20A76000022B03D11023ECF745F880BD0020C04380BD80B5002808D00F2101700022C272BC
:20A78000827242720172F9F77AFE80BD8A7802708878012801D0122000E004200988414340
:20A7A000481C80B27047B0B50023002A05D010C820C965402B43521EF7E758425841B0BD03
:20A7C00070B514460D4606462020FBF7ABFC31462A462346F8F71EFB70BD10B5C36F08C13D
:20A7E0000024C36F9C4203D208CA641C08C1F8E7184610BDE0B501AB1970012159709A706C
:20A80000110AD97004211A46FDF77EF88CBD10B50024002806D0C01D80B2EFF767FDFF2835
:20A8200000D10124204610BD2178017061784170A1788170E178C17021790171617941712F
:20A8400070470B7825464C782402E3188C78C978090209192C460904C91867E3B0B50249A2
:20A860003CC93CC0B0BDC0464C0A0600197801705978417099788170D978C17019790171FC
:20A8800059794171704710B5002808D00446007841087E2903D8F5F7A1FFFF20207010BD23
:20A8A000B0B50446FEF76AFA054601212046FFF70DFD2846FFF7C4FCB0BD80B5002A07D0F6
:20A8C000042803D0012803D1022000E000209047002080BDB0B50446FEF750FA05460121CB
:20A8E0002046FFF701FD2846FFF7AAFCB0BD10B5130607D0521E4B1C0978441C0170204643
:20A900001946F5E7084610BD0CC90839002A02D053604B6800E04360002B00D0184602602B
:20A92000704780B50A46014640B2002801D4012002E00020F2F72AFDC0B280BD10B50021DD
:20A940000522022A06D0435C845C44548354491C521EF6E710BD10B500220F2A07D80378E7
:20A960000C785C400470521C401C491CF5E710BDF8B5002905D10021039102910191009154
:20A980006946F2F77BFB04B080BD704704490A6802604A6842608A688260C968C1607047AF
:20A9A00090000C4004490A6802604A6842608A688260C968C160704790000C400168044AD6
:20A9C00011604168516081689160C068D060704790000C4080B5F4F7CDFFF7F749F8024882
:20A9E0000121017080BDC046F385002004490A6802604A6842608A688260C968C160704797
:20AA000070000C4004490A6802604A6842608A688260C968C160704770000C400168044AB5
:20AA200011604168516081689160C068D060704780000C400A7802704A7842708A7882703A
:20AA4000CA78C2708888001D80B270470A7802704A7842708A788270CA78C2708888001D6F
:20AA600080B27047E0B50B460021009102490122FBF778FA8CBDC046A5B20500E0B50B46F2
:20AA80000021009102491822E9F714FE8CBDC046BDC40500E0B50B460021009102490422AF
:20AAA000E9F708FE8CBDC046B9B20500022B07D1009811785278120251180180002070472C
:20AAC000042070470420042B07D30121194004D1009859088180026000207047022B07D1E6
:20AAE0000098117852781202511801800020704704207047E0B50B460021009102490C22AA
:20AB0000E9F7D8FD8CBDC046CDB2050081B00B2806D1684601210170684600780028FBD117
:20AB200001B0704710B504460A784B880248214600F0A8F9C0B210BD81FE030080B501F020
:20AB4000BFFA03490968401A411E884180BDC0462479002080B50348034B13211022F0F7E2
:20AB6000F9FB80BD107A00200C0D060080B5FFF7A3FA642148430249F9F762FFC0B280BDB8
:20AB8000050D00000E2803D840000349085A704700487047FFFF00007886002010B5044CBD
:20ABA000207001F0EBF920780521FEF72FF910BDE67900200C30491C491E05D00368103081
:20ABC0009342F9D11C3870470020704710B5F4F75BFF04460249F6F733FE204610BDC046FE
:20ABE000060400000348016803480840411E88417047C04604ED00E0FF010000B0B504469F
:20AC000000F0E6FB0546204600F0D2FF284600F0BAFDB0BDE0B513460A4603490091012132
:20AC2000F1F784FD8CBDC046014E0500E0B513460A46034900911321F1F778FD8CBDC0460D
:20AC4000A1BF05000721014003D003480170002070471E207047C046108B002080B500F0E5
:20AC600009F80348C0680178FFF75AFB80BDC0468885002010B5044C6078002802D0FEF750
:20AC800017FEF9E710BDC0468885002010B5044CA468C0024118204601F017FB10BDC04647
:20ACA000F08200201CB501AC227001232246FBF7B1F8014908701CBDF082002080B504481D
:20ACC0008068FAF7F9FA002801D00220C04380BDD48900203179727912025118B279F37927
:20ACE0001B029A1812045118C000704780B5C98802480022024B00F0C5F880BDCD5A05003A
:20AD000040E2010080B504494868002803D04978002900D0804780BDB884002080B5FEF79F
:20AD200029F90348006801210904F9F7DFF880BD50740020421A081A0349884200D3084672
:20AD4000510F00D150427047FFFFFF7F80B50346002901D1032200E0022200201946E5F700
:20AD600071FC80BD80B50449C968091800200222E5F768FC80BDC0465074002080B5FEF780
:20AD8000F9F80348006801214904F9F7AFF880BD5074002080B504488078022801D27F20D3
:20ADA00080BD01F015F980BDD877002080B50449282008562922895CFFF70EFB80BDC04611
:20ADC000D4830020044908704A78FF2A02D0824200D948707047C0462872002080B504492C
:20ADE00000220A70002801D0EEF7C4FC80BDC046408800204B688A689A4204D20A68531CB6
:20AE00000B6010708A68521C8A60704780B5012804D10846114600F0FBFD80BD0846F1F713
:20AE2000F9FC80BD10B50C46F2F7D6FC002C04D0002802D1204601F0EDFC10BD002800D10D
:20AE40000248034A506051707047C04631CB05004C8A002010B5044C204600F071FE143414
:20AE6000204600F06DFE10BD0C7E002001218907024A1160024908607047C046540008401F
:20AE80002C21024083B0C0B503AF0EC703A90091F4F738FB88BC02BC03B0084710B50C467E
:20AEA000F9F78AF8002803D034214454002010BD012010BD014604480068002802D0062240
:20AEC0004A4380187047C04614790020014604480068002803D04B22825C8A42F8D1704756
:20AEE000F875002010B50023C25CCC5CA24203D15B1C062BF8D11446101B10BD10B50378DC
:20AF00000C78A34204D1491C401C521EF7D11C46181B10BD034A5268034B1B78181811541B
:20AF20007047C04638890020F80E060010B5002A07D0521E4B1C0978441C017020461946B3
:20AF4000F5E710BD0348002101800348012101707047C046C6790020258B002010B5491E65
:20AF6000002A06D0531E8A5C441C02701A462046F6E710BD10B5044C2046F8F743F9216809
:20AF80000020884710BDC0462473002010B513460A460004001D0249CC690021A04710BD54
:20AFA0002473002080B5002807D0002101608160C1600A460B46E9F797FA80BD044801681E
:20AFC000002903D001680A6D521C0A6500687047E48A002002460220002906D0002A04D0A4
:20AFE0000520087010784870002070470449086880690A68D26A0A239A1A09688A61704755
:20B00000E48A002042684A6093688B6093685960916008610168491C0160704772B6044800
:20B020000168491C0160BFF34F8FBFF36F8F7047F88A00200120000703490860BFF34F8FDC
:20B04000BFF36F8F7047C04604ED00E0B0B50C46082500212846FCF72CFA002800D0257198
:20B06000B0BD10B50068C46801F05DFC60437D21C900F9F7E5FC10BD70B514460D460646FA
:20B08000FDF77CFEB561F461FFF7DAF870BD0022002904D003781A43491E401CF8E75042B7
:20B0A000504170470918491E884205D202780B7803700A70401CF6E7704770B514460D4673
:20B0C0000646FDF75BFE7560B460FFF7B9F870BD10B504C91346002B03D010C910C05B1E0F
:20B0E000F9E7104610BD012806D14879C021014040394842484170470020704700211029F6
:20B1000005D0425C491C002AF9D0002070470120704710B50C46FDF71BFF002C03D001464A
:20B120002046FDF727FF10BD80B502460120002A04D0002902D01046FFF7F2F880BD04C1F3
:20B140000122C36F5B1C9A4203D2002308C1521CF7E77047022A06D10A7849780902891891
:20B160000180002070470120704780B501200002FAF764FA002801D0406880BD002080BDBD
:20B1800000220A6042684A60002A034600D0134619604160704710B50446FFF73FFFA06B14
:20B1A0004442444100F0AEFA204610BD10B5044600F0AEFEA04201D8E14300E0614208188C
:20B1C00010BD10B5024601200021F5F70FFC0446FFF7E8FE204610BDB0B50023102B05D06B
:20B1E000C45CCD5C6540D5545B1CF7E7B0BD704780B5C000024A1018FCF79CFF80BDC04685
:20B20000C40D060080B503490A68D207FCD1FFF7EDFB80BD1C000C4080B501F047F902488B
:20B220000121017080BDC046168B002080B5C000024A1018FBF7EEFC80BDC046CC0D060010
:20B2400080B5002141761120F5F73CF91020F5F739F980BD0348824201D300207047012029
:20B260007047C0460110000080B5017F002904D0002101770120FBF7B5FF80BD10B50C469A
:20B2800000F04EFB0148046010BDC0462C000C4080B5C000024A1018FBF7D4FC80BDC0460F
:20B2A000D40D06000A7802708A784270CA7882700979C170042070470A7802704A784270D5
:20B2C0008A788270C978C170042070470A7802704A7842708A788270C978C1700420704784
:20B2E00080B501460248FFF7CDFDC0B280BDC046BD3B050080B5014602481322FFF7C2FD66
:20B30000C0B280BD5D1F050080B50248024900F047FC80BDEB780020CD2D050080B50146C5
:20B3200002482830FDF7AAF880BDC046747F002003490988814201D0FF2070470020704761
:20B3400024780020002801D0012001E00148008880B270472478002080B501460248F9F70A
:20B36000ABFF4142484180BDB4700020B0B5059C049D07462C372EC7C463FEF7D9FAB0BDEE
:20B3800080B5C000024A1018F9F7DAF880BDC046DC0D0600FF2803D00121814001480160C9
:20B3A0007047C04674300240FF2803D001221140014A81547047C0460031024082B001A851
:20B3C0000121017001A800780028FBD101F0ACFB10B5FDF7D3FC0446FFF728F8210480B2EE
:20B3E000401810BD0022002903D008C81A43491EF9E7504250417047001F024A1080024877
:20B4000001707047C68900206C8A0020012803D8024908700020704712207047057A002059
:20B42000002802D002494978017000207047C0469C780020C00705D048798009022801D89B
:20B4400000207047012070470348016801225206914301607047C0467034084010B5044621
:20B46000FDF78CFC002121606160FEF7E9FE10BD80B5FEF71DFA02480021817080BDC04664
:20B4800088850020E0B501200190024801A9F6F727FA8CBD3C0D060001460C3101710A0E90
:20B4A000C2710A0C8271090A41717047042802D80249085C70470120C0437047DC78002019
:20B4C00072B60348016801220A430260FEE7C0462C00004080B503488068002800D0804740
:20B4E00080BDC046E089002080B503484068002800D0804780BDC046E089002080B503484D
:20B500000068002800D0804780BDC046E0890020F8B500230093019302930123E4F700FEAF
:20B5200004B080BD80B5C000024A1018F6F750FA80BDC046EC0D060080B50348C0697D21F1
:20B54000ECF788FA80BDC046D483002080B5C000024A1018F7F79AFF80BDC046F40D060092
:20B5600080B50349496809680078884780BDC046F4850020002803D0024948600020704740
:20B5800011207047F485002080B50349496809680078884780BDC04688840020002803D0D6
:20B5A0000249486000207047112070478884002040B584B002AE0096ECF7E6FB029A039B40
:20B5C00004B040BD80B5408802490978F7F746FC80BDC0463777002080B50348007808218F
:20B5E000EAF7B0FD80BDC0463777002010B5044600F0B7F8002801D02018441EA0B210BD4C
:20B6000003480168012292070A4302607047C0464400084003480168012252070A430260E3
:20B620007047C046440008400349086803225207904388607047C0464C0008400A78027087
:20B640004A7842708A78C9780902891841807047034949683D22D200424388187047C046FF
:20B660009C780020024907220A70024988707047F57900209C780020024A10600248016085
:20B680007047C0468C7900208079002080B50349142201F08BF8002080BDC046940906007E
:20B6A000024609681620092903D8002901D011600020704780B50A46024B1121F5F756FF07
:20B6C00080BDC046919C050080B50A46024B1121F5F74CFF80BDC046B19C050080B50A46A0
:20B6E000024B1121F5F742FF80BDC046519D050002460220002904D0002A02D050780870C5
:20B700000020704703480168491E016000D0704762B67047F88A002080B513460A460146B9
:20B720000148FDF755FE80BD35C80500012B04D1009811780170002070470420704780B5C0
:20B74000FDF702FD002801D0807880BD002080BD80B5FEF7ADF9002801D0807880BD10203D
:20B7600080BD80B5FEF7A4F9002801D0008880BD002080BD4A09920082581F200840C24062
:20B7800001201040704710B5040C80B2F9F7EEFD2046FEF755FD10BD10B50446002802D11B
:20B7A0000020FEF7C1FE601C10BD80B5002803D00178FEF7B5FD80BD012080BD806802682F
:20B7C0000A60406848600120C002886070470B9A8118805C49780902081810A9088070472F
:20B7E000606B010A020C030E20706170A270E3707047B86B010A020C030E38707970BA70CF
:20B80000FB707047A06F029989004258D24342500298401C704701431180000C90700220E2
:20B820001099014310917047000240184B2149010A46643242435518704780B5FEF758FEA4
:20B84000002801D0806880BD002080BD80B5F8F7B3FB002801D0C08A80BD002080BD1CB5ED
:20B8600001AC002020702046FFF7DAFD20781CBD80B5F8F7A1FB002801D0807C80BD0020B5
:20B8800080BD10B50B46044611461A4600F0E8FA204610BD81B00020009072B60098002886
:20B8A000FCD001B0704710B50446002802D10020FEF73AFE204610BD80B54621415C002968
:20B8C00000D080BDF8F7EEFC80BD10B500239A4203D0CC5CC4545B1CF9E710BD80B50B46C4
:20B8E00003214258C11D184600F060FF80BD7047B0B502493CC93CC0B0BDC0465C0A06007B
:20B9000080B502491C2200F051FF80BDF0050600B0B502493CC93CC0B0BDC0466C0A060051
:20B9200080B541680148EDF7B3FB80BD50000C40B0B5044601252846FCF7EEF82577B0BD50
:20B9400080B5024A1160FFF7F3FF80BD20000C40B0B502493CC93CC0B0BDC0467C0A0600B4
:20B9600080B501460148EDF793FB80BD90000C400A7802704A7842704888801C80B27047BA
:20B98000E0B50021009119220B46FAF7EBFA8CBDE0B50021009113220B46FAF7E3FA8CBDD1
:20B9A00080B50368416801221846F7F7A3F980BD80B50249142200F0F9FE80BD1C090600F1
:20B9C00010B50446FFF7AAFC204600F0F1F810BD80B50248FDF728FB80BDC046B470002093
:20B9E00080B50248F8F762F880BDC046F8890020B0B502493CC93CC0B0BDC0468C0A0600DB
:20BA000002484068411E88417047C0462C8A002080B5EDF787FF002801D0F0F7FBFE80BDC4
:20BA2000002804D00021CA4306C00121017070470178024A1170407850707047718A00203C
:20BA400080B50248FEF72CFF80BDC046CE07000080B50248FEF73EFF80BDC046CE07000066
:20BA6000024801880029FCD07047C0460420094080B50248FFF799FE80BDC046DC0C060097
:20BA800080B50248FFF791FE80BDC046F40C060080B50346002208461946F4F7A7FF80BD3E
:20BAA00080B50B46014610461A46FDF7B1FF80BD80B58900091D89B20423FFF7E7F880BDCA
:20BAC0001CB501AC01232246FFF7E0F820781CBD80B502488068FDF7A7FA80BDD489002067
:20BAE00033460646188959891A460D321B7B70474343019A90680121C9070140C81870472F
:20BB000062892189481C80B282423746079E7047A26FE06F8000295882185268002A7047C7
:20BB20001CB501AC0221204600F01CFD20881CBD80B502480069FBF70DFB80BDB8840020F9
:20BB400080B501460148FCF799FC80BD5C780020002804D0017A022901D10068F8E77047F5
:20BB6000012801D8014908707047C046348B0020012801D8014908707047C046368B002003
:20BB800080B50249142200F011FE80BD3009060010B502491CC91CC010BDC046D00C0600EE
:20BBA0001CB5044601A8FDF7FBF8019921701CBD80B5002803D008380068F8F773FB80BD64
:20BBC00010B50446801CFEF75EFEFF20E07010BD024800210160C9430161704744000840B0
:20BBE000024800210160C943016170478400084002490A6882430A607047C0464400084053
:20BC00000248016802220A43026070478410004002490A6802430A607047C046440008405E
:20BC2000024800683F21890688437047A41000400021C943014A1161106070478400084010
:20BC400010B50446407AF4F7C9FDFF20607210BD80B5F8F7B1F9817C08394842484180BD50
:20BC600002490878002800D0886870477877002002494860002008707047C0461C8A00203D
:20BC800080B5C068002801D0FFF716FE002080BD80B502480068FEF78BF880BDE48A0020BD
:20BCA000024800688546FDF7F1FA70470021030080B50146103102462032FEF7F9FA80BDD1
:20BCC00080B5002803D0002901D000F04BFC80BD8268024B13400B4383607047F73FFC0022
:20BCE00080B50A4603214158104600F0F5F980BD0A8849884A430170501C80B270470A8849
:20BD000049884A430170501C80B2704780B5014640680722F6F7EEFF80BD80B501460020FF
:20BD20000622F6F7E7FF80BD002A03D008C908C0521EF9E7704780B5C16202638363FDF797
:20BD400047FE80BD80B501210904FDF7F1FC002080BD80B5002802D00068F3F7F3F980BD15
:20BD600080B5042801D1F8F75BF8002080BDBCB5069C05686D6A0094A847BCBD05903D4686
:20BD80000C3500210622284600E0704782B00094014C019410BD00BF1D9F05003D20029927
:20BDA00048700120079008707047039A107881210902401810807047206FE16DCA19A36FA1
:20BDC000E16F0091704708984089401C80B2498888427047A17909980278438880880090EA
:20BDE000704708984089401C80B2118A8842704738463268910078186D1C277870470F2131
:20BE000001407D2042014A43A118704708984089401C80B2518888427047206EA16E2746A9
:20BE200074378CCF009770478078A1682B4600257657009670470A9B19889A7812048918EE
:20BE40000002704780B5002001220146E4F7FAFB80BD002903D0002204C0491EF9E770477D
:20BE60000B4611461A4680B500F039F880BD80B5416980698847F4F7DDFC80BD10B57D2429
:20BE8000E400624300F07CF910BD0021425C491C002AFBD1481E7047012901D916207047BF
:20BEA00001610020704780B50A4601460120EEF7F6FB80BD80B50A4601460220EEF7EFFB8C
:20BEC00080BD0021425C491C002AFBD1481E70470021425C491C002AFBD1481E7047002394
:20BEE0009A4202D0C1545B1CFAE770470A7802704978417002207047014908607047C046C2
:20BF0000A88A0020014908607047C046AC8A0020014800687047C04604210240042303709B
:20BF2000416082600020704702230370416082600020704700210173016041608160704786
:20BF40000148401C7047C046D0850020014908607047C046D88A0020014908707047C0469A
:20BF6000128B0020014908707047C046298B00200149405C7047C0460036024001490870D4
:20BF80007047C046E9790020014908707047C046EA790020014908707047C046EB7900205D
:20BFA0000A7802704978417002207047014800887047C046C6890020014800787047C046C7
:20BFC00084880020014800787047C046288B00200148006840B270471C3208400149086042
:20BFE000002070477889002010990888401E0880000470474019001F006852420023FFE7F2
:20C0000082B00094014C019410BD00BFB1B50500A26F0832204629462B46FFE782B0009444
:20C02000014C019410BD00BF43A0040001431180000C907002207047A16EA36FE26F0092ED
:20C040000A462847115C1046483002792046FFE782B00094014C019410BD00BF7927040047
:20C0600001480168816070474C2000400148C0687047C046B8840020002802D000680021BD
:20C0800001707047014908607047C046A48A002080B5002801D0EFF745FC80BD0148007868
:20C0A0007047C046348B0020014800787047C046368B0020014948707047C046027F002025
:20C0C000014800687047C046E48A0020014800687047C046182000400A46002180B5FFF7E2
:20C0E000FEFE80BD80B5FAF7E5FEFBF723FC80BD014908707047C046EF790020014811301F
:20C100007047C046D0850020014800787047C046DC750020014908607047C046E08A002005
:20C12000014948607047C046448A0020014908607047C046448A0020002901D00020087073
:20C1400004207047014800687047C0460021024001490868886070478C0008400149087044
:20C160007047C046F2790020014800787047C046F4790020014908707047C046208B002022
:20C180001CB500240094ECF77FF81CBD014988607047C0464889002088790321081A00D2EA
:20C1A0000020704780B50021C943F8F748FE80BD0021016041608160084670470149887089
:20C1C0007047C04640880020014901607047C04614770020014948607047C046C889002087
:20C1E00080B50B200021FEF791FC80BD014840697047C0464C80002080B52421FFF76CFF89
:20C2000080BD80B50068FFF71BF880BD80B51421FFF762FF80BD80B50068FFF711F880BD27
:20C2200080B50021F6F78AFD80BD80B50F22F6F761FD80BD0021016041608160704780B519
:20C240001121FFF749FF80BD80B50022F1F78EFA80BD80B50021FEF791F980BD80B50121C4
:20C26000FEF78CF980BD80B50221FEF787F980BD80B541688068884780BD80B50C38FEF7BD
:20C28000BDFC80BD80B50421FAF78CFE80BD80B50821FAF787FE80BD80B5F8F731FBC0B2C3
:20C2A00080BD80B50021E9F7EBF880BD80B501680968884780BD80B503689B68984780BD11
:20C2C00080B50268D268904780BD10B50468E469A04710BD2420315C491C315470470B7052
:20C2E000AA78E81C2346FFE782B00094014C019410BD00BF819D03003068B169F269511AFC
:20C3000013E372B6FEE70068704701207047012070477047801C61412A463B4600E07047CE
:20C3200082B00094014C019410BD00BF7190050010889178090440187047E16CA36FE66F52
:20C340000096284707984089401C80B2704725600220A071A068FFE782B00094014C0194DD
:20C3600010BD00BF15C80400A36FE26F00920A4670470F98008910A9088070479259A36F2F
:20C38000E76F00977047A36FE26F00920A46304705460F46029A3346C2E7E16E0690079162
:20C3A00008907047552080000699085A19E300207047002070470020704700207047704729
:20C3C000A36FE26F00920A463047A36FE16F0091314638479259A36FE56F0095704780B5E6
:20C3E0000322E3F7E9FF80BD80B50121EBF7AEFE80BD401A400F411E8841704780B5012217
:20C40000EEF7E4FB80BDC0B27F38411E8841704780B501680968884780BD80B5026892695E
:20C42000904780BD80B502685269904780BD80B50120FAF7D7FE80BD80B50120FBF76CFB72
:20C4400080BD80B50420FBF767FB80BD80B5162000F060F880BD80B5172000F05BF880BDD9
:20C4600080B5142000F056F880BD80B50721EAF77BFA80BD80B5001DEAF754FF80BD80B5F0
:20C480000321FFF7ACFF80BD80B5D1B2F6F712F880BD1178423948424841704780B5FEF7B6
:20C4A00099FA80BD80B5FEF795FA80BD80B5FEF791FA80BD80B5FEF78DFA80BD09780170E4
:20C4C0000120704708888004000C7047481E81418800704780B5E8F769FF80BD004870478E
:20C4E0002478002080B5FCF74FFF80BD80B5FFF7B6F980BD80B5EAF769FE80BD80B5FBF7D5
:20C5000081FF80BD80B5F9F7A5FB80BD80B5FBF715FF80BD80B5F5F751FE80BD80B5FEF70D
:20C520006DFB80BD80B500F0FEF980BD80B5FFF7EFFC80BD80B5FDF79FFE80BD80B5EBF790
:20C54000E5F980BD80B5DBF7C1FE80BD80B5F1F7A9FD80BD00487047286D0020004870470A
:20C56000C877002080B5FAF71DFD80BD80B5F1F765FD80BD80B5FAF7FDFC80BD80B5F8F7A3
:20C58000BFF880BD80B5E2F785FA80BD80B5F0F73DFD80BD80B5E9F711FD80BD80B5F5F7C9
:20C5A00007FB80BD80B5E9F76BFD80BD80B5F4F7CAFA80BD80B5F9F761FD80BD80B5E3F792
:20C5C000A1FF80BD80B5E7F75BFC80BD80B5FFF73FF880BD80B5DFF713FD80BD80B5E3F7D1
:20C5E000F3FA80BD80B5E3F79DFB80BD80B5F1F7C9FF80BD80B5F3F713FC80BD80B5DAF79A
:20C6000031FF80BD80B5F7F71BFD80BD80B5E6F7AFFB80BD80B5FCF764FF80BD80B5DEF76A
:20C62000BFF880BD80B5D7F75DF980BD80B5FAF76BF980BD00487047FFFF000080B5FCF784
:20C64000ADF880BD80B5DEF723FB80BD80B5FAF7B9FE80BD80B5F6F7CFF880BD80B5F6F731
:20C66000F1F880BD80B5F4F709F880BD80B5FEF7F9FF80BD406800210170704706982946D9
:20C680002246FFE782B00094014C019410BD00BFB1A20500123108222846FFE782B0009439
:20C6A000014C019410BD00BFF19B050011980078012870479020215820460DE5A36FE56F93
:20C6C00000953047284632462346FFE782B00094014C019410BD00BF6D850500C11D0622E8
:20C6E0002846FFE782B00094014C019410BD00BF2DAF050029784C432146EDE402402046C1
:20C700002946FFE782B00094014C019410BD00BFA5AC0500A36FE76F00973047B978B28859
:20C720000123FFE782B00094014C019410BD00BF2D07050000202146069AFFE782B00094AF
:20C74000014C019410BD00BFA5940400A36FE66F0096FFE782B00094014C019410BD00BF17
:20C76000F98D0300204629462A46FFE782B00094014C019410BD00BF192C0500A36FE76F1F
:20C78000009770470399049F3A46ABE700210172C160704780228058086070470021017063
:20C7A00041607047406800210170704780B5FFF78CF880BD80B5FCF719F880BD80B5EEF7B4
:20C7C000C3F980BD80B5FBF7F1FA80BD80B5FBF7EDFA80BD80B5F9F78DFB80BD80B5F8F7B8
:20C7E000E3FD80BD80B5EEF737FB80BD80B5FFF7A9FC80BD80B5F5F76FFC80BD01684842CA
:20C800004841704780B5FFF795FE80BD80B5FBF76DFD80BD80B5FFF781FE80BD80B5FFF7FD
:20C820007FF980BD4160826000207047EFF3108072B6704780B5EFF72BFD80BD0138FDD111
:20C8400070478170028070470120C0437047002101607047B28A012364E7072000213AE0D6
:20C8600070477047704770477047FEE7704770470A460B4600E0704782B00094014C0194F2
:20C8800010BD00BFE9440400FF22204600E0704782B00094014C019410BD00BFD9AF0400FD
:20C8A0002846214600E0704782B00094014C019410BD00BFA19E0400A36F009500E0704757
:20C8C00082B00094014C019410BD00BF558C030020463B4600E0704782B00094014C01941A
:20C8E00010BD00BF95900500285CA98900E0704782B00094014C019410BD00BF4D5E050051
:20C9000040B2401070470120C0437047012080057047401A80B2704780F310887047088851
:20C920007047088870470120704781607047122070470220704701207047012070470120F6
:20C9400070470020704701207047012070470120704701207047002070470020704701201A
:20C960007047012070470120704701207047002070470020704701207047012070470120F9
:20C980007047012070470020704701207047002070471120704711207047002070471120AA
:20C9A0007047112070470120704701207047002070470020704700207047002070470020AC
:20C9C000704700207047002070471046704700207047012070470020704700207047002068
:20C9E00070470020704701207047012070470020704700207047012070471E207047204618
:20CA000000E0704782B00094014C019410BD00BF6D8A0500062265E61020FFE782B0009400
:20CA2000014C019410BD00BFC55505000198FFE782B00094014C019410BD00BFEDD00400F5
:20CA40003146FFE782B00094014C019410BD00BF414A05000098FFE782B00094014C01948F
:20CA600010BD00BF41A205000068FFE782B00094014C019410BD00BF91C005000846C9E66D
:20CA800001234FE60220C9E72046FFE782B00094014C019410BD00BF89C804003046FFE73A
:20CAA00082B00094014C019410BD00BFA9B305000020FFE782B00094014C019410BD00BFA7
:20CAC00029A505000420A9E70120A7E70D30FFE782B00094014C019410BD00BFFDB0050017
:20CAE0002046FFE782B00094014C019410BD00BF35980300082091E7012070471430704773
:20CB00000120704704207047042070470020704700207047401A704700687047006870478A
:20CB2000007870470170704700BFFEE7FEE77047704770477047704770470000B003000018
:20CB40001E60007000007E635A6387638B6376630000000000000000000000000000000098
:20CB60000000000000000000000014614E62FF600000000000000000070707108272E467CD
:20CB80009A7222B870B00071827290B0C080A01E8B4F9A72301E2C489CC02A6779B057894E
:20CBA0005B6441C097B091911CC02A6770A3C081101E7A477AB00B12C080301601110114A8
:20CBC000016C79604B604B607E60AE60DA622261DD619A61AA6102129763106D1016106E9B
:20CBE0000070B1841122514079846995D184011E564499850070979370B391B00070908D1A
:20CC00003022D247CE8780870E18101A6B48401E8F4F81876968848785873E1A007071C025
:20CC2000C2797460F1C0D279919481947195A29400708072229841B030904B607A8C8BC3A7
:20CC4000BB269E601CC02A67C08130227A4341C097B0919167895B641CC02A6770A3C0815E
:20CC6000101E7A470070CA673E12CC670E1E9A404D2A5F64D667B4643B2A4A8970A33B2264
:20CC8000A2447AA003129A729A66D467808A501C5E4BBE66CE676266CF6493600BC3936011
:20CCA000D1CB4D644BB0C660008A0110103910081022B0405D2AC1CB0422C2401422C24075
:20CCC0004D645D267D22C64051CC4D647D2A0D9AF1643D2A0D9ABB22D644826400701B2272
:20CCE0006447CD66BB22D640826400705080A022DC402B22DC405B2AB0101031B00050224E
:20CD00004B408264B08902107006EA403239720602087443007010CC061CF044CD66786363
:20CD20000070F0A08CC02A677CC02A6750C090913789618917185B6431CC4D6400700165FC
:20CD4000DA63AB220845908A40220F41C6670070C467908A20220E456B2E8B2A0070C88A29
:20CD6000671266CBE26707619A72F3C09212A36723B022B070A37AB00A12AB22E541DB22FD
:20CD800064472761F3C0AB267A8C276170A3A472C0679A66D4677F61BE66908A30223641DC
:20CDA000DB2236459B2236417B2A9B2ADC676266EB640B2214457B225C456B225C45208A67
:20CDC00000225241EB225241CD66DB224B445080A0225A472B225A478264108A101A6349C8
:20CDE000109A1461A08950226847308A20224B44408A40224B441461A08950226847308A0B
:20CE0000202214416863109ACA676712A96700C404041431B08A603104003416549DCEC0A3
:20CE2000E51050C001CB126DD29711167369D267F164DB264A89F3C08264549D2661DB22C6
:20CE40003342308A20229145431E624750C2501C624B651E624B588D7839671236CBE267CD
:20CE60002C61AB229741731E62476F64D863831E6247956170A37AB0F3C00A129A66D467B1
:20CE8000BE6607126266EB64CD668264908D40229A454B60AB260A12908D0022C441778DE7
:20CEA000A79392B078B3C46172B07AB05080A0225A472B225A4700715F800F2245472F22DB
:20CEC0007E4392B072A07AA0CA675F64D267F16482641A166712908D2022D2455712102201
:20CEE000D245D361A967808D001ED8410A1C4B40908D4022B44578A34B60F3C0708A001ED9
:20CF0000E44192B072B078B30A12C2679A66D4673362BE66DC676266EB640B2214457B22A7
:20CF20005C456B225C45CD66831E7043731EFE45308A20224B40DB22FE414B608264CA6742
:20CF400046105F6492B072A078A3908A40220F42F1866116AF67742A66220F427426708A6D
:20CF6000001E1C42F186E38640C10114E196628A2239D297E396E396D267F164308A20229C
:20CF8000794570638264CA6746105F64818921223046F1869116AF67742A662230427426A7
:20CFA000D267F1647063EB2A308A10223942731E4C42308A00224542808A501C1449131E0E
:20CFC0005042031E5842AB2246461461231E5942631E5842731E14456F64D86372645F62B0
:20CFE000C51E14450165A88A7712D6CAE2675F62EB2650C2501C1449651E14490165AB222B
:20D000002C45E961A08950226742402AA09948226A42709758226E42408170976822724221
:20D020003081709778227642C08C70978822804240867097803970975086709780397097FD
:20D04000A18631068742301210187197856AE06761104D64A367A967671E8F464DB0C08C22
:20D06000609C6110A2CB211800C0102440900D9A9DB000709B2A8B2A7B2A6B2AC8670A1E6A
:20D08000A442A7105B6471B0BCC098B02A6770A371A07AA09CB0CCC02A6751649410451069
:20D0A0008431843985395E102E1600706F641E1A9CB0CCC02A6751647997D0631E1EB6427E
:20D0C000D04B2E1AD04BFF22C9429CB0CCC02A679FB05164B9975F80BE628CC02A6710C03D
:20D0E00090917CC02A67C081001ED14250C0909125720070F3C07AA0CA675F64D267F16449
:20D10000B08C001E4B40FB224B4482644A89C067C26770A39A66D467F962BE669B2ADC67A0
:20D1200062661863C667908A1022F8466B2E8B2A126320C2531E0543C0C0331E05436263B9
:20D14000C88A671266CBE2671263501C6247B08C20220047531EF242C467908A00221247D6
:20D160006B2E8B2AA88A7712D6CAE2679B2AED62EB640B226447CD667B224B44531E274348
:20D18000331E4B446B224B44FB268264DC626B226C434B607180C124719000715F800F220F
:20D1A0004547AB223D472F223D4392B06A8A1A1A4A1E3B4F7A8A6A9A2D63C1287190CF20F4
:20D1C0007E430112C124919000702B26C280121E8743221E8B4790B0A1225A472D635712C9
:20D1E000A96770A353633B2256475E6312C000C8BA67976372C010C8BA67976322C020C8F7
:20D20000BA6797639212A36732C030C8BA67976332C040C8BA679763FB26308A20222246A6
:20D2200042C050C8BA67976362C09763A2CF936392CF9363B2CF60C8BA6793639F22874790
:20D240001F224F47AF225A472B225A478F63C2CF70C8BA679363E2CF80C8BA679363F2CFF4
:20D2600090C8BA6793639B6721B84FB022609B6720B840B0226050C09091E667C081302286
:20D280009E43329800704088026E81C6011CA34700704088076E81C6011CA9470070E38613
:20D2A000E19620C031CB126DD2971116B36BE396E3960070209410840022BB4700B40070FC
:20D2C00010B0086010B0096010B00A6010B00B6010B00C6010B00D6010B00E6010B00F60F2
:20D2E00010B0106010B0116010B0126010B0136010B0146010B0186010B0196010B00260A1
:20D3000010B01B6010B01A6010C0909123B022B00BC070A378A30F7217720772087220816B
:20D32000001EEF43C081001EF24309730A73007000000000000000000000000000000000A0
:20D34000286000000070000000000000000000002063246328633563336123614661716117
:20D36000916055603A62376058620000000000009962DC621A62426300805A045B045C0423
:20D380005D049A049B049C049D04070707100000A0C80E6716636995D184011E2C44998533
:20D3A00069940070698DFCC0EA642B6432600D223B40242A3C6024262D224144342A1D2A88
:20D3C000436034261D265080A02250442B225044A08C00224D404426516010225044516099
:20D3E000442A4B26442255444B2A3CC0EA641CC0EA6470A3F0B098B097B0908D302232443F
:20D400008531540049102B647560F18631066C403012101881876A68146311651E1A898772
:20D420009FB0FCC0EA642B6486601E1E6D4086482E1A86485F80CF2283409FB0FCC0EA6465
:20D440009CB0DF221E47C9872B64756011654785588579102B64873979102B6489102B642F
:20D4600065601165507AA0949CB020C098893822A040CCC0EA64E0649CB079979968A5606C
:20D48000CCC0EA64E0649CB0A0682789E0800022AA401789618917186D65821226CC0D8A56
:20D4A000CB22B744CB264A86EA9C5186F19C0189211EBF48E08031120022BF442112A089E5
:20D4C00001002085001EC8443085001EC844D7602126A199B0C80E675712E6CB0822D140A3
:20D4E00092120B22D5440B2614631B261463A1990B2ABB22DF444186819C5186919C146314
:20D50000B1841122E04079846995D184011EE544998500707180C124719000715F800F2205
:20D520000745AB22FF442F22FF4092B0DA9C6A8A1A1A4A1EFC4C7A8A6A9ADA8CED60C128CB
:20D540007190CF2016430112C124919000702B26C280121E1A43221E1C4790B0A1221847D4
:20D56000ED6071C0527A1661F1C0627A919481947195A2940070E1892195F1893195C189CD
:20D5800001955172007097C16D651B6521C000894031010097B0919198B093B0119114652D
:20D5A00051C0C1921463F0C7C09C31C00089403101009081011C3E4197B0919198B09BB0E8
:20D5C0001191C192146525721B6514630D8A9186912253454D225741D0101039D00810221C
:20D5E000574514C15461141205120E124D26146324225C412D2600702D2A0070A0895022B6
:20D6000067453026A099F6CB18226741921214630D2A34226C410D260070979370B391B0A6
:20D62000007057125B260B229B45586540103039D00800225E41051E824506CC28228241AB
:20D64000921268653D22984540101039D008B18910229C417106B199A1CB9F654CB04D22C7
:20D66000984591CB9F65B1CB5D2297419F65671244229B455B2A14638116B1991463106D06
:20D680001016106E0070C0C80E67D472F012126DF226126E4116A769F0CF0070549DCCC007
:20D6A000EA64E0649CB0B997399B0B660070EA64E0649CB0B997499B0B660070EA64E06402
:20D6C0009CB0B9976E1A599B0B667CA00070D0C80E67118DC6790122CE4106266422D14155
:20D6E0001626DA79F012A26D1204261CE4414A16D369D0736B26F922E245E922E2416422A7
:20D70000E2418B2606C00070FAC00A180A9D06C00070E0C80E67318DC6790122F0410626AC
:20D720006422F34116261A7AF012A26D1204261C06424A16F569D2736B26F9220446E922AA
:20D740000442642204428B2606C00070FAC00A182A9D06C00070F0C0266D961C13464A1649
:20D7600042160C6A1962A66DF62AA66E4A1642160C6A00701D666E1A14632012626D1616CC
:20D780009CB0CCC0EA64E0649CB0B997291C29427B241E6A7830480878202F427B247B2071
:20D7A0003942F9223946E92239427420394227167B2400703012031E4146542241421E165C
:20D7C000101A4304E210321632315292E11011160114D2892114B1977097101A70974E6A62
:20D7E000749775972E1A43B09CB0D081C09C1463151E574BD666F1C39710170491106139A5
:20D8000016108631308A111E6E42694A211E73425763DB226D4630225743786240225743BF
:20D82000AB22784675625022574320227842EB26071EC9427E1C575FD6669600171A469A0A
:20D84000146506229B42671A579A575FDB2289465D63AB229346908A40229346C88A6712D0
:20D8600066CB1D669862588D7839671236CB1D666E1A468A578A1622A742671A579A575FE5
:20D88000A88A7712D6CA1D666E1A468A578A2622AB42171A575F3622AF42271A575F4622AD
:20D8A000B442371A575F4B265622C442271B575F918A5122C4426B22BF467B22C442F0C803
:20D8C0000E67A5B96B2A7B2A6622CB42171A575FCB6200C90E67A0860022D1420E1ED142BA
:20D8E000D66610D937940E67469A5B63CCC0EA64E06479971E1A00705B2607120B220B4736
:20D90000AB2205478089531EF842831E0043B1106139F10670890122EE420100B0021004F1
:20D920000B43501E0C43A01E0C43F01E0C435E617B225E456B220B4300220C436B2A0C6323
:20D94000102207439B2A7B2A0763DB22E2427B225E456B225E451463A4B914632094108453
:20D9600000220F4700B4007010A0016010A0036010A0046010A0056010A0066010A0076091
:20D98000D179A365009D1463117AA365209D146340BDDA79E279AE65DA79F279B765DA796F
:20D9A000027ABE65C76540AD146341BD1A7A227AAE651A7A327AB7651A7A427ABE65E965DA
:20D9C00041AD1463821E4A47908620224B4316CC92125B2A14630D2A34224F430D2641CCEA
:20D9E00004225643142256439F657D26146320C90E6710A0156010A0166010A017600000AB
:20DA00006003000011600000000E700EF00EF00FF10FF30FF70FFF0FFF0DFF0BFF09FF076F
:20DA2000FF05FF03FF011572476652B160B000711572218180B060A01210F1064239F0EF5C
:20DA4000F19702986266311600111014006C2D602D602E603760426048602D602D6054629B
:20DA60004C64001E36444F6452645462556454625E62221E3F4C556464645864546252659B
:20DA80005462556452653B605B645E6440800022484454624A6450626164007010B0236048
:20DAA000007010B02660007010B02960007010B02C60007010B02F60007010B0326000704A
:20DAC00010B03560007010B038600070167283B1F0C77098336564A09081002271444080FA
:20DAE00000222345696064B084B0298260B031814122FB446282F2062F101F312F146682E6
:20DB000010C020140D6F6A828A39FA067082803180390BC00B181B92BC10AC1893883914E7
:20DB20009B146082F006011010311014218210140C1480824039F006021011C0013010C0AC
:20DB40000118021882312100C1265192E0CF626680828039F006021011C0013010C00118CF
:20DB6000021882312100C126419287824739873903B002B023B022B062A063A041800122C1
:20DB800023453122BC40608840975587B51CE04C00B28EB06EB00071012223454180E12268
:20DBA000D34490811022F9446460558700A26EA06488449754874518751CE04C908110227F
:20DBC000C640F9604D9880810022F044C622F040618281395139813160818031803901006D
:20DBE000619180B19F982982F9149081002264401022F9443761D0CF626600A26EA063A01B
:20DC000083B08082F006021011C0013010C00118021882312100C126519223B003B083B06B
:20DC200063B084B064B0007141800122234583B084B0908110226440402211456188419705
:20DC4000518791187198E1B1116183A180A100A203A063A0F0C77098007080A13365298216
:20DC60009588591400D43169C66062824239F2063E6290824180012223456488449755878E
:20DC80009518759891811122F9443869418001222345648844975587C51C2B4995187598A9
:20DCA000908110224441F9601872167262824239F2063E6683B164A0908100226145408065
:20DCC00000223346596183A140A07D826082F1C0100409106A824A391A04608280391004F0
:20DCE0000E10AB10BC10C2103E66C0CF626623B003B0F86563B060B064B084B023B0D86554
:20DD0000E1650071418001223346908110228D4584B031227F4183B0FE65B1657F6184B0D3
:20DD20007F888F318F3DB0DFFF976266007141800122334684B090811022A64183B0618221
:20DD4000C122A145FE656182D1229445B1659461718882888131813D8231823DA0EFF197E1
:20DD6000029862665261608840975387D318BE4DF30B1316E31CD749439763873B14C36182
:20DD8000E31CD749439763873B18AB1CD34D9B1CD549BC1CD741B2106082D022D0419081E9
:20DDA0001022D7453E66D865D761AB10C7619B10C76100708082F1C0100483B00071DB6927
:20DDC000BC1080B10070628842975287918812182182121891828131813D121CEF4982B10E
:20DDE000E2B1F1C72114F34D12C872988298E1B181B10070081206C0F0C77098809800700A
:20DE000091886088409750871018218210180614818192828231823D201C124A82B12122B0
:20DE20001646E2B190CF62662122164282A1E2B181824139F0C00104011E2442181610C0C6
:20DE40001030081C32466010103C0610F1C76114284E16C8769881888131813D161C2F4A61
:20DE60008698E1B106C00812007083A1918872888231823D80EFF1970298626603A000708D
:20DE800010C02014036F439820101231021492980070087309730672077218721C72F0C757
:20DEA00070980070476650B1E0B15C62476650B1E0B12081501E144480B04A6453B11460F1
:20DEC000476651B1E0B11460E097D08700226746C0B700700000000000000000000000000A
:20DEE000000000000000000000000000000000000000000000000000000000000000000022
:20DF0000000000000000000000000000000000000000000000000000000000000000000001
:20DF20000000000000000000000000000000000000000000000000000000000000000000E1
:20DF40000000000000000000000000000000000000000000000000000000000000000000C1
:20DF60000000000000000000000000000000000000000000000000000000000000000000A1
:20DF8000000000000000000000000000000000000000000000000000000000000000000081
:20DFA000000000000000000000000000000000000000000000000000000000000000000061
:20DFC000000000000000000000000000000000000000000000000000000000000000000041
:20DFE000000000000000000000000000000000000000000000000000000000000000000021
:20E00000000000000000000000000000000000000000000000000000000000000000000000
:20E020000000000000000000000000000000000000000000000000000000000000000000E0
:20E040000000000000000000000000000000000000000000000000000000000000000000C0
:20E060000000000000000000000000000000000000000000000000000000000000000000A0
:20E08000000000000000000000000000000000000000000000000000000000000000000080
:20E0A000000000000000000000000000000000000000000000000000000000000000000060
:20E0C000000000000000000000000000000000000000000000000000000000000000000040
:20E0E000000000000000000000000000000000000000000000000000000000000000000020
:20E100000000000000000000000000000000000000000000000000000000000000000000FF
:20E120000000000000000000000000000000000000000000000000000000000000000000DF
:20E140000000000000000000000000000000000000000000000000000000000000000000BF
:20E1600000000000000000000000000000000000000000000000000000000000000000009F
:20E1800000000000000000000000000000000000000000000000000000000000000000007F
:20E1A00000000000000000000000000000000000000000000000000000000000000000005F
:20E1C00000000000000000000000000000000000000000000000000000000000000000003F
:20E1E00000000000000000000000000000000000000000000000000000000000000000001F
:20E200000000000010A01160000000000000000000000000000000000000000000000000DD
:20E220000000000000000000000000000000000000000000000000000000000000000000DE
:20E2400000000000000000000000866410A04E60F56410A05160E16410A054606C6410A093
:20E2600057606E6410A05A600A6510A05D60386510A060604D6610A06360E8781895081E69
:20E28000424081B682B682A627A3D8B20070C0B211B8D0B260B350B370C44B683FB83DB8FB
:20E2A0003EB839B833B832B822A819B318B360C6566826B325B327B32D784D225E4085B6E5
:20E2C00043B3F0C0606843A330C1636823A824B8207860226A449FB36F6600703B644560E4
:20E2E00024A823B89FA322B819A318A327A325A326A339A83FA83DA83EA833A832A8C0A2DF
:20E3000011A8D0A2D8A260A350A38B66A7660070F178119581B682B681A6B382F322904035
:20E32000F32A9260A279EF64E082F1C110043000E092D8B270C49968F0B210B82078502263
:20E34000A044A364B86400C0007060B064B0007140804022B2440022A34080B02181111ED3
:20E36000B140511EA344007064A084B090810022A34000702181111EE040511EE0403FB8B1
:20E380003EB834B835B8F1B2F0C2C36820786022C8449FB320785022D94460B064B00071FA
:20E3A00064A084B090811022D9442181111EE040511EE040CC602D784D22DD4085B670C17C
:20E3C000DE686A660070F1A29FA38B66F0C2E568F0A210A8D8A23FA83EA834A835A8A7669B
:20E3E000B279F1DFD08210042000D09200702181111E0541511E054160B064B000714080A9
:20E400004022064164A084B091810122FA4400700022FA4080B0F560A086B0968039803181
:20E4200081C0413101000126A19600C8618601046196A0A28086F0221C41007000C481862D
:20E44000010481964079C0932079B093F6B3E0B3C0B3D0B37079296980792B6920A821A8ED
:20E460008FB630B8907931693079B09350790026C09300703E814A84AC1009CF9E049E08C5
:20E48000EA004A947A224545B0860026A0963CB838B880B6618600C801043078010001265E
:20E4A000619667B087B079B099B060B08C725078D09820C05869A0A65E22EB4100C480315F
:20E4C000B096A3B6FFC03081802265410070007140807022BB4287B01287208740390A10AB
:20E4E00020870F04AD108D1A4D31FD004D31BD02AD960DC08D31BD9660A647A446A460B634
:20E500002510C0C30514AD108D164D31FD004D31BD02F8C78831231040780318E3988F7218
:20E52000007140807022BB4287B01387AD96B89660A660B63610C0C3061409C02810681839
:20E54000A049092638105818A4491926C8C3AD104D31FD004D313D02008960948C725078FC
:20E56000D098007140807022BB4287B0AD9614874710871460A645A462B648105818BF4995
:20E58000192648106818C349092638107818C7492926391600119014006CD361D361D561E4
:20E5A000D961D361B662DC61B66260B6EC61391049141939DF6149106916DF613910691A01
:20E5C000DF6140780918E9988F720010001060B6C0C0E76900896094EC6162B6E1794E22EE
:20E5E00000427078C0988078D098007140807022BB4287B0F086E0980087F098B088001EEF
:20E60000FC450189967292785D66A494B2785F66B49420874031A09610C4F02682860204A5
:20E620004226829610C8628602046078020032266296D2785F66F42221461431F3221F4223
:20E640000426749422624773A2785D66A678F6222842C426C5C16666C2785F66D5C1666630
:20E66000E5C11410666667A04C9400712D783D223A467D223A46F6A379A063A650809022CC
:20E68000BB42A0B200706561A0A261B6D286F206B21E4446007061A60070E179006260A649
:20E6A000A0A22D783D225C4621B820B8837280A68FA69FA3F6A3E0A3C0A3D0A3007012318A
:20E6C0001239E198F29860C0626A238934890070C526A526546E007006C02D780D226F42F4
:20E6E0000626A484B384C079D179A094B1942D781D227A4265B67B6264B62D227E4283B699
:20E700000622814287B6C5C1C526A526546E3410D5C1C526A526546E007085A683A687A690
:20E72000608601C71004001EA642A484B384C079D179A094B1946086502A402A6096C5C170
:20E74000C526A526546E3410D5C1C526A526546E007081B682A6517282B682A687A67CB0A4
:20E760009CB05180C122AF427CA05CA081A6007040800022BB460071B662A0A6A1A6A3A6B7
:20E7800000700000FD0100004C6026722A727973797204720572D16730C025B00090C0FF1B
:20E7A000209004B00673077304A000700E7212730F72137310721473AEA3D5A40070EE159C
:20E7C000FF01FF0FFF17F5134002000F0F0F0F0F000F0F000F0F0F0F0F007A807A807E8025
:20E7E000300FF00F0000030013001000210022003200310043004000500053006200610026
:20E8000071007200500051004E004F00CC00C3003C003300000001000200030001000000D2
:20E820001B7212640164B2B1E0B00071E0A01B7220B17281201042392231F00620003016E1
:20E8400001110114016C6F607A609360E9606F607A6093602F616F607A60E1615C626F609B
:20E860007A60E1615C62726022127360121212640164B1811200B29180B050609260136F0B
:20E88000236E111612167B68DB94037A93948081001E724430C00093F0C1209322C52018C7
:20E8A00091400312236E12168E682CB57260797221B000C20092A0B200C110922EB130B18B
:20E8C00023B121B1EEB000712EB1EEA0778989898181D122A9409789A989F3C0D66722B012
:20E8E00002B03172A0818181F122B6400722B640F1131008309520B523B003B030B1F0B0BB
:20E90000007130B18081803180391093007130B11393379530C0F467007130B139950071F7
:20E9200030B1F0A020A523B5E3B00071E3A023B130C0909760C0B09721B1E1B0007121B14A
:20E94000E1A07972D16703A002A006730773797379722672C0C7209072606665BD65C4654D
:20E96000F6B036B140C0F4670071B0806022F74050C0F467ED6060C0F46790B8B488C58851
:20E9800070E074988598F46736B1F6A090A77B7390B7107214730F7213730000000099B061
:20E9A00061B280A282A21F891F22134182B2A0B26F318F3DCF91A7B8D088C092816701C3BA
:20E9C0009167F3222045A067EF95E0A0B3C0B397279126720071AEB387B0D5A443C2886737
:20E9E0000022E94472606665D079BE65E6A3F0C53469E6B3C465E5B025B10071A0805022B4
:20EA0000D24590A77B7390B7107214730F72137383B099B061B280A282A2108910224D4135
:20EA200082B2A0B26031803DC091A7B8D088C092E5A0816763B261C29167F3225C45A0674E
:20EA4000E0A0AEB387B02672D5A4A3C2886700222F45726021B014A215B2D384F4C1430430
:20EA6000131602120412532279417089F0970288821A9089F0970488841A8089F09700888C
:20EA8000801A0214A089F0970088801A0414A083C0229141201010390214401010390414C5
:20EAA0005322984512311431986153229645123114319861223124318231823984314200A5
:20EAC000F2957089E0948089F09490890095A08910955D7270823022AE45E5B0007125B157
:20EAE000E5A0A66100C10092B0799097E7130A12AA26CA2622B024B025B002B004B005B07B
:20EB00000070C07960904090E0797090509000707AB021B098B0D5B4E1A0E0A035B1F5B08B
:20EB200000C4CD6960B280C0F467007090B8B388C48850828039E04130163331033C3431F5
:20EB4000043C8395949561B0386121B000C20092A0B200C110921273137300C01092797258
:20EB6000808177898989D022F3419789A989803180391093A0813095ECC22DC47EC008C072
:20EB80002EB1EEB000712EB1EEA0D66724B5F1B002B022B003B023B031B10071F1A024A5AC
:20EBA00020B523B1E3B030B1F0B07410F0C04F104D661439136A9410F0C04F104D661439D5
:20EBC000196AA48440C04F104D6614391F6AA48404223146EF814D66308210222C422662E0
:20EBE00030C00FC04D662D6A3E626DC41EC0EF814D66308210223942316230C00FC04D66D6
:20EC00003A6A3E62F1A030C0909740C0B09721B1E1B0007121B1E1A0797203A002A02672D2
:20EC200072601F063F318F14CF14F26F281048393206D214236F007130B11E9333950070E2
:20EC4000C07AE093708230226746E5B0007125B1E5A021B05E6205B025B004B024B002B060
:20EC600022B0C07940906090ECC22DC408C0A86700120092F07950907090907AD09334B114
:20EC8000F4B00071F4A081B0D0C020945BB07BB05DB07DB0A07C209660B208C01DC2ECC2AD
:20ECA000718930C0926611398E6AA4621F101F063F318F14CF14F26F28104839320612314B
:20ECC000D214236F63961216236F739630B60070F5C006C118C0C9C00DC2177A2F7AD07A7A
:20ECE000E09346B106B1007182B046B106A134B1F4B0007134B151B071B0F0C0209454A059
:20ED000061B2007134B1007134B12D67981CC74A50862039D091D81CCB421816C1467F9600
:20ED20006796081230B6B81ED64250862039D0911816CE621282F0C01092007134B1E0815D
:20ED40007189011C2347E0818189011C234702C2129283B099B0A0B210896031803DC091D2
:20ED6000A7B8D088C092508620220E4380B20071B07A6767007134B1007134B12388639636
:20ED80003388739630B6981C044B50862039D09118169181011EF6422116811CF64E7467AC
:20EDA0002672216380A20071A07A67672D67981C184B50862039D09118169181011E1243CD
:20EDC0003116811C124F74672672F4A072601292267290C0F467077321B012731373147351
:20EDE0007662007134B1007134B12388833935103488843184394610007134B1007134B1B3
:20EE000020888031803904142088803906143088803180390314308880390514007134B134
:20EE2000007134B1208880390314041430888031803905140614333934393539363985312B
:20EE40005314863164146396749630B6007134B1007134B1007034B17DB008C0D093007169
:20EE600034B181B00071F9C034B1007134B1007063B27F966796081230B61816981C8043DB
:20EE800050862039D09178630070A080002253449381031E81430070B39727910071A080C2
:20EEA00000225344AEA301640070DB87C087B0182331B884831803181318B39790A721B13E
:20EEC00090B7E0B0E1B00070081EA643007114B621B1B89700710070ECC20DC008C070C09B
:20EEE0007E89EBC3EF101F063F318F14CF14F26F281048393206021EBB47CACCC463121EE2
:20EF0000BF473ACCC463221EC347CAC3C4633AC30022C843A610CD63B76F8A316A007A6E7D
:20EF20001B161E39AE6B74B00070208521C010042095007060B2E1B09184813941311010D9
:20EF400011311014E343B09721B190B7007161B2797221B19184813171391010113110148D
:20EF6000F243B09790B70071797221B1E1A00070609850880022F94740B800700097B92E97
:20EF8000E5725CCB5DCAE473B82F0196BA2D03945FC8E671E7705EC90295BB2CE3745ACD81
:20EFA0000691BF28BE2907905BCCE27559CEE077BC2B05920493BD2AE17658CF51C6E87F61
:20EFC000B4230D9A0C9BB522E97E50C7EB7C52C50E99B720B6210F9853C4EA7DB2250B9C41
:20EFE00057C0EE79EF7856C10A9DB324089FB126ED7A54C355C2EC7BB027099EA2351B8C21
:20F0000047D0FE69FF6846D11A8DA334188FA136FD6A44D345D2FC6BA037198E41D6F86F00
:20F02000A4331D8A1C8BA532F96E40D7FB6C42D51E89A730A6311F8843D4FA6DF3644ADDE0
:20F040001681AF38AE3917804BDCF26549DEF067AC3B15821483AD3AF16648DF1087A93EC0
:20F06000F5624CDB4DDAF463A83F1186AA3D13844FD8F661F7604ED91285AB3C3C000000E2
:20F0800001A0040094FB05003003004E0120501400000022005B06000410B4102100C400F1
:20F0A000860080004400000000206814040002000110DC1002020B0B093000000300C02031
:20F0C0001F00C8200100E4200000F0200000FC2000008030000088300000A830201820312F
:20F0E000070C303100206C240C0000000110B430060000000500C4300C10E43000020000BA
:20F100000800000000000000000006070000050603060840007F0000021038317FDF7F04A3
:20F120000418000001502A20B400B400017000009701322002003620056004681200000317
:20F140000000100000049B560A012D0134002C13AB076F9105602068000000000800084807
:20F1600000000000140047002E00050000FE00002C00000002A000006007060000000000C8
:20F180003003004E03300000000080300000883020182031070C30310210A03046A2401F2D
:20F1A000000000000210B0300A000600000000000500C4300C10E43000020000080000001A
:20F1C00000000000000006070000050603060840007F0000021038317FDF7F0404180000CF
:20F1E00005600468120000030000100000049B560A012D0134002C13AB076F9105602068D9
:20F20000000000000800084800000000140047002E00050000FE000003503E68500022009F
:20F2200045000000000000000100000002000000040000000800000010000000200000004A
:20F240004000000080000000000100000002000000040000000800000010000000200000AF
:20F260000040000000800000000001000000020000000400000000000000000000000800BF
:20F2800000001000000020000000400000000000000080000000000000000001000000027B
:20F2A000000000000000000400000008000000100000002000000040000000802F636F6EE3
:20F2C000616E2D646174612F72636C2F382E34302E30302E30352F6C6962726172792D6C51
:20F2E0007072662F67612F7061636B6167652F3531306437646432646265356536373562B1
:20F3000061643962626235386363363633373865383466646635332F736F757263652F74BC
:20F32000692F647269766572732F72636C2F52434C5F5363686564756C65722E63002F6395
:20F340006F6E616E2D646174612F72636C2F382E34302E30302E30352F6C6962726172798C
:20F360002D6C7072662F67612F7061636B6167652F3531306437646432646265356536372E
:20F38000356261643962626235386363363633373865383466646635332F736F7572636548
:20F3A0002F74692F647269766572732F72636C2F52434C5F4275666665722E630000010246
:20F3C0000304000102030400010203040001020304000102030400010203040001020304EA
:20F3E0000001020304000102030400010203040001020304000102030401010101010202D2
:20F400000202020303030303040404040400000102030000010203000001020300000102AE
:20F420000300010203040001020304000102030400010203042F636F6E616E2D646174619C
:20F440002F72636C2F382E34302E30302E30352F6C6962726172792D6C7072662F67612FF7
:20F460007061636B6167652F35313064376464326462653565363735626164396262623544
:20F48000386363363633373865383466646635332F736F757263652F74692F6472697665E2
:20F4A00072732F72636C2F52434C2E6300FF28001900020001300000970090103C3C98108C
:20F4C00000207424F91082150110F4208D80F00608100021240A06000C000000143C78006B
:20F4E0001F007F7F4C010000011094300713F234002050341300B00000B0B0300E000FFF7A
:20F50000045020200300200102012C01EA070000015042681C000100BD1A3CCDA6B89958CB
:20F5200099B740EB7B60FF4A503F10D2E3B3C974385FC5A3D4F6493FE69D350E480103CCB9
:20F54000DBFDF4AC1191F4EFB9A5F9E9A7832C5E2CBE97F2D203B0208BD28915D08E1C74B9
:20F560002430ED8FC24563765C15525ABF9A32636DEB2A65499C80DCADAA0500000000004C
:20F58000F593050000000000B9430500000000009358050000000000DDAA05000000000061
:20F5A0001794050000000000C5AA0500000000009358050000000000497605000000000073
:20F5C0000000000000000000E96A0500000000002DB705000DCB0500000000007928040068
:20F5E00000000000AD86050000000000D5860500000000009F940500000000009F94050003
:20F6000000000000F10A050000000000AD35050000000000558B050000000000000000001E
:20F6200000000000558B05000000000011CB05005B57505D20526563656976656420566583
:20F640007273696F6E20496E666F202D2050726F746F205665723A2025642E25642E2564B4
:20F660002C204465766963652049443A2025642C20446576696365205357205665723A2051
:20F6800025642E25642E25640A00436F6E6E207374617475733A2045737461626C6973681E
:20F6A0006564202D20436F6E6E656374656420746F201B5B33336D2573201B5B306D636F78
:20F6C0006E6E656374696F6E48616E646C65203D201B5B33336D25641B5B306D0050616904
:20F6E00072696E67205374617475733A20426F6E64207361766564202D20636F6E6E6563C3
:20F7000074696F6E48616E646C65203D201B5B33336D2564201B5B306D737461747573209D
:20F720003D201B5B33336D2564201B5B306D00436F6E6E207374617475733A205061726137
:20F740006D7320757064617465206661696C6564202D201B5B33336D30782578201B5B30E0
:20F760006D636F6E6E656374696F6E48616E646C65203D201B5B33336D2564201B5B306D1E
:20F780000050616972696E67205374617475733A20456E63727970746564202D20636F6E46
:20F7A0006E656374696F6E48616E646C65203D201B5B33336D2564201B5B306D73746174CF
:20F7C0007573203D201B5B33336D2564201B5B306D0028000100000002000000080000008C
:20F7E00000000000400000008000000000010000000200000000000000040000000800003A
:20F800000010000010000000000000000000000000000000040000000000000000200000A4
:20F820002000000050616972696E67205374617475733A20436F6D706C657465202D2063D7
:20F840006F6E6E656374696F6E48616E646C65203D201B5B33336D2564201B5B306D737426
:20F8600061747573203D201B5B33336D2564201B5B306D0050616972696E672053746174C3
:20F8800075733A2053746172746564202D20636F6E6E656374696F6E48616E646C65203D09
:20F8A000201B5B33336D2564201B5B306D737461747573203D201B5B33336D2564201B5B9A
:20F8C000306D00436F6E6E207374617475733A205465726D696E61746564202D20636F6E25
:20F8E0006E656374696F6E48616E646C65203D201B5B33336D2564201B5B306D726561739F
:20F900006F6E203D201B5B33336D25641B5B306D0052434C5F5363686564756C65725F6901
:20F92000734C617465722852434C5F5363686564756C65725F67657443757272656E74547F
:20F94000696D6528292C2061637475616C537461727454696D652900104002000430000009
:20F96000AAAA98101500B8208780F4205F003421401FA43008100021240204000500000430
:20F98000207BC1000F00277F7F01000000B0B0300A000FFF015042684500000010000100DD
:20F9A00000A0000048070600043000000F8090100080D420700FF8202C0A242157A3A0309F
:20F9C00000207424F90081100170000001002020FA55406802502420B2018C01C2010000A3
:20F9E00050726F66696C65207374617475733A2053696D706C652070726F66696C65202D50
:20FA000020436861722034203D204E6F74696669636174696F6E207265676973747261749B
:20FA2000696F6E0072636C5363686564756C657253746174652E63757272436D642D3E73C3
:20FA40007461747573203C2052434C5F436F6D6D616E645374617475735F46696E697368B6
:20FA600065640050726F66696C65207374617475733A2053696D706C652070726F66696CB8
:20FA800065202D204368617220312076616C7565203D201B5B33336D2564201B5B306D0006
:20FAA00050726F66696C65207374617475733A2053696D706C652070726F66696C65202D8F
:20FAC000204368617220332076616C7565203D201B5B33336D2564201B5B306D0050726F45
:20FAE00066696C65207374617475733A2053696D706C652070726F66696C65202D204368B5
:20FB0000617220312076616C7565203D201B5B33336D2564201B5B306D0050726F66696C96
:20FB200065207374617475733A2053696D706C652070726F66696C65202D204368617220BC
:20FB4000332076616C7565203D201B5B33336D2564201B5B306D00436F6E6E207374617449
:20FB600075733A20506172616D7320757064617465202D20636F6E6E656374696F6E4861F6
:20FB80006E646C65203D201B5B33336D2564201B5B306D000E000000D8004002E000200315
:20FBA000E805A00BF012800DF81C001D0028A0320241C0330429E064062BE06B0832A06C8A
:20FBC0000A3760730C4BC0740E50207B10B4E07F0000000000010101010102020202020259
:20FBE000020202020303030303030303030304050404040405040404040504040404050493
:20FC0000040400000000000101010101420E0600C9510500F70E06003B0E0600C9510500E9
:20FC2000F70E0600840D0600C9510500F70E0600700E0600C9510500F70E0600BB09060080
:20FC4000C9510500F70E06000D4003000230000007809010500FF82046A2A03000207424EA
:20FC6000F90582110070000000002020025024208E0186012602000001503E685000F875BB
:20FC8000010000000200000004000000080000001000000020000000400000008000000065
:20FCA0000001000000020000000400000008000000100000002000005B57505D204465627B
:20FCC0007567206D6F646520656E61626C656420766961204B45595F5550444154452046A7
:20FCE00046207061796C6F61640A00436F6E6E207374617475733A20506879207570646103
:20FD00007465202D20636F6E6E48616E646C65203D20256420504859203D20257300436FC5
:20FD20006E6E207374617475733A2050687920757064617465206661696C757265202D2080
:20FD4000636F6E6E48616E646C65203D202564005B57505D20696E69742070726F746F63B9
:20FD60006F6C206661696C65642064756520746F206E756C6C2063616C6C6261636B0A0090
:20FD800043616C6C205374617475733A20506172616D557064617465526571203D201B5B7A
:20FDA000316D1B5B33316D25641B5B306D005B57505D205B5741524E5D20446973636F6ED3
:20FDC0006E656374656420646576696365206E6F7420696E206C6973740A005B57505D2053
:20FDE0004661696C656420746F2067656E6572617465206368616C6C656E67652072657323
:20FE0000706F6E73650A0043616C6C205374617475733A20536574436F6E6E506879203DF1
:20FE2000201B5B316D1B5B33316D25641B5B306D00416476207374617475733A205374614A
:20FE400072746564202D2068616E646C653A201B5B33336D25641B5B306D0043616C6C203F
:20FE60005374617475733A20446973636F6E6E656374203D201B5B316D1B5B33316D256439
:20FE80001B5B306D0047415454207374617475733A2041545420666C6F7720636F6E7472FA
:20FEA0006F6C2069732076696F6C61746564005B57505D204465766963652072656D6F76DB
:20FEC00065642066726F6D20636F6E6E6563746564206C6973740A00090000007CF0050052
:20FEE00058F9050018070600940C060048FC05009CF90500B0F40500880C06007C0C06002D
:20FF000075C6050049C80500F5700500BDB70500957A0500BDAC0500318D04000148050016
:20FF2000D1BA0500C1080400416476207374617475733A20456E646564202D2068616E6443
:20FF40006C653A201B5B33336D25641B5B306D00FDF10300453C0500F9840400D9AD04000F
:20FF600021E904006D7F0400D95204005D2E030015A00300797C05005B57505D205B4552A3
:20FF8000524F525D20417070206576656E74206465766963654944204E554C4C0A005B575A
:20FFA000505D2044657669636520616464656420746F20636F6E6E6563746564206C6973D4
:20FFC000740A004170705F4F414443616C6C6261636B3A205265766F6B6520696D61676559
:20FFE00020686561646572006C697374496E666F2D3E6D756C74694275666665727320218C
:020000040006F4
:200000003D202828766F69642A29302900012AFF08000000066D0700000000000000000029
:200020000000000000000000000000000000000000000000080000000100000000000000B7
:2000400000000000000000000000000000000000000000000000000008000000090000008F
:20006000000000000000000000000000000000000000000000000000000000000800000078
:20008000D9D3CE7EA2C5E929B2617C6D7E4D3D924CD148772CDD1EE0B486A0B8A119AE205C
:2000A00008000000B9DCF55C1A631258D69CF7A2DEF9DE1400000000000000000000000097
:2000C0000000000008000000EDFFFFFFFFFFFFFFFFFFFFFFFFFFFFFFFFFFFFFFFFFFFFFF42
:2000E000FFFFFFFFFFFFFF7F08000000FCFFFFFFFFFFFFFFFFFFFFFF00000000000000008F
:200100000000000001000000FFFFFFFFFCFFFFFFFFFFFFFFFFFFFFFF0300000000000000EE
:200120000000000004000000FCFFFFFF00000000080000004B60D2273E3CCE3BF6B053CCCE
:20014000B0061D65BC86987655BDEBB3E7933AAAD835C65ADFBDC42962DF9CD890308478E2
:20016000CD05F0ACD62E21F7AB20A2E5344887041D0630DC000000000800000096C298D89D
:200180004539A1F4A033EB2D817D0377F240A463E5E6BCF847422CE1F2D1176B080000004E
:2001A000F551BF376840B6CBCE5E316B5733CE2B169E0F7C4AEBE78E9B7F1AFEE242E34F1E
:2001C0000300000000000000FFFFFFFFFBFFFFFFFEFFFFFFFFFFFFFFFDFFFFFF0400000033
:2001E0000000000008000000512563FCC2CAB9F3849E17A7ADFAE6BCFFFFFFFFFFFFFFFFC9
:2002000000000000FFFFFFFF08000000FFFFFFFFFFFFFFFFFFFFFFFF0000000000000000E6
:200220000000000001000000FFFFFFFFAC88002005A30500319805005198050071980500F6
:20024000919805009D8C0400550100000000000000FF0500996D0020D807060000FF0500DA
:200260009A6D0020E007060000FF05009B6D0020E80706000105000308050500D08A0020B4
:20028000D48A0020AC850020000000000000000000000000000000004170705F4F414443F8
:2002A000616C6C6261636B3A204E657720696D616765206964656E74696679004170705FD1
:2002C0004F414443616C6C6261636B3A20446F776E6C6F6164206E657720696D616765001E
:2002E00072636C53746174652E706F7765724E6F74696679456E61626C65436F756E742078
:200300003E203000CC0B060071BA0500BC0B0600240C0600A55D0500140406008F0D060078
:20032000BD8F0500560406004170705F4F414443616C6C6261636B3A20446F776E6C6F617D
:200340006420636F6D706C657465005B57505D205B5741524E5D20436F6E6E656374696F8F
:200360006E206C6973742066756C6C0A0043616C6C205374617475733A204E6F20636F6EBF
:200380006E656374656420646576696365730047415454207374617475733A204154542090
:2003A0004D54552075706461746520746F20256400436F6E6E656374696F6E73206E756D05
:2003C0006265723A201B5B33336D2564201B5B306D00737461747573203C2052434C5F43E2
:2003E0006F6D6D616E645374617475735F4572726F72005B57505D205B4552524F525D20B3
:200400004672616D652064617461206973204E554C4C0A0053656E6420636F6E6E65637442
:20042000696F6E20706172616D2075706461746520726571005B57505D204465766963656B
:20044000206973204E4F542061757468656E7469636174656400446973636F6E6E65637402
:20046000206120737065636966696320636F6E6E656374696F6E00FF08010000010000003C
:200480000B010000010000000C010000010000000D01000001000000106B00207804060015
:2004A000346B002080040600586B0020880406007C6B0020900406000000000000000000DD
:2004C000FFFFFFFF0000000000000000040000000800000000000000000000000000000014
:2004E000F40E0600F60E0600B40E0600AEF40500D2F70500D4830020424C45204944204155
:200500006464726573733A201B5B316D1B5B33326D25731B5B306D005B57505D205B455284
:20052000524F525D204F4F4D206175746820726573706F6E73650A00424C452052502041FF
:200540006464726573733A201B5B316D1B5B33326D25731B5B306D005B57505D205B455244
:20056000524F525D20556E6B6E6F776E204672616D652049440A004170705F4F4144436161
:200580006C6C6261636B3A20526573657420646576696365005B57505D205B4552524F52A1
:2005A0005D204F4F4D206672616D6520616C6C6F630A005B57505D204661696C656420741B
:2005C0006F20656E6372797074206672616D650A005B57505D204672616D65206964206E6D
:2005E0006F7420737570706F727465640A00A62A10000000102700000000000000000000F1
:20060000000000000400000000000000016705006DC8050007C90500A5C7050065920400EE
:200620002D5F0500457205000C0802170D01010209090101060209181803010109090303BD
:20064000050302016D756C74694275666665722D3E68656164496E646578203D3D2030002B
:200660005B57505D20696E69742070726F746F636F6C20737563636573730A005B57505D33
:2006800020496E69742070726F746F636F6C206661696C65640A0073697A65203E203020FC
:2006A00026262073697A65203C3D2030784646464600010102010201010201020303040181
:2006C00003010101010103030201034170702076657273696F6E3A2025642E25642E25646E
:2006E0002E25640063757272436C69656E7420213D202828766F69642A29302900012904AE
:2007000083F12800010203060A111A27374B627B94ADC4D8E7F3FBFF0540010000A00000DF
:2007200030070600013000000040D420180A242140420F000000000040420F0090D003002B
:20074000DC0806000001000050F80C000000000050F80C0020A1070000070600010100002F
:20076000000000000000000000000000000000000000000001010000000100010001000173
:2007800000010001000001010001000100010001010101010000000000000000000000004D
:2007A000000000000203040500000000000101000000000000000000000000000000000029
:2007C00000010001000001010001000100010001000100010001000100C007000040000006
:2007E00000400000000800000020030000A0040001000000020000000400000008000000DB
:200800001000000020000000576F726B20776974682061207065657220646576696365004C
:2008200053657420436F6E6E2050485920507265666572656E6365004D617820436F6E6EDA
:20084000656374696F6E732052656163686564006E657874496E646578203C3D2074616929
:200860006C496E646578005B57505D204E6F7420612076616C696420646174610A00686522
:200880006164496E646578203C3D207461696C496E64657800424C454170705574696C5F4F
:2008A0007468656172645175657565006C697374496E666F20213D202828766F69642A2980
:2008C000302900436F6E6E65637465642064657669636573204C697374000328E2FD220041
:2008E0000102050A142237527191B0CBE0EEF8FDFF556E65787065637465642050485920A2
:2009000056616C7565000229C3FF050098020600BC020600280306007705060005000000CC
:20092000D0070000C8000000FF000000000000007B0E060000000000010000000002000087
:20094000000000001C000000B48600201900000094870020248700201C000000D086002070
:20096000150000006D880020408700201C000000EC86002019000000AD8700205C87002048
:200980001C0000000887002019000000C687002078870020010000000000000000040000E2
:2009A00000000000000000004C696E6B2061757468656E746963617465640031202620325D
:2009C000204D627073202620436F646564006C69737420213D202828766F69642A29302918
:2009E00000546578617320496E737472756D656E747300636D6420213D202828766F696452
:200A00002A293029002828766F69642A29302920213D20636D6400636D6420213D20282888
:200A2000766F69642A29302900303132333435363738394142434445460030313233343587
:200A40003637383961626364656600000200000000000000FFFFFFFF000000000201000062
:200A600000000000FFFFFFFF000000000200000000000000FFFFFFFF00000000020000007A
:200A800000000000FFFFFFFF000000000200000000000000FFFFFFFF00000000B880002004
:200AA0009C6D0020046E0020FFFFFFFF3CCB050084E7050000DA0500D8FE05000000000049
:200AC0000000000000DA0500E40D06003500000004000000030000000700000002000000FB
:200AE0000000000000000000FFFFFFFFF401FA00960064004B0032001E001400FB349B5F39
:200B000080000080001000000000000000000000000000000000000000000087BE83605A43
:200B2000DB0B376038A5F5AA9183886C101112131415161718191A1B1C1D1E1F000000003C
:200B4000000000B000405104D1FF00F000000000000000B000405104D0FF00F00A6CCF281F
:200B6000B81E5381B459C0E1CAC040F80A6CCF28B81E5381B459C0E1CDC040F80A6CCF2864
:200B8000B81E5381B459C0E1CCC040F8436F6E6E656374696F6E204D656E7500436F6E6EE6
:200BA000656374696F6E206D656E75006820213D202828766F69642A29302900314D2C2060
:200BC000436F646564206F7220324D004368616E676520636F6E6E20706879000C0F0E0FD9
:200BE0000F0F0F0F140F160F0F0F1A576F726B2077697468204D656E750042617369632003
:200C0000424C45204D656E7500151A1A1C021D16130501490B15054963616C6C5F576F72AF
:200C20006B657200506172616D20757064617465000000000002000200000202002A2A1969
:200C4000809C2B8F80D2999000CCD1930B010000940000008906000012000000FFFFFFFFD6
:200C600002000000000000000000000000000000256E0500D1B3050087B705000200040008
:200C8000003000000100282102400400003000000000282102000300007000004C003E68B4
:200CA00001C3080600187800200000000000000005DB0300000000000102000000000000CC
:200CC000FFFFFFFF0C0606000C750020B00E06000000000001000000000000000520080667
:200CE000000CFC0500000000B90D060065A2040008080600018C0B0600E80C060000000062
:200D0000000000000000000000000000355E04000000000000000000994704009D5804005F
:200D20000000000000000000A5720500000000009A0D060081BA05009C0B060001FA0B06F1
:200D400000300D0600000000F9CA05006D0405000000000089D90400AD6D0400000000008E
:200D6000211A0500ADF70300000000006E6F7469667954696D65720003EB0B0600040306E6
:200D8000000000003120262032204D62707300446973636F6E6E65637400436F6E6E656378
:200DA00074696F6E000505050601010109010B424C455F537461636B00576F726B20776981
:200DC000746800032C6C0020ADF40500547100200F000600F873002077040600D85E00207A
:200DE000F50E06000100000070F1050084780020EF0E0600A06B0020F20E06000200000031
:200E0000CA0E060002000000D20E060002000000D40E0600100000004C0B060002000000B3
:200E2000E00E0600100000005C0B0600546D7220537663000102040810204032204D6270D2
:200E4000730031204D6270730031203D3D20300031204D6270730032204D62707300030354
:200E6000010203035461736B3100434F44454400436F6465640001020304074E414D450035
:200E800049444C45000000020202262A0000000071010000CD0100009800000008000000FE
:200EA00020000000400608008006080000040020E80300005F0000000C00000009000000B3
:200EC000272A292A242A502A252A0A18282A232A002A00180118042A0028C92A0128052A9A
:200EE000F0FFF1FFF2FFF3FFF4FFF5FF780001FF01020001000002000A00000000FF0200C0
:200F00000000D80E0600BD010070FC0D060000F1DABD0800F30E8B002001F1CEA601F49879
:200F20007E00F301F50A01F4C4AA03F4AE01FC0C03F4C805F4C3AA03FC0705F48A07F4D8AE
:200F400005FC08AA07F4C009F4ED07FC0D09F4CC560BF4E48409FB090BF4C20DF4B5F90125
:200F6000FC060DF43D0C0FF3A02A0DFC0B0FF4C611F4900FF412F5A91C137012F92D12F457
:200F8000E214F003B61570018613F3FD0615F3C0D58813FB2E15F4E417F4F585AA02FBD152
:200FA00002FC2F18F4E60774F62A02FCE205FC301BF4E81DF000016DF705F4060909F30CED
:200FC0007909FB55F309FC311FF4EA21F00421F15609FC048910FB0410FC0F23F4D5D025FF
:200FE000F46819FC0025F40D00AA27F35A1BFC2427F4D629F4605A1DFC0329F4EE052BF3EF
:20100000581FFC152A2BF4DA2DF45921F01082004F75AA37B92424BC3237B01039B06CA583
:201020000B1BB3902DB41BB5101BBC159418B43BB53303F47C03F03E31A4A431B428B52612
:201040001BB010BF6A0E36F401F10D0CC120D22A32FE006578FF706572696D656E74FF619C
:201060006C5456534D2046EB4F421B5A5301E0616C20BF4E756D6265721CF532FE1D8F022B
:2010800048572056352E30921F4CFF203F7A08BFFA011132BF0D003F06001D086A7040047A
:2010A00060023600B100354E0235000080003103360440B0F0003004BE49930072770001A7
:2010C00010CE4F810500042A07440CEDFFFF0400F1170500111BFF0500D9B50500E77F11A2
:2010E0000525EFA402402488F90C75F400FD89F5C52C89F4DE6DF455356DF54883545EFF47
:201100007C607F1214853C2260743C5C74E92399348535887830030800FB050A6D8F29E6A8
:201120009D350E48FF0103CCDBFDF4AC11FF91F4EFB9A5F9E9A7FF832C5E2CBE97F2D2FF85
:2011400003B0208BD28915D0FF8E1C742430ED8FC2FF4563765C15525ABFFF9A32636DEBC3
:201160002A6549779C80DC33595000A08711F48FE176AF4D407CAF0756332E31F9547E8D8C
:2011800064A0204D4F544FF95260AA60BF300102030405FF060708090A0B0C0D870E0FB793
:2011A00091348DF29340937158CCA0708779738A887F14B0320206FB00E891F03001060043
:2011C000E4280030BA718C417800F09C01300C20F0001B8E0F23712F307A915F5072659FAF
:2011E0006D69756D5F7B1DA7D2301B750F003007008D5155319897E70700455C20927F0965
:201200000106026F0A08051225B107179C135B03199FF01A2001B3F801BF1FCD03053F09A2
:2012200003131634A2C107009DAA0002000801AB2201BF03F86001B8BF80003101BF1305A9
:2012400034110913DD880EE00DC1018F02F80BD1031F06376F0CF1CFC303001BCD71DF30DE
:20126000A5F1A704000CD031D571AC6B3307BEE0B0C14D04000FB244257371050EF2E23103
:20128000458505CD32FAB3F97429B03CCB0500ECBCA4BF060BFF03FF001428B1FF1502BDA4
:2012A0003CCB72685600200031B4FF5E00204368617261FB6374A2107374696320AB310063
:2012C000010C32010D33021D34C2032D35043D054F014CFEA44F06B116EF05000145803F7B
:2012E00008B19205FEF6324F414420537461FF72742F52657365742AC96F1003F9A0013303
:20130000C077DC92AC3F1BD9A446F08951014689B2C2DF2F870020E70030EF0070417F0D59
:2013200090B2B2B305904EFF40311FF0D53D527F1E0000F0D3CB0255E2C90360A456A1FF16
:2013400027D125706E05FF00D1B3050087B705FF0074E81D110EB0ECFF6CC56DB77FA20C0E
:20136000027F8E0100D0072B0BE6D17EDA9F3015EB0400814998F3DE3C517206FFFF727056
:2013800002015B080200050A07603E0CFD31FF0100FF0200200A021F0810021008FFB0FFCB
:2013A000F000000081C30400DDB80500E1BC05000200000010000000020000001000000095
:2013C00002000000AC750000FC0E0600107A0020B013060040040020B813060050040020BE
:2013E000C01306006004002007699600100020005A7F8E0880F099232E13C6FD6A895CC4A8
:20140000ACFA3278273BA15C05DFD265504DF52501002000E30466F6B8470C1F29070B176B
:20142000F1E2D3E94D445E3F608087FDC711E4382BB538B6220046003044022029BE5E394D
:20144000D9DB47AE0B958E8D134FB1CE08CC7BE2F410F4855CCA233F168AC65302207FFDBA
:1E146000A328CC3EC544B6A90CFEEFBFAE4C95D16AC75EE2484F855869E5FAC02FB746
:020000044E02AA
:20000000FFFFFFFF000000000000000000000000FFFFFFFFFFFFFFFFAAAAAAAA0F00000035
:20002000FFFFFFFFFFFFFFFF00000000FFFFFFFF00000000000000000000000000000000CC
:200040000000000000000000000000000000000000000000000000000000000000000000A0
:20006000000000000000000000000000000000000000000000000000000000000000000080
:20008000000000000000000000000000000000000000000000000000000000000000000060
:2000A000000000000000000000000000000000000000000000000000000000000000000040
:2000C000000000000000000000000000000000000000000000000000000000000000000020
:2000E000000000000000000000000000000000000000000000000000000000000000000000
:200100000000000000000000000000000000000000000000000000000000000000000000DF
:200120000000000000000000000000000000000000000000000000000000000000000000BF
:2001400000000000000000000000000000000000000000000000000000000000000000009F
:2001600000000000000000000000000000000000000000000000000000000000000000007F
:2001800000000000000000000000000000000000000000000000000000000000000000005F
:2001A00000000000000000000000000000000000000000000000000000000000000000003F
:2001C00000000000000000000000000000000000000000000000000000000000000000001F
:2001E0000000000000000000000000000000000000000000000000000000000000000000FF
:200200000000000000000000000000000000000000000000000000000000000000000000DE
:200220000000000000000000000000000000000000000000000000000000000000000000BE
:2002400000000000000000000000000000000000000000000000000000000000000000009E
:2002600000000000000000000000000000000000000000000000000000000000000000007E
:2002800000000000000000000000000000000000000000000000000000000000000000005E
:2002A00000000000000000000000000000000000000000000000000000000000000000003E
:2002C00000000000000000000000000000000000000000000000000000000000000000001E
:2002E0000000000000000000000000000000000000000000000000000000000000000000FE
:200300000000000000000000000000000000000000000000000000000000000000000000DD
:200320000000000000000000000000000000000000000000000000000000000000000000BD
:2003400000000000000000000000000000000000000000000000000000000000000000009D
:2003600000000000000000000000000000000000000000000000000000000000000000007D
:2003800000000000000000000000000000000000000000000000000000000000000000005D
:2003A00000000000000000000000000000000000000000000000000000000000000000003D
:2003C00000000000000000000000000000000000000000000000000000000000000000001D
:2003E0000000000000000000000000000000000000000000000000000000000000000000FD
:200400000000000000000000000000000000000000000000000000000000000000000000DC
:200420000000000000000000000000000000000000000000000000000000000000000000BC
:2004400000000000000000000000000000000000000000000000000000000000000000009C
:2004600000000000000000000000000000000000000000000000000000000000000000007C
:2004800000000000000000000000000000000000000000000000000000000000000000005C
:2004A00000000000000000000000000000000000000000000000000000000000000000003C
:2004C00000000000000000000000000000000000000000000000000000000000000000001C
:2004E0000000000000000000000000000000000000000000000000000000000000000000FC
:200500000000000000000000000000000000000000000000000000000000000000000000DB
:200520000000000000000000000000000000000000000000000000000000000000000000BB
:2005400000000000000000000000000000000000000000000000000000000000000000009B
:2005600000000000000000000000000000000000000000000000000000000000000000007B
:2005800000000000000000000000000000000000000000000000000000000000000000005B
:2005A00000000000000000000000000000000000000000000000000000000000000000003B
:2005C00000000000000000000000000000000000000000000000000000000000000000001B
:2005E0000000000000000000000000000000000000000000000000000000000000000000FB
:200600000000000000000000000000000000000000000000000000000000000000000000DA
:200620000000000000000000000000000000000000000000000000000000000000000000BA
:2006400000000000000000000000000000000000000000000000000000000000000000009A
:2006600000000000000000000000000000000000000000000000000000000000000000007A
:2006800000000000000000000000000000000000000000000000000000000000000000005A
:2006A00000000000000000000000000000000000000000000000000000000000000000003A
:2006C00000000000000000000000000000000000000000000000000000000000000000001A
:2006E0000000000000000000000000000000000000000000000000000000000000000000FA
:200700000000000000000000000000000000000000000000000000000000000000000000D9
:200720000000000000000000000000000000000000000000000000000000000000000000B9
:20074000000000000000000000000000000000000000000000000000000000000000000099
:20076000000000000000000000000000000000000000000000000000000000000000000079
:20078000000000000000000000000000000000000000000000000000000000000000000059
:2007A000000000000000000000000000000000000000000000000000000000000000000039
:2007C000000000000000000000000000000000005AA500000101020305080D156DD7E43686
:2007E000EBF431DF95AE15EE03BA8EE4C4C63FD8453F675E74D7C2012C9058E500000000A4
:00000001FF
